<?xml version="1.0" encoding="utf-8"?>
<System>
  <P Name="Location">[-7, -7, 1543, 937]</P>
  <Block BlockType="SubSystem" Name="Hex_Flange_Screw_M6_1_RIGID" SID="107">
    <PortCounts lconn="1"/>
    <P Name="Position">[325, 325, 365, 365]</P>
    <P Name="ZOrder">8</P>
    <Mask>
      <Display/>
    </Mask>
    <System Ref="system_107"/>
  </Block>
  <Block BlockType="SubSystem" Name="Hex_Flange_Screw_M6_2_RIGID" SID="108">
    <PortCounts lconn="1"/>
    <P Name="Position">[325, 265, 365, 305]</P>
    <P Name="ZOrder">9</P>
    <Mask>
      <Display/>
    </Mask>
    <System Ref="system_108"/>
  </Block>
  <Block BlockType="SubSystem" Name="Hex_Flange_Screw_M6_3_RIGID" SID="109">
    <PortCounts lconn="1"/>
    <P Name="Position">[325, 205, 365, 245]</P>
    <P Name="ZOrder">10</P>
    <Mask>
      <Display/>
    </Mask>
    <System Ref="system_109"/>
  </Block>
  <Block BlockType="SubSystem" Name="Hex_Flange_Screw_M6_4_RIGID" SID="110">
    <PortCounts lconn="1"/>
    <P Name="Position">[325, 145, 365, 185]</P>
    <P Name="ZOrder">11</P>
    <Mask>
      <Display/>
    </Mask>
    <System Ref="system_110"/>
  </Block>
  <Block BlockType="SubSystem" Name="Hex_Flange_Screw_M6_5_RIGID" SID="111">
    <PortCounts lconn="1"/>
    <P Name="Position">[325, 85, 365, 125]</P>
    <P Name="ZOrder">12</P>
    <Mask>
      <Display/>
    </Mask>
    <System Ref="system_111"/>
  </Block>
  <Block BlockType="SubSystem" Name="Hex_Flange_Screw_M6_6_RIGID" SID="112">
    <PortCounts lconn="1"/>
    <P Name="Position">[325, 20, 365, 60]</P>
    <P Name="ZOrder">13</P>
    <Mask>
      <Display/>
    </Mask>
    <System Ref="system_112"/>
  </Block>
  <Block BlockType="PMIOPort" Name="G" SID="1291">
    <P Name="Position">[20, 193, 50, 207]</P>
    <P Name="ZOrder">14</P>
    <P Name="Side">Left</P>
  </Block>
  <Line LineType="Connection">
    <P Name="ZOrder">28</P>
    <P Name="Points">[227, 105; 0, -65; 83, 0]</P>
    <P Name="Dst">112#lconn:1</P>
    <Branch ConnectType="SRC_SRC">
      <P Name="Dst">111#lconn:1</P>
    </Branch>
    <Branch ConnectType="SRC_DEST">
      <P Name="Points">[227, 165; 0, -60]</P>
      <Branch ConnectType="SRC_DEST">
        <P Name="Points">[227, 201; 0, -36]</P>
        <Branch ConnectType="SRC_DEST">
          <P Name="Src">1291#rconn:1</P>
          <P Name="Points">[123, 0; 0, 1; 39, 0]</P>
        </Branch>
        <Branch ConnectType="SRC_SRC">
          <P Name="Points">[0, 24]</P>
          <Branch ConnectType="DEST_SRC">
            <P Name="Points">[0, 60]</P>
            <Branch ConnectType="DEST_SRC">
              <P Name="Points">[0, 60]</P>
              <P Name="Dst">107#lconn:1</P>
            </Branch>
            <Branch ConnectType="DEST_SRC">
              <P Name="Dst">108#lconn:1</P>
            </Branch>
          </Branch>
          <Branch ConnectType="DEST_SRC">
            <P Name="Dst">109#lconn:1</P>
          </Branch>
        </Branch>
      </Branch>
      <Branch ConnectType="SRC_SRC">
        <P Name="Dst">110#lconn:1</P>
      </Branch>
    </Branch>
  </Line>
</System>
