<?xml version="1.0" encoding="utf-8"?>
<System>
  <P Name="Location">[-7, -7, 1543, 841]</P>
  <Block BlockType="SubSystem" Name="Hex_Screw_M5_1_RIGID" SID="904">
    <PortCounts lconn="1"/>
    <P Name="Position">[290, 225, 330, 265]</P>
    <P Name="ZOrder">3</P>
    <Mask>
      <Display/>
    </Mask>
    <System Ref="system_904"/>
  </Block>
  <Block BlockType="SubSystem" Name="Hex_Screw_M5_2_RIGID" SID="905">
    <PortCounts lconn="1"/>
    <P Name="Position">[290, 90, 330, 130]</P>
    <P Name="ZOrder">4</P>
    <Mask>
      <Display/>
    </Mask>
    <System Ref="system_905"/>
  </Block>
  <Block BlockType="SubSystem" Name="Hex_Screw_M5_3_RIGID" SID="906">
    <PortCounts lconn="1"/>
    <P Name="Position">[290, 160, 330, 200]</P>
    <P Name="ZOrder">5</P>
    <Mask>
      <Display/>
    </Mask>
    <System Ref="system_906"/>
  </Block>
  <Block BlockType="SubSystem" Name="Hex_Screw_M5_4_RIGID" SID="907">
    <PortCounts lconn="1"/>
    <P Name="Position">[290, 20, 330, 60]</P>
    <P Name="ZOrder">6</P>
    <Mask>
      <Display/>
    </Mask>
    <System Ref="system_907"/>
  </Block>
  <Block BlockType="PMIOPort" Name="G" SID="1948">
    <P Name="Position">[155, 138, 185, 152]</P>
    <P Name="ZOrder">7</P>
    <P Name="Side">Left</P>
  </Block>
  <Line LineType="Connection">
    <P Name="ZOrder">37</P>
    <P Name="Points">[230, 110; 45, 0]</P>
    <P Name="Dst">905#lconn:1</P>
    <Branch ConnectType="SRC_DEST">
      <P Name="Points">[230, 145; 0, -35]</P>
      <Branch ConnectType="SRC_DEST">
        <P Name="Src">1948#rconn:1</P>
        <P Name="Points">[30, 0]</P>
      </Branch>
      <Branch ConnectType="SRC_SRC">
        <P Name="Points">[0, 35]</P>
        <Branch ConnectType="DEST_SRC">
          <P Name="Points">[0, 65]</P>
          <P Name="Dst">904#lconn:1</P>
        </Branch>
        <Branch ConnectType="DEST_SRC">
          <P Name="Dst">906#lconn:1</P>
        </Branch>
      </Branch>
    </Branch>
    <Branch ConnectType="SRC_SRC">
      <P Name="Points">[0, -70]</P>
      <P Name="Dst">907#lconn:1</P>
    </Branch>
  </Line>
</System>
