<?xml version="1.0" encoding="utf-8"?>
<System>
  <P Name="Location">[-7, -7, 1543, 841]</P>
  <Block BlockType="SubSystem" Name="Hex_Screw_M5_1_RIGID" SID="699">
    <PortCounts lconn="1"/>
    <P Name="Position">[-170, 150, -130, 190]</P>
    <P Name="ZOrder">1</P>
    <Mask>
      <Display/>
    </Mask>
    <System Ref="system_699"/>
  </Block>
  <Block BlockType="SubSystem" Name="Hex_Screw_M5_2_RIGID" SID="700">
    <PortCounts lconn="1"/>
    <P Name="Position">[-170, 90, -130, 130]</P>
    <P Name="ZOrder">2</P>
    <Mask>
      <Display/>
    </Mask>
    <System Ref="system_700"/>
  </Block>
  <Block BlockType="SubSystem" Name="Hex_Screw_M5_3_RIGID" SID="701">
    <PortCounts lconn="1"/>
    <P Name="Position">[-170, 30, -130, 70]</P>
    <P Name="ZOrder">3</P>
    <Mask>
      <Display/>
    </Mask>
    <System Ref="system_701"/>
  </Block>
  <Block BlockType="SubSystem" Name="Hex_Screw_M5_4_RIGID" SID="702">
    <PortCounts lconn="1"/>
    <P Name="Position">[-10, 150, 30, 190]</P>
    <P Name="ZOrder">4</P>
    <Mask>
      <Display/>
    </Mask>
    <System Ref="system_702"/>
  </Block>
  <Block BlockType="SubSystem" Name="Hex_Screw_M5_5_RIGID" SID="703">
    <PortCounts lconn="1"/>
    <P Name="Position">[-10, 90, 30, 130]</P>
    <P Name="ZOrder">5</P>
    <Mask>
      <Display/>
    </Mask>
    <System Ref="system_703"/>
  </Block>
  <Block BlockType="SubSystem" Name="Hex_Screw_M5_6_RIGID" SID="704">
    <PortCounts lconn="1"/>
    <P Name="Position">[-10, 30, 30, 70]</P>
    <P Name="ZOrder">6</P>
    <Mask>
      <Display/>
    </Mask>
    <System Ref="system_704"/>
  </Block>
  <Block BlockType="SubSystem" Name="Hex_Screw_M5_7_RIGID" SID="705">
    <PortCounts lconn="1"/>
    <P Name="Position">[180, 150, 220, 190]</P>
    <P Name="ZOrder">7</P>
    <Mask>
      <Display/>
    </Mask>
    <System Ref="system_705"/>
  </Block>
  <Block BlockType="SubSystem" Name="Hex_Screw_M5_8_RIGID" SID="706">
    <PortCounts lconn="1"/>
    <P Name="Position">[180, 90, 220, 130]</P>
    <P Name="ZOrder">8</P>
    <Mask>
      <Display/>
    </Mask>
    <System Ref="system_706"/>
  </Block>
  <Block BlockType="SubSystem" Name="Hex_Screw_M5_9_RIGID" SID="707">
    <PortCounts lconn="1"/>
    <P Name="Position">[180, 30, 220, 70]</P>
    <P Name="ZOrder">9</P>
    <Mask>
      <Display/>
    </Mask>
    <System Ref="system_707"/>
  </Block>
  <Block BlockType="PMIOPort" Name="G" SID="1329">
    <P Name="Position">[-295, 128, -265, 142]</P>
    <P Name="ZOrder">10</P>
    <P Name="Side">Right</P>
  </Block>
  <Line LineType="Connection">
    <P Name="ZOrder">1</P>
    <P Name="Points">[-245, 110; 60, 0]</P>
    <P Name="Dst">700#lconn:1</P>
    <Branch ConnectType="SRC_DEST">
      <P Name="Points">[-245, 135; 0, -25]</P>
      <Branch ConnectType="SRC_DEST">
        <P Name="Points">[-245, 170; 0, -35]</P>
        <Branch ConnectType="SRC_SRC">
          <P Name="Points">[0, 53; 175, 0]</P>
          <Branch ConnectType="DEST_SRC">
            <P Name="Points">[0, -53]</P>
            <Branch ConnectType="DEST_SRC">
              <P Name="Points">[0, -60]</P>
              <Branch ConnectType="DEST_SRC">
                <P Name="Points">[0, -60]</P>
                <P Name="Dst">704#lconn:1</P>
              </Branch>
              <Branch ConnectType="DEST_SRC">
                <P Name="Dst">703#lconn:1</P>
              </Branch>
            </Branch>
            <Branch ConnectType="DEST_SRC">
              <P Name="Dst">702#lconn:1</P>
            </Branch>
          </Branch>
          <Branch ConnectType="DEST_SRC">
            <P Name="Points">[175, 0; 0, -53]</P>
            <Branch ConnectType="DEST_SRC">
              <P Name="Points">[0, -60]</P>
              <Branch ConnectType="DEST_SRC">
                <P Name="Points">[0, -60]</P>
                <P Name="Dst">707#lconn:1</P>
              </Branch>
              <Branch ConnectType="DEST_SRC">
                <P Name="Dst">706#lconn:1</P>
              </Branch>
            </Branch>
            <Branch ConnectType="DEST_SRC">
              <P Name="Dst">705#lconn:1</P>
            </Branch>
          </Branch>
        </Branch>
        <Branch ConnectType="SRC_DEST">
          <P Name="Src">699#lconn:1</P>
          <P Name="Points">[-60, 0]</P>
        </Branch>
      </Branch>
      <Branch ConnectType="SRC_SRC">
        <P Name="Dst">1329#rconn:1</P>
      </Branch>
    </Branch>
    <Branch ConnectType="SRC_SRC">
      <P Name="Points">[0, -60]</P>
      <P Name="Dst">701#lconn:1</P>
    </Branch>
  </Line>
</System>
