<?xml version="1.0" encoding="utf-8"?>
<System>
  <P Name="Location">[21, 14, 874, 552]</P>
  <P Name="ZoomFactor">80</P>
  <Block BlockType="SubSystem" Name="Oval_Head_M4_2_RIGID" SID="278">
    <PortCounts lconn="1"/>
    <P Name="Position">[195, 320, 235, 360]</P>
    <P Name="ZOrder">18</P>
    <Mask>
      <Display/>
    </Mask>
    <System Ref="system_278"/>
  </Block>
  <Block BlockType="SubSystem" Name="Oval_Head_M4_3_RIGID" SID="279">
    <PortCounts lconn="1"/>
    <P Name="Position">[195, 260, 235, 300]</P>
    <P Name="ZOrder">19</P>
    <Mask>
      <Display/>
    </Mask>
    <System Ref="system_279"/>
  </Block>
  <Block BlockType="SubSystem" Name="Oval_Head_M4_4_RIGID" SID="280">
    <PortCounts lconn="1"/>
    <P Name="Position">[195, 200, 235, 240]</P>
    <P Name="ZOrder">20</P>
    <Mask>
      <Display/>
    </Mask>
    <System Ref="system_280"/>
  </Block>
  <Block BlockType="SubSystem" Name="Oval_Head_M4_5_RIGID" SID="281">
    <PortCounts lconn="1"/>
    <P Name="Position">[195, 140, 235, 180]</P>
    <P Name="ZOrder">21</P>
    <Mask>
      <Display/>
    </Mask>
    <System Ref="system_281"/>
  </Block>
  <Block BlockType="SubSystem" Name="Oval_Head_M4_7_RIGID" SID="283">
    <PortCounts lconn="1"/>
    <P Name="Position">[195, 80, 235, 120]</P>
    <P Name="ZOrder">23</P>
    <Mask>
      <Display/>
    </Mask>
    <System Ref="system_283"/>
  </Block>
  <Block BlockType="SubSystem" Name="Oval_Head_M4_9_RIGID" SID="285">
    <PortCounts lconn="1"/>
    <P Name="Position">[195, 20, 235, 60]</P>
    <P Name="ZOrder">25</P>
    <Mask>
      <Display/>
    </Mask>
    <System Ref="system_285"/>
  </Block>
  <Block BlockType="PMIOPort" Name="G" SID="1270">
    <P Name="Position">[20, 183, 50, 197]</P>
    <P Name="ZOrder">26</P>
    <P Name="Side">Left</P>
  </Block>
  <Line LineType="Connection">
    <P Name="ZOrder">24</P>
    <P Name="Points">[120, 100; 0, -60; 60, 0]</P>
    <P Name="Dst">285#lconn:1</P>
    <Branch ConnectType="SRC_SRC">
      <P Name="Dst">283#lconn:1</P>
    </Branch>
    <Branch ConnectType="SRC_DEST">
      <P Name="Points">[120, 160; 0, -60]</P>
      <Branch ConnectType="SRC_DEST">
        <P Name="Points">[120, 191; 0, -31]</P>
        <Branch ConnectType="SRC_DEST">
          <P Name="Src">1270#rconn:1</P>
          <P Name="Points">[28, 0; 0, 1; 27, 0]</P>
        </Branch>
        <Branch ConnectType="SRC_SRC">
          <P Name="Points">[0, 29]</P>
          <Branch ConnectType="DEST_SRC">
            <P Name="Points">[0, 60]</P>
            <Branch ConnectType="DEST_SRC">
              <P Name="Points">[0, 60]</P>
              <P Name="Dst">278#lconn:1</P>
            </Branch>
            <Branch ConnectType="DEST_SRC">
              <P Name="Dst">279#lconn:1</P>
            </Branch>
          </Branch>
          <Branch ConnectType="DEST_SRC">
            <P Name="Dst">280#lconn:1</P>
          </Branch>
        </Branch>
      </Branch>
      <Branch ConnectType="SRC_SRC">
        <P Name="Dst">281#lconn:1</P>
      </Branch>
    </Branch>
  </Line>
</System>
