<?xml version="1.0" encoding="utf-8"?>
<System>
  <P Name="Location">[12, 59, 996, 570]</P>
  <Block BlockType="Reference" Name="Electrical Reference1" SID="1924:1251">
    <PortCounts lconn="1"/>
    <P Name="Position">[160, 155, 180, 175]</P>
    <P Name="ZOrder">-1</P>
    <P Name="BlockRotation">270</P>
    <P Name="BlockMirror">on</P>
    <P Name="NameLocation">right</P>
    <P Name="ShowName">off</P>
    <P Name="LibraryVersion">10007000.1</P>
    <P Name="SourceBlock">fl_lib/Electrical/Electrical Elements/Electrical Reference</P>
    <P Name="SourceType">Electrical Reference</P>
    <InstanceData>
      <P Name="LogSimulationData">off</P>
      <P Name="SourceFile">foundation.electrical.elements.reference</P>
      <P Name="InternalSimscapePortConfiguration">{&quot;Bottom&quot;:[],&quot;Left&quot;:[{&quot;id&quot;:&quot;V&quot;,&quot;label&quot;:&quot;&quot;,&quot;type&quot;:&quot;foundation.electrical.electrical&quot;}],&quot;Right&quot;:[],&quot;Top&quot;:[]}</P>
      <P Name="SscBlockScalableBuild">off</P>
      <P Name="ComponentPath">foundation.electrical.elements.reference</P>
      <P Name="ComponentVariants">foundation.electrical.elements.reference</P>
      <P Name="ComponentVariantNames">reference</P>
      <P Name="ClassName">reference_electrical</P>
      <P Name="SchemaVersion">1</P>
    </InstanceData>
  </Block>
  <Block BlockType="Reference" Name="PS-Simulink&#xA;Converter 2" SID="1924:1252">
    <PortCounts out="1" lconn="1"/>
    <P Name="Position">[130, 202, 145, 218]</P>
    <P Name="ZOrder">-2</P>
    <P Name="ShowName">off</P>
    <P Name="LibraryVersion">7.0</P>
    <P Name="FontSize">9</P>
    <P Name="SourceBlock">nesl_utility/PS-Simulink
Converter</P>
    <P Name="SourceType">PS-Simulink
Converter</P>
    <InstanceData>
      <P Name="RTWMemSecFuncInitTerm">Inherit from model</P>
      <P Name="RTWMemSecFuncExecute">Inherit from model</P>
      <P Name="RTWMemSecDataConstants">Inherit from model</P>
      <P Name="RTWMemSecDataInternal">Inherit from model</P>
      <P Name="RTWMemSecDataParameters">Inherit from model</P>
      <P Name="ContentPreviewEnabled">off</P>
      <P Name="PhysicalDomain">network_engine_domain</P>
      <P Name="SubClassName">ps_output</P>
      <P Name="LeftPortType">input</P>
      <P Name="RightPortType">output</P>
      <P Name="PseudoPeriodic">off</P>
      <P Name="Frequencies">[]</P>
      <P Name="VectorFormat">1-D array</P>
      <P Name="Unit">V</P>
      <P Name="AffineConversion">off</P>
    </InstanceData>
  </Block>
  <Block BlockType="Gain" Name="V2logic" SID="1924:1253">
    <P Name="Position">[180, 184, 230, 236]</P>
    <P Name="ZOrder">-3</P>
    <P Name="Gain">0.2</P>
  </Block>
  <Block BlockType="Reference" Name="Voltage Sensor" SID="1924:1254">
    <PortCounts lconn="1" rconn="2"/>
    <P Name="Position">[140, 70, 180, 110]</P>
    <P Name="ZOrder">-4</P>
    <P Name="BlockRotation">270</P>
    <P Name="BlockMirror">on</P>
    <P Name="NameLocation">right</P>
    <P Name="LibraryVersion">10007000.1</P>
    <P Name="SourceBlock">fl_lib/Electrical/Electrical Sensors/Voltage Sensor</P>
    <P Name="SourceType">Voltage Sensor</P>
    <InstanceData>
      <P Name="LogSimulationData">off</P>
      <P Name="SourceFile">foundation.electrical.sensors.voltage</P>
      <P Name="InternalSimscapePortConfiguration">{&quot;Bottom&quot;:[],&quot;Left&quot;:[{&quot;id&quot;:&quot;p&quot;,&quot;label&quot;:&quot;+&quot;,&quot;type&quot;:&quot;foundation.electrical.electrical&quot;}],&quot;Right&quot;:[{&quot;id&quot;:&quot;V&quot;,&quot;label&quot;:&quot;V&quot;,&quot;type&quot;:&quot;output&quot;},{&quot;id&quot;:&quot;n&quot;,&quot;label&quot;:&quot;-&quot;,&quot;type&quot;:&quot;foundation.electrical.electrical&quot;}],&quot;Top&quot;:[]}</P>
      <P Name="SscBlockScalableBuild">off</P>
      <P Name="ComponentPath">foundation.electrical.sensors.voltage</P>
      <P Name="ComponentVariants">foundation.electrical.sensors.voltage</P>
      <P Name="ComponentVariantNames">voltage</P>
      <P Name="ClassName">sensor_voltage</P>
      <P Name="SchemaVersion">1</P>
    </InstanceData>
  </Block>
  <Block BlockType="PMIOPort" Name="V" SID="1924:1255">
    <P Name="Position">[145, 30, 175, 45]</P>
    <P Name="ZOrder">-5</P>
    <P Name="BlockRotation">270</P>
    <P Name="BlockMirror">on</P>
    <P Name="NameLocation">right</P>
    <P Name="Side">Left</P>
  </Block>
  <Block BlockType="Outport" Name="SL" SID="1924:1256">
    <P Name="Position">[260, 203, 290, 217]</P>
    <P Name="ZOrder">-6</P>
    <P Name="VectorParamsAs1DForOutWhenUnconnected">off</P>
  </Block>
  <Line>
    <P Name="ZOrder">1</P>
    <P Name="Src">1924:1253#out:1</P>
    <P Name="Dst">1924:1256#in:1</P>
  </Line>
  <Line>
    <P Name="ZOrder">2</P>
    <P Name="Src">1924:1252#out:1</P>
    <P Name="Dst">1924:1253#in:1</P>
  </Line>
  <Line LineType="Connection">
    <P Name="ZOrder">3</P>
    <P Name="Src">1924:1254#rconn:1</P>
    <P Name="Points">[0, 20; -35, 0]</P>
    <P Name="Dst">1924:1252#lconn:1</P>
  </Line>
  <Line LineType="Connection">
    <P Name="ZOrder">4</P>
    <P Name="Src">1924:1255#rconn:1</P>
    <P Name="Dst">1924:1254#lconn:1</P>
  </Line>
  <Line LineType="Connection">
    <P Name="ZOrder">5</P>
    <P Name="Src">1924:1254#rconn:2</P>
    <P Name="Dst">1924:1251#lconn:1</P>
  </Line>
</System>
