<?xml version="1.0" encoding="utf-8"?>
<System>
  <P Name="Location">[21, 14, 874, 552]</P>
  <Block BlockType="SubSystem" Name="Hex_Bolt_M10_3_RIGID" SID="424">
    <PortCounts lconn="1"/>
    <P Name="Position">[185, 260, 225, 300]</P>
    <P Name="ZOrder">6</P>
    <Mask>
      <Display/>
    </Mask>
    <System Ref="system_424"/>
  </Block>
  <Block BlockType="SubSystem" Name="Hex_Flange_Nut_M10_1_RIGID" SID="425">
    <PortCounts lconn="1"/>
    <P Name="Position">[185, 195, 225, 235]</P>
    <P Name="ZOrder">7</P>
    <Mask>
      <Display/>
    </Mask>
    <System Ref="system_425"/>
  </Block>
  <Block BlockType="SubSystem" Name="Washer_2_RIGID" SID="446">
    <PortCounts lconn="1"/>
    <P Name="Position">[185, 130, 225, 170]</P>
    <P Name="ZOrder">28</P>
    <Mask>
      <Display/>
    </Mask>
    <System Ref="system_446"/>
  </Block>
  <Block BlockType="SubSystem" Name="Washer_4_RIGID" SID="448">
    <PortCounts lconn="1"/>
    <P Name="Position">[185, 65, 225, 105]</P>
    <P Name="ZOrder">30</P>
    <Mask>
      <Display/>
    </Mask>
    <System Ref="system_448"/>
  </Block>
  <Block BlockType="PMIOPort" Name="B" SID="1247">
    <P Name="Position">[20, 143, 50, 157]</P>
    <P Name="ZOrder">31</P>
    <P Name="Side">Left</P>
  </Block>
  <Line LineType="Connection">
    <P Name="ZOrder">42</P>
    <P Name="Points">[102, 150; 0, -65; 68, 0]</P>
    <P Name="Dst">448#lconn:1</P>
    <Branch ConnectType="SRC_DEST">
      <P Name="Src">1247#rconn:1</P>
      <P Name="Points">[37, 0]</P>
    </Branch>
    <Branch ConnectType="SRC_SRC">
      <P Name="Dst">446#lconn:1</P>
    </Branch>
    <Branch ConnectType="SRC_SRC">
      <P Name="Points">[0, 65]</P>
      <Branch ConnectType="DEST_SRC">
        <P Name="Dst">425#lconn:1</P>
      </Branch>
      <Branch ConnectType="DEST_SRC">
        <P Name="Points">[0, 65]</P>
        <P Name="Dst">424#lconn:1</P>
      </Branch>
    </Branch>
  </Line>
</System>
