<?xml version="1.0" encoding="utf-8"?>
<System>
  <P Name="Location">[-1, -8, 1921, 1041]</P>
  <P Name="ZoomFactor">97</P>
  <P Name="SIDHighWatermark">1455</P>
  <P Name="SIDPrevWatermark">1315</P>
  <Block BlockType="Inport" Name="Err" SID="2346:871">
    <P Name="Position">[-180, 58, -150, 72]</P>
    <P Name="ZOrder">11625</P>
  </Block>
  <Block BlockType="Reference" Name="Bearing Friction" SID="2346:1310">
    <PortCounts lconn="1" rconn="1"/>
    <P Name="Position">[375, -109, 415, -81]</P>
    <P Name="ZOrder">11634</P>
    <P Name="NameLocation">top</P>
    <P Name="HideAutomaticName">off</P>
    <P Name="LibraryVersion">10007000.1</P>
    <P Name="SourceBlock">sdl_lib/Couplings &amp; Drives/Springs &amp; Dampers/Rotational Damper</P>
    <P Name="SourceType">Rotational Damper</P>
    <InstanceData>
      <P Name="LogSimulationData">off</P>
      <P Name="SourceFile">sdl.couplings.springs.rot_damper</P>
      <P Name="InternalSimscapePortConfiguration">{&quot;Bottom&quot;:[],&quot;Left&quot;:[{&quot;id&quot;:&quot;R&quot;,&quot;label&quot;:&quot;R&quot;,&quot;type&quot;:&quot;foundation.mechanical.rotational.rotational&quot;}],&quot;Right&quot;:[{&quot;id&quot;:&quot;C&quot;,&quot;label&quot;:&quot;C&quot;,&quot;type&quot;:&quot;foundation.mechanical.rotational.rotational&quot;}],&quot;Top&quot;:[]}</P>
      <P Name="SscBlockScalableBuild">off</P>
      <P Name="ComponentPath">sdl.couplings.springs.rot_damper</P>
      <P Name="ComponentVariants">[&quot;sdl.couplings.springs.rot_damper&quot;]</P>
      <P Name="ComponentVariantNames">[&quot;rot_damper&quot;]</P>
      <P Name="ClassName">rot_damper</P>
      <P Name="SchemaVersion">1</P>
      <P Name="D">motor_friction</P>
      <P Name="D_unit">N*m/(rad/s)</P>
      <P Name="D_conf">runtime</P>
      <P Name="enable_faults">0</P>
      <P Name="enable_faults_unit">1</P>
      <P Name="enable_faults_conf">compiletime</P>
      <P Name="b_fault">100</P>
      <P Name="b_fault_unit">N*m/(rad/s)</P>
      <P Name="b_fault_conf">compiletime</P>
      <P Name="temporal_fault">0</P>
      <P Name="temporal_fault_unit">1</P>
      <P Name="temporal_fault_conf">compiletime</P>
      <P Name="fault_time">5</P>
      <P Name="fault_time_unit">s</P>
      <P Name="fault_time_conf">compiletime</P>
      <P Name="shock_fault">0</P>
      <P Name="shock_fault_unit">1</P>
      <P Name="shock_fault_conf">compiletime</P>
      <P Name="acceleration_limit">100</P>
      <P Name="acceleration_limit_unit">rad/s^2</P>
      <P Name="acceleration_limit_conf">compiletime</P>
      <P Name="shock_limit">1</P>
      <P Name="shock_limit_unit">1</P>
      <P Name="shock_limit_conf">compiletime</P>
      <P Name="report_fault">(1)-1</P>
      <P Name="report_fault_unit">1</P>
      <P Name="report_fault_conf">compiletime</P>
      <P Name="thermal_port">simscape.enum.thermaleffects.omit</P>
      <P Name="thermal_port_unit">1</P>
      <P Name="thermal_port_conf">compiletime</P>
      <P Name="thermal_mass">50</P>
      <P Name="thermal_mass_unit">kJ/K</P>
      <P Name="thermal_mass_conf">compiletime</P>
      <P Name="temperature_specify">off</P>
      <P Name="temperature_priority">High</P>
      <P Name="temperature">300</P>
      <P Name="temperature_unit">K</P>
      <P Name="temperature_nominal_specify">off</P>
      <P Name="temperature_nominal_unit">K</P>
      <P Name="temperature_nominal_value">1</P>
    </InstanceData>
  </Block>
  <Block BlockType="SubSystem" Name="Control" SID="2346:1039">
    <PortCounts in="1" lconn="2" rconn="2"/>
    <P Name="Position">[-100, 49, 85, 131]</P>
    <P Name="ZOrder">11631</P>
    <P Name="AttributesFormatString">%&lt;ActiveVariant&gt;</P>
    <P Name="Variant">on</P>
    <P Name="VariantControlMode">label</P>
    <P Name="VariantControl">Simulink</P>
    <P Name="LabelModeActiveChoice">Simulink</P>
    <Mask>
      <Display IconOpaque="opaque-with-ports" RunInitForIconRedraw="off" IconRotate="port" PortRotate="physical">blk = sm_aileron_activeVariantBlock(gcb);
eval(get_param(blk, &apos;MaskDisplay&apos;));</Display>
    </Mask>
    <System Ref="system_2346_1039"/>
  </Block>
  <Block BlockType="SubSystem" Name="Current&#xA;Sensor" SID="2346:1204">
    <PortCounts lconn="2" rconn="1"/>
    <P Name="Position">[301, -5, 334, 15]</P>
    <P Name="ZOrder">11614</P>
    <P Name="BlockRotation">270</P>
    <P Name="BlockMirror">on</P>
    <P Name="NameLocation">left</P>
    <System Ref="system_2346_1204"/>
  </Block>
  <Block BlockType="Reference" Name="DC Motor" SID="2346:1212">
    <PortCounts lconn="2" rconn="2"/>
    <P Name="Position">[370, -85, 420, -5]</P>
    <P Name="ZOrder">11607</P>
    <P Name="BlockRotation">180</P>
    <P Name="BlockMirror">on</P>
    <P Name="HideAutomaticName">off</P>
    <P Name="LibraryVersion">10007000.3</P>
    <P Name="SourceBlock">ee_lib/Electromechanical/Brushed Motors/DC Motor</P>
    <P Name="SourceType">DC Motor</P>
    <InstanceData>
      <P Name="LogSimulationData">off</P>
      <P Name="SourceFile">ee.electromech.brushed.dc_motor</P>
      <P Name="InternalSimscapePortConfiguration">{&quot;Bottom&quot;:[],&quot;Left&quot;:[{&quot;id&quot;:&quot;p&quot;,&quot;label&quot;:&quot;+&quot;,&quot;type&quot;:&quot;foundation.electrical.electrical&quot;},{&quot;id&quot;:&quot;R&quot;,&quot;label&quot;:&quot;R&quot;,&quot;type&quot;:&quot;foundation.mechanical.rotational.rotational&quot;}],&quot;Right&quot;:[{&quot;id&quot;:&quot;n&quot;,&quot;label&quot;:&quot;-&quot;,&quot;type&quot;:&quot;foundation.electrical.electrical&quot;},{&quot;id&quot;:&quot;C&quot;,&quot;label&quot;:&quot;C&quot;,&quot;type&quot;:&quot;foundation.mechanical.rotational.rotational&quot;}],&quot;Top&quot;:[]}</P>
      <P Name="SscBlockScalableBuild">off</P>
      <P Name="ComponentPath">ee.electromech.brushed.dc_motor</P>
      <P Name="ComponentVariants">[&quot;ee.electromech.brushed.dc_motor&quot;,&quot;ee.electromech.brushed.dc_motor_thermal&quot;]</P>
      <P Name="ComponentVariantNames">[&quot;physmod:ee:library:comments:electromech:brushed:dc_motor_sscx:noThermalPort&quot;,&quot;physmod:ee:library:comments:electromech:brushed:dc_motor_sscx:showThermalPort&quot;]</P>
      <P Name="ClassName">Simscape variant</P>
      <P Name="SchemaVersion">1</P>
      <P Name="field_option">ee.enum.field_option.pm</P>
      <P Name="field_option_unit">1</P>
      <P Name="field_option_conf">compiletime</P>
      <P Name="Rf">100</P>
      <P Name="Rf_unit">Ohm</P>
      <P Name="Rf_conf">compiletime</P>
      <P Name="Lf">1</P>
      <P Name="Lf_unit">H</P>
      <P Name="Lf_conf">compiletime</P>
      <P Name="Laf">0.15</P>
      <P Name="Laf_unit">H</P>
      <P Name="Laf_conf">compiletime</P>
      <P Name="If0">0</P>
      <P Name="If0_unit">A</P>
      <P Name="If0_conf">compiletime</P>
      <P Name="parameterization">1</P>
      <P Name="parameterization_unit">1</P>
      <P Name="parameterization_conf">compiletime</P>
      <P Name="Ra">3.9</P>
      <P Name="Ra_unit">Ohm</P>
      <P Name="Ra_conf">compiletime</P>
      <P Name="La">12e-6</P>
      <P Name="La_unit">H</P>
      <P Name="La_conf">compiletime</P>
      <P Name="emf_or_torque">1</P>
      <P Name="emf_or_torque_unit">1</P>
      <P Name="emf_or_torque_conf">compiletime</P>
      <P Name="Kv">AAC_Param.Act.El.motk</P>
      <P Name="Kv_unit">V/rpm</P>
      <P Name="Kv_conf">compiletime</P>
      <P Name="Ki">6.876e-4</P>
      <P Name="Ki_unit">N*m/A</P>
      <P Name="Ki_conf">compiletime</P>
      <P Name="T_stall">0.24e-3</P>
      <P Name="T_stall_unit">N*m</P>
      <P Name="T_stall_conf">compiletime</P>
      <P Name="w_max">19100</P>
      <P Name="w_max_unit">rpm</P>
      <P Name="w_max_conf">compiletime</P>
      <P Name="w_rated">15000</P>
      <P Name="w_rated_unit">rpm</P>
      <P Name="w_rated_conf">compiletime</P>
      <P Name="P_rated">0.08</P>
      <P Name="P_rated_unit">W</P>
      <P Name="P_rated_conf">compiletime</P>
      <P Name="V_rated">1.5</P>
      <P Name="V_rated_unit">V</P>
      <P Name="V_rated_conf">compiletime</P>
      <P Name="lam_param">1</P>
      <P Name="lam_param_unit">1</P>
      <P Name="lam_param_conf">compiletime</P>
      <P Name="i_noload">0</P>
      <P Name="i_noload_unit">A</P>
      <P Name="i_noload_conf">compiletime</P>
      <P Name="V_i_noload">1.5</P>
      <P Name="V_i_noload_unit">V</P>
      <P Name="V_i_noload_conf">compiletime</P>
      <P Name="J">0.01</P>
      <P Name="J_unit">g*cm^2</P>
      <P Name="J_conf">compiletime</P>
      <P Name="lam">0</P>
      <P Name="lam_unit">N*m/(rad/s)</P>
      <P Name="lam_conf">compiletime</P>
      <P Name="speed0">0</P>
      <P Name="speed0_unit">rpm</P>
      <P Name="speed0_conf">compiletime</P>
      <P Name="enable_fault_armature">simscape.enum.onoff.off</P>
      <P Name="enable_fault_armature_unit">1</P>
      <P Name="enable_fault_armature_conf">compiletime</P>
      <P Name="rev_faulted">1 / 3</P>
      <P Name="rev_faulted_unit">1</P>
      <P Name="rev_faulted_conf">compiletime</P>
      <P Name="G_faulted_armature">1e-5</P>
      <P Name="G_faulted_armature_unit">S</P>
      <P Name="G_faulted_armature_conf">compiletime</P>
      <P Name="fault_trigger_armature">ee.enum.faults.faultTrigger.temporal</P>
      <P Name="fault_trigger_armature_unit">1</P>
      <P Name="fault_trigger_armature_conf">compiletime</P>
      <P Name="t_fault_armature">1</P>
      <P Name="t_fault_armature_unit">s</P>
      <P Name="t_fault_armature_conf">compiletime</P>
      <P Name="max_permissible_current_armature">inf</P>
      <P Name="max_permissible_current_armature_unit">A</P>
      <P Name="max_permissible_current_armature_conf">compiletime</P>
      <P Name="t_fail_on_current_armature">1</P>
      <P Name="t_fail_on_current_armature_unit">s</P>
      <P Name="t_fail_on_current_armature_conf">compiletime</P>
      <P Name="enable_fault_field">simscape.enum.onoff.off</P>
      <P Name="enable_fault_field_unit">1</P>
      <P Name="enable_fault_field_conf">compiletime</P>
      <P Name="G_faulted_field">1e-5</P>
      <P Name="G_faulted_field_unit">S</P>
      <P Name="G_faulted_field_conf">compiletime</P>
      <P Name="fault_trigger_field">ee.enum.faults.faultTrigger.temporal</P>
      <P Name="fault_trigger_field_unit">1</P>
      <P Name="fault_trigger_field_conf">compiletime</P>
      <P Name="t_fault_field">1</P>
      <P Name="t_fault_field_unit">s</P>
      <P Name="t_fault_field_conf">compiletime</P>
      <P Name="max_permissible_current_field">inf</P>
      <P Name="max_permissible_current_field_unit">A</P>
      <P Name="max_permissible_current_field_conf">compiletime</P>
      <P Name="t_fail_on_current_field">1</P>
      <P Name="t_fail_on_current_field_unit">s</P>
      <P Name="t_fail_on_current_field_conf">compiletime</P>
      <P Name="fault_action">simscape.enum.assert.action.none</P>
      <P Name="fault_action_unit">1</P>
      <P Name="fault_action_conf">compiletime</P>
      <P Name="alpha">3.93e-3</P>
      <P Name="alpha_unit">1/K</P>
      <P Name="alpha_conf">compiletime</P>
      <P Name="Tmeas">25</P>
      <P Name="Tmeas_unit">degC</P>
      <P Name="Tmeas_conf">compiletime</P>
      <P Name="thermal_mass">100</P>
      <P Name="thermal_mass_unit">J/K</P>
      <P Name="thermal_mass_conf">compiletime</P>
      <P Name="initial_temperature">25</P>
      <P Name="initial_temperature_unit">degC</P>
      <P Name="initial_temperature_conf">compiletime</P>
    </InstanceData>
  </Block>
  <Block BlockType="Reference" Name="Electrical Reference1" SID="2346:1440">
    <PortCounts lconn="1"/>
    <P Name="Position">[225, 300, 245, 320]</P>
    <P Name="ZOrder">100000</P>
    <P Name="BlockRotation">270</P>
    <P Name="BlockMirror">on</P>
    <P Name="NameLocation">right</P>
    <P Name="LibraryVersion">10007000.1</P>
    <P Name="SourceBlock">fl_lib/Electrical/Electrical Elements/Electrical Reference</P>
    <P Name="SourceType">Electrical Reference</P>
    <InstanceData>
      <P Name="LogSimulationData">off</P>
      <P Name="SourceFile">foundation.electrical.elements.reference</P>
      <P Name="InternalSimscapePortConfiguration">{&quot;Bottom&quot;:[],&quot;Left&quot;:[{&quot;id&quot;:&quot;V&quot;,&quot;label&quot;:&quot;&quot;,&quot;type&quot;:&quot;foundation.electrical.electrical&quot;}],&quot;Right&quot;:[],&quot;Top&quot;:[]}</P>
      <P Name="SscBlockScalableBuild">off</P>
      <P Name="ComponentPath">foundation.electrical.elements.reference</P>
      <P Name="ComponentVariants">foundation.electrical.elements.reference</P>
      <P Name="ComponentVariantNames">reference</P>
      <P Name="ClassName">reference</P>
      <P Name="SchemaVersion">1</P>
    </InstanceData>
  </Block>
  <Block BlockType="SubSystem" Name="Fault Injector" SID="2346:1373">
    <PortCounts in="1" out="1" rconn="3"/>
    <P Name="Position">[575, 25, 705, 120]</P>
    <P Name="ZOrder">100000</P>
    <P Name="BlockMirror">on</P>
    <P Name="ContentPreviewEnabled">on</P>
    <PortProperties>
      <Port Type="out" Index="1">
        <P Name="PropagatedSignals">Switch Case</P>
      </Port>
    </PortProperties>
    <System Ref="system_2346_1373"/>
  </Block>
  <Block BlockType="Reference" Name="Force Error Command" SID="2346:1350">
    <PortCounts out="1"/>
    <P Name="Position">[760, 67, 790, 83]</P>
    <P Name="ZOrder">100000</P>
    <P Name="BlockMirror">on</P>
    <P Name="LibraryVersion">4.1</P>
    <P Name="SourceBlock">simulink/Sources/Repeating
Sequence</P>
    <P Name="SourceType">Repeating table</P>
    <InstanceData>
      <P Name="RTWMemSecFuncInitTerm">Inherit from model</P>
      <P Name="RTWMemSecFuncExecute">Inherit from model</P>
      <P Name="RTWMemSecDataConstants">Inherit from model</P>
      <P Name="RTWMemSecDataInternal">Inherit from model</P>
      <P Name="RTWMemSecDataParameters">Inherit from model</P>
      <P Name="ContentPreviewEnabled">off</P>
      <P Name="rep_seq_t">[0.0  4.0  6.0   8.0  10.0  12.0 14.0  16.0  18.0  20.0    22.0   24.0    26.0   28.0  30.0   32.0  34.0  36.0   38.0  40.0  42.0  44.0  46.0  48.0]</P>
      <P Name="rep_seq_y">[1.0  1.0  1.0  1.0  1.0  1.0  1.0  1.0 1.0  1.0  1.0  1.0  1.0  1.0  1.0   1.0  1.0  1.0  1.0  1.0  1.0  1.0  1.0  1.0]</P>
    </InstanceData>
    <PortProperties>
      <Port Type="out" Index="1">
        <P Name="Name">clock</P>
      </Port>
    </PortProperties>
  </Block>
  <Block BlockType="Reference" Name="Gear Box" SID="2346:1214">
    <PortCounts lconn="1" rconn="1"/>
    <P Name="Position">[205, -85, 245, -45]</P>
    <P Name="ZOrder">11608</P>
    <P Name="BlockMirror">on</P>
    <P Name="HideAutomaticName">off</P>
    <P Name="LibraryVersion">10007000.1</P>
    <P Name="SourceBlock">fl_lib/Mechanical/Mechanisms/Gear Box</P>
    <P Name="SourceType">Gear Box</P>
    <InstanceData>
      <P Name="LogSimulationData">off</P>
      <P Name="SourceFile">foundation.mechanical.mechanisms.gear_box</P>
      <P Name="InternalSimscapePortConfiguration">{&quot;Bottom&quot;:[],&quot;Left&quot;:[{&quot;id&quot;:&quot;S&quot;,&quot;label&quot;:&quot;S&quot;,&quot;type&quot;:&quot;foundation.mechanical.rotational.rotational&quot;}],&quot;Right&quot;:[{&quot;id&quot;:&quot;O&quot;,&quot;label&quot;:&quot;O&quot;,&quot;type&quot;:&quot;foundation.mechanical.rotational.rotational&quot;}],&quot;Top&quot;:[]}</P>
      <P Name="SscBlockScalableBuild">off</P>
      <P Name="ComponentPath">foundation.mechanical.mechanisms.gear_box</P>
      <P Name="ComponentVariants">foundation.mechanical.mechanisms.gear_box</P>
      <P Name="ComponentVariantNames">gear_box</P>
      <P Name="ClassName">gear_box</P>
      <P Name="SchemaVersion">1</P>
      <P Name="ratio">motor_gear_ratio</P>
      <P Name="ratio_unit">1</P>
      <P Name="ratio_conf">compiletime</P>
      <P Name="t_in_specify">off</P>
      <P Name="t_in_priority">None</P>
      <P Name="t_in">0</P>
      <P Name="t_in_unit">N*m</P>
      <P Name="t_in_nominal_specify">off</P>
      <P Name="t_in_nominal_unit">N*m</P>
      <P Name="t_in_nominal_value">1</P>
      <P Name="t_out_specify">off</P>
      <P Name="t_out_priority">None</P>
      <P Name="t_out">0</P>
      <P Name="t_out_unit">N*m</P>
      <P Name="t_out_nominal_specify">off</P>
      <P Name="t_out_nominal_unit">N*m</P>
      <P Name="t_out_nominal_value">1</P>
    </InstanceData>
  </Block>
  <Block BlockType="SubSystem" Name="Hall Effect Sensor" SID="2346:1215">
    <PortCounts lconn="1" rconn="1"/>
    <P Name="Position">[75, -27, 125, -3]</P>
    <P Name="ZOrder">11616</P>
    <P Name="BlockMirror">on</P>
    <System Ref="system_2346_1215"/>
  </Block>
  <Block BlockType="Reference" Name="Lead Screw" SID="2346:1282">
    <PortCounts lconn="1" rconn="1"/>
    <P Name="Position">[130, -85, 170, -45]</P>
    <P Name="ZOrder">11609</P>
    <P Name="BlockMirror">on</P>
    <P Name="LibraryVersion">10007000.1</P>
    <P Name="SourceBlock">fl_lib/Mechanical/Mechanisms/Wheel and Axle</P>
    <P Name="SourceType">Wheel and Axle</P>
    <InstanceData>
      <P Name="LogSimulationData">off</P>
      <P Name="SourceFile">foundation.mechanical.mechanisms.wheel_axle</P>
      <P Name="InternalSimscapePortConfiguration">{&quot;Bottom&quot;:[],&quot;Left&quot;:[{&quot;id&quot;:&quot;A&quot;,&quot;label&quot;:&quot;A&quot;,&quot;type&quot;:&quot;foundation.mechanical.rotational.rotational&quot;}],&quot;Right&quot;:[{&quot;id&quot;:&quot;P&quot;,&quot;label&quot;:&quot;P&quot;,&quot;type&quot;:&quot;foundation.mechanical.translational.translational&quot;}],&quot;Top&quot;:[]}</P>
      <P Name="SscBlockScalableBuild">off</P>
      <P Name="ComponentPath">foundation.mechanical.mechanisms.wheel_axle</P>
      <P Name="ComponentVariants">foundation.mechanical.mechanisms.wheel_axle</P>
      <P Name="ComponentVariantNames">wheel_axle</P>
      <P Name="ClassName">wheel_axle</P>
      <P Name="SchemaVersion">1</P>
      <P Name="R">15e-3/(2*pi)</P>
      <P Name="R_unit">m</P>
      <P Name="R_conf">compiletime</P>
      <P Name="or">2</P>
      <P Name="or_unit">1</P>
      <P Name="or_conf">compiletime</P>
      <P Name="t_specify">off</P>
      <P Name="t_priority">High</P>
      <P Name="t">0</P>
      <P Name="t_unit">N*m</P>
      <P Name="t_nominal_specify">off</P>
      <P Name="t_nominal_unit">N*m</P>
      <P Name="t_nominal_value">1</P>
      <P Name="f_specify">off</P>
      <P Name="f_priority">High</P>
      <P Name="f">0</P>
      <P Name="f_unit">N</P>
      <P Name="f_nominal_specify">off</P>
      <P Name="f_nominal_unit">N</P>
      <P Name="f_nominal_value">1</P>
    </InstanceData>
  </Block>
  <Block BlockType="Reference" Name="Mechanical&#xA;Rotational Reference" SID="2346:1283">
    <PortCounts lconn="1"/>
    <P Name="Position">[475, -75, 495, -55]</P>
    <P Name="ZOrder">11617</P>
    <P Name="BlockRotation">180</P>
    <P Name="BlockMirror">on</P>
    <P Name="ShowName">off</P>
    <P Name="LibraryVersion">10007000.1</P>
    <P Name="SourceBlock">fl_lib/Mechanical/Rotational Elements/Mechanical
Rotational Reference</P>
    <P Name="SourceType">Mechanical
Rotational Reference</P>
    <InstanceData>
      <P Name="LogSimulationData">off</P>
      <P Name="SourceFile">foundation.mechanical.rotational.reference</P>
      <P Name="InternalSimscapePortConfiguration">{&quot;Bottom&quot;:[],&quot;Left&quot;:[{&quot;id&quot;:&quot;W&quot;,&quot;label&quot;:&quot;&quot;,&quot;type&quot;:&quot;foundation.mechanical.rotational.rotational&quot;}],&quot;Right&quot;:[],&quot;Top&quot;:[]}</P>
      <P Name="SscBlockScalableBuild">off</P>
      <P Name="ComponentPath">foundation.mechanical.rotational.reference</P>
      <P Name="ComponentVariants">foundation.mechanical.rotational.reference</P>
      <P Name="ComponentVariantNames">reference</P>
      <P Name="ClassName">reference_rot</P>
      <P Name="SchemaVersion">1</P>
    </InstanceData>
  </Block>
  <Block BlockType="Reference" Name="Mechanical Translational Reference" SID="2346:1284">
    <PortCounts lconn="1"/>
    <P Name="Position">[-220, -75, -200, -55]</P>
    <P Name="ZOrder">11611</P>
    <P Name="BlockRotation">180</P>
    <P Name="NameLocation">top</P>
    <P Name="ShowName">off</P>
    <P Name="LibraryVersion">10007000.1</P>
    <P Name="SourceBlock">fl_lib/Mechanical/Translational
Elements/Mechanical
Translational
Reference</P>
    <P Name="SourceType">Mechanical
Translational
Reference</P>
    <InstanceData>
      <P Name="LogSimulationData">off</P>
      <P Name="SourceFile">foundation.mechanical.translational.reference</P>
      <P Name="InternalSimscapePortConfiguration">{&quot;Bottom&quot;:[],&quot;Left&quot;:[{&quot;id&quot;:&quot;V&quot;,&quot;label&quot;:&quot;&quot;,&quot;type&quot;:&quot;foundation.mechanical.translational.translational&quot;}],&quot;Right&quot;:[],&quot;Top&quot;:[]}</P>
      <P Name="SscBlockScalableBuild">off</P>
      <P Name="ComponentPath">foundation.mechanical.translational.reference</P>
      <P Name="ComponentVariants">foundation.mechanical.translational.reference</P>
      <P Name="ComponentVariantNames">reference</P>
      <P Name="ClassName">reference</P>
      <P Name="SchemaVersion">1</P>
    </InstanceData>
  </Block>
  <Block BlockType="SubSystem" Name="Motor Driver" SID="2346:872">
    <PortCounts lconn="2" rconn="2"/>
    <P Name="Position">[105, 52, 205, 128]</P>
    <P Name="ZOrder">11633</P>
    <P Name="AttributesFormatString">%&lt;ActiveVariant&gt;</P>
    <P Name="Variant">on</P>
    <P Name="VariantControlMode">label</P>
    <P Name="VariantControl">Abstract</P>
    <P Name="LabelModeActiveChoice">Abstract</P>
    <Mask>
      <Display IconOpaque="opaque-with-ports" RunInitForIconRedraw="off" IconRotate="port" PortRotate="physical">if(strcmp(get_param(gcb,&apos;ActiveVariant&apos;),&apos;Abstract&apos;))
    temp_modenum = get_param([gcb &apos;/Abstract/Controlled PWM Voltage&apos;],&apos;pwm_or_av&apos;);
    if(strcmp(temp_modenum,&apos;1&apos;))
        image(&apos;sm_aileron_actuator_driver_pwm_IMAGE.png&apos;);
    else
        image(&apos;sm_aileron_actuator_driver_averaged_IMAGE.png&apos;);
    end
    clear temp_modenum
else
    image(&apos;sm_aileron_actuator_driver_circuit_IMAGE.png&apos;);
end</Display>
    </Mask>
    <System Ref="system_2346_872"/>
  </Block>
  <Block BlockType="SubSystem" Name="Network" SID="2346:1285">
    <PortCounts out="1" lconn="2" rconn="1"/>
    <P Name="Position">[460, -45, 500, 30]</P>
    <P Name="ZOrder">11621</P>
    <System Ref="system_2346_1285"/>
  </Block>
  <Block BlockType="Scope" Name="Scope" SID="2346:1372">
    <PortCounts in="1"/>
    <P Name="Position">[575, -21, 605, 11]</P>
    <P Name="ZOrder">100000</P>
    <P Name="ScopeSpecificationString">Simulink.scopes.TimeScopeBlockCfg(&apos;CurrentConfiguration&apos;, extmgr.ConfigurationSet(extmgr.Configuration(&apos;Core&apos;,&apos;General UI&apos;,true),extmgr.Configuration(&apos;Core&apos;,&apos;Source UI&apos;,true),extmgr.Configuration(&apos;Sources&apos;,&apos;WiredSimulink&apos;,true,&apos;DataLoggingVariableName&apos;,&apos;ScopeData1&apos;),extmgr.Configuration(&apos;Visuals&apos;,&apos;Time Domain&apos;,true,&apos;SerializedDisplays&apos;,{struct(&apos;MinYLimReal&apos;,&apos;-0.00000027&apos;,&apos;MaxYLimReal&apos;,&apos;0.00000011&apos;,&apos;YLabelReal&apos;,&apos;&apos;,&apos;MinYLimMag&apos;,&apos;0.00000000&apos;,&apos;MaxYLimMag&apos;,&apos;0.00000027&apos;,&apos;LegendVisibility&apos;,&apos;off&apos;,&apos;XGrid&apos;,true,&apos;YGrid&apos;,true,&apos;PlotMagPhase&apos;,false,&apos;AxesColor&apos;,[0 0 0],&apos;AxesTickColor&apos;,[0.686274509803922 0.686274509803922 0.686274509803922],&apos;ColorOrder&apos;,[1 1 0.0666666666666667;0.0745098039215686 0.623529411764706 1;1 0.411764705882353 0.16078431372549;0.392156862745098 0.831372549019608 0.0745098039215686;0.717647058823529 0.274509803921569 1;0.0588235294117647 1 1;1 0.0745098039215686 0.650980392156863],&apos;Title&apos;,&apos;%&lt;SignalLabel&gt;&apos;,&apos;LinePropertiesCache&apos;,{{}},&apos;UserDefinedChannelNames&apos;,{{}},&apos;NumLines&apos;,1,&apos;LineNames&apos;,{{&apos;Fault Injector&apos;}},&apos;ShowContent&apos;,true,&apos;Placement&apos;,1)},&apos;DisplayPropertyDefaults&apos;,struct(&apos;MinYLimReal&apos;,&apos;-0.00000027&apos;,&apos;MaxYLimReal&apos;,&apos;0.00000011&apos;,&apos;YLabelReal&apos;,&apos;&apos;,&apos;MinYLimMag&apos;,&apos;0.00000000&apos;,&apos;MaxYLimMag&apos;,&apos;0.00000027&apos;,&apos;LegendVisibility&apos;,&apos;off&apos;,&apos;XGrid&apos;,true,&apos;YGrid&apos;,true,&apos;PlotMagPhase&apos;,false,&apos;AxesColor&apos;,[0 0 0],&apos;AxesTickColor&apos;,[0.686274509803922 0.686274509803922 0.686274509803922],&apos;ColorOrder&apos;,[0.0745098039215686 0.623529411764706 1;1 0.411764705882353 0.16078431372549;1 1 0.0666666666666667;0.717647058823529 0.274509803921569 1;0.392156862745098 0.831372549019608 0.0745098039215686;0.0588235294117647 1 1;1 0.0745098039215686 0.650980392156863])),extmgr.Configuration(&apos;Tools&apos;,&apos;Plot Navigation&apos;,true),extmgr.Configuration(&apos;Tools&apos;,&apos;Measurements&apos;,true,&apos;Version&apos;,&apos;2023a&apos;)),&apos;Version&apos;,&apos;2023a&apos;)</P>
    <P Name="NumInputPorts">1</P>
    <P Name="Floating">off</P>
  </Block>
  <Block BlockType="SubSystem" Name="Sensing" SID="2346:1316">
    <P Name="Tag">CustomStyle</P>
    <PortCounts lconn="1"/>
    <P Name="Position">[-13, -40, 3, -25]</P>
    <P Name="ZOrder">11636</P>
    <P Name="BlockRotation">270</P>
    <P Name="BlockMirror">on</P>
    <P Name="BackgroundColor">[1.000000, 0.964706, 0.576471]</P>
    <P Name="NameLocation">left</P>
    <P Name="ShowName">off</P>
    <Mask>
      <Display>disp(&apos;S&apos;);</Display>
    </Mask>
    <System Ref="system_2346_1316"/>
  </Block>
  <Block BlockType="SubSystem" Name="Translational&#xA;Simscape Intf" SID="2346:1295">
    <PortCounts lconn="2" rconn="2"/>
    <P Name="Position">[-185, -96, -150, -54]</P>
    <P Name="ZOrder">11612</P>
    <System Ref="system_2346_1295"/>
  </Block>
  <Block BlockType="PMIOPort" Name="f" SID="2346:1296">
    <P Name="Position">[-245, -92, -215, -78]</P>
    <P Name="ZOrder">11618</P>
    <P Name="NameLocation">top</P>
    <P Name="Side">Left</P>
  </Block>
  <Block BlockType="PMIOPort" Name="v" SID="2346:1297">
    <P Name="Position">[-80, -92, -50, -78]</P>
    <P Name="ZOrder">100000</P>
    <P Name="BlockMirror">on</P>
    <P Name="NameLocation">top</P>
    <P Name="Port">2</P>
    <P Name="Side">Right</P>
  </Block>
  <Block BlockType="PMIOPort" Name="+" SID="2346:1298">
    <P Name="Position">[405, 23, 435, 37]</P>
    <P Name="ZOrder">11623</P>
    <P Name="Port">3</P>
    <P Name="Side">Left</P>
  </Block>
  <Block BlockType="PMIOPort" Name="-" SID="2346:1299">
    <P Name="Position">[525, 23, 555, 37]</P>
    <P Name="ZOrder">11624</P>
    <P Name="BlockMirror">on</P>
    <P Name="Port">4</P>
    <P Name="Side">Right</P>
  </Block>
  <Block BlockType="Outport" Name="i" SID="2346:1312">
    <P Name="Position">[525, -32, 555, -18]</P>
    <P Name="ZOrder">11635</P>
    <P Name="VectorParamsAs1DForOutWhenUnconnected">off</P>
  </Block>
  <Line>
    <P Name="ZOrder">1</P>
    <P Name="Src">2346:1285#out:1</P>
    <P Name="Dst">2346:1312#in:1</P>
  </Line>
  <Line LineType="Connection">
    <P Name="ZOrder">2</P>
    <P Name="Src">2346:872#lconn:2</P>
    <P Name="Dst">2346:1039#rconn:2</P>
  </Line>
  <Line LineType="Connection">
    <P Name="ZOrder">3</P>
    <P Name="Src">2346:872#lconn:1</P>
    <P Name="Dst">2346:1039#rconn:1</P>
  </Line>
  <Line LineType="Connection">
    <P Name="ZOrder">4</P>
    <P Name="Src">2346:1039#lconn:2</P>
    <P Name="Points">[-9, 0; 0, -130]</P>
    <P Name="Dst">2346:1215#rconn:1</P>
  </Line>
  <Line LineType="Connection">
    <P Name="ZOrder">5</P>
    <P Name="Src">2346:1039#lconn:1</P>
    <P Name="Points">[-152, 0; 0, -227; 577, 0]</P>
    <P Name="Dst">2346:1204#lconn:1</P>
  </Line>
  <Line>
    <P Name="ZOrder">6</P>
    <P Name="Src">2346:871#out:1</P>
    <P Name="Dst">2346:1039#in:1</P>
  </Line>
  <Line LineType="Connection">
    <P Name="ZOrder">7</P>
    <P Name="Src">2346:1299#rconn:1</P>
    <P Name="Points">[5, 0]</P>
    <P Name="Dst">2346:1285#rconn:1</P>
  </Line>
  <Line LineType="Connection">
    <P Name="ZOrder">8</P>
    <P Name="Src">2346:1298#rconn:1</P>
    <P Name="Points">[-5, 0]</P>
    <P Name="Dst">2346:1285#lconn:2</P>
  </Line>
  <Line LineType="Connection">
    <P Name="ZOrder">9</P>
    <P Name="Src">2346:1295#rconn:2</P>
    <P Name="Points">[130, 0]</P>
    <Branch ConnectType="DEST_SRC">
      <P Name="Dst">2346:1282#rconn:1</P>
    </Branch>
    <Branch ConnectType="DEST_SRC">
      <P Name="Dst">2346:1316#lconn:1</P>
    </Branch>
  </Line>
  <Line LineType="Connection">
    <P Name="ZOrder">12</P>
    <P Name="Src">2346:1283#lconn:1</P>
    <P Name="Points">[-1, 0]</P>
    <Branch ConnectType="DEST_SRC">
      <P Name="Dst">2346:1212#rconn:2</P>
    </Branch>
    <Branch ConnectType="DEST_SRC">
      <P Name="Points">[0, -30]</P>
      <P Name="Dst">2346:1310#rconn:1</P>
    </Branch>
  </Line>
  <Line LineType="Connection">
    <P Name="ZOrder">15</P>
    <P Name="Src">2346:1214#rconn:1</P>
    <P Name="Dst">2346:1282#lconn:1</P>
  </Line>
  <Line LineType="Connection">
    <P Name="ZOrder">16</P>
    <P Name="Src">2346:1284#lconn:1</P>
    <P Name="Dst">2346:1295#lconn:2</P>
  </Line>
  <Line LineType="Connection">
    <P Name="ZOrder">17</P>
    <P Name="Src">2346:1212#rconn:1</P>
    <P Name="Dst">2346:1285#lconn:1</P>
  </Line>
  <Line LineType="Connection">
    <P Name="ZOrder">18</P>
    <P Name="Src">2346:1204#lconn:2</P>
    <P Name="Points">[0, -5]</P>
    <P Name="Dst">2346:1212#lconn:1</P>
  </Line>
  <Line LineType="Connection">
    <P Name="ZOrder">19</P>
    <P Name="Src">2346:1295#rconn:1</P>
    <P Name="Points">[40, 0]</P>
    <Branch ConnectType="DEST_DEST">
      <P Name="Src">2346:1373#rconn:1</P>
      <P Name="Points">[-202, 0; 0, -27; -448, 0; 0, -118; -5, 0]</P>
    </Branch>
    <Branch ConnectType="DEST_SRC">
      <P Name="Dst">2346:1297#rconn:1</P>
    </Branch>
  </Line>
  <Line LineType="Connection">
    <P Name="ZOrder">22</P>
    <P Name="Src">2346:1295#lconn:1</P>
    <P Name="Dst">2346:1296#rconn:1</P>
  </Line>
  <Line LineType="Connection">
    <P Name="ZOrder">23</P>
    <P Name="Src">2346:1214#lconn:1</P>
    <P Name="Points">[9, 0; 0, 50; -25, 0]</P>
    <Branch ConnectType="DEST_DEST">
      <P Name="Src">2346:1373#rconn:3</P>
      <P Name="Points">[-314, 0; -2, -125]</P>
    </Branch>
    <Branch ConnectType="DEST_SRC">
      <P Name="Dst">2346:1215#lconn:1</P>
    </Branch>
  </Line>
  <Line>
    <P Name="Name">clock</P>
    <P Name="ZOrder">26</P>
    <P Name="Labels">[0, 0]</P>
    <P Name="Src">2346:1350#out:1</P>
    <P Name="Dst">2346:1373#in:1</P>
  </Line>
  <Line>
    <P Name="ZOrder">27</P>
    <P Name="Src">2346:1373#out:1</P>
    <P Name="Points">[-10, 0]</P>
    <P Name="Dst">2346:1372#in:1</P>
  </Line>
  <Line LineType="Connection">
    <P Name="ZOrder">41</P>
    <P Name="Src">2346:1440#lconn:1</P>
    <P Name="Points">[0, -175]</P>
    <P Name="Dst">2346:872#rconn:2</P>
  </Line>
  <Line LineType="Connection">
    <P Name="ZOrder">42</P>
    <P Name="Points">[352, -65; 0, 150; 208, 0]</P>
    <P Name="Dst">2346:1373#rconn:2</P>
    <Branch ConnectType="SRC_SRC">
      <P Name="Dst">2346:1212#lconn:2</P>
    </Branch>
    <Branch ConnectType="SRC_DEST">
      <P Name="Src">2346:1310#lconn:1</P>
      <P Name="Points">[-8, 0; 0, 30]</P>
    </Branch>
  </Line>
  <Line LineType="Connection">
    <P Name="ZOrder">45</P>
    <P Name="Src">2346:872#rconn:1</P>
    <P Name="Points">[65, 0; 0, 51]</P>
  </Line>
</System>
