<?xml version="1.0" encoding="utf-8"?>
<System>
  <P Name="Location">[-1, -7, 1537, 825]</P>
  <Block BlockType="Abs" Name="Abs" SID="1924:1286">
    <P Name="Position">[-245, -75, -215, -45]</P>
    <P Name="ZOrder">200</P>
    <P Name="BlockMirror">on</P>
    <P Name="Commented">on</P>
    <P Name="ZeroCross">off</P>
    <P Name="SaturateOnIntegerOverflow">off</P>
  </Block>
  <Block BlockType="Reference" Name="Current&#xA;Sensor" SID="1924:1287">
    <P Name="RequirementInfo">{} %GIDa_513c3105_2bac_45e4_b484_9e853d23afd7</P>
    <PortCounts lconn="1" rconn="2"/>
    <P Name="Position">[105, 25, 145, 65]</P>
    <P Name="ZOrder">191</P>
    <P Name="LibraryVersion">10007000.1</P>
    <P Name="SourceBlock">fl_lib/Electrical/Electrical Sensors/Current Sensor</P>
    <P Name="SourceType">Current Sensor</P>
    <InstanceData>
      <P Name="LogSimulationData">off</P>
      <P Name="SourceFile">foundation.electrical.sensors.current</P>
      <P Name="InternalSimscapePortConfiguration">{&quot;Bottom&quot;:[],&quot;Left&quot;:[{&quot;id&quot;:&quot;p&quot;,&quot;label&quot;:&quot;+&quot;,&quot;type&quot;:&quot;foundation.electrical.electrical&quot;}],&quot;Right&quot;:[{&quot;id&quot;:&quot;I&quot;,&quot;label&quot;:&quot;I&quot;,&quot;type&quot;:&quot;output&quot;},{&quot;id&quot;:&quot;n&quot;,&quot;label&quot;:&quot;-&quot;,&quot;type&quot;:&quot;foundation.electrical.electrical&quot;}],&quot;Top&quot;:[]}</P>
      <P Name="SscBlockScalableBuild">off</P>
      <P Name="ComponentPath">foundation.electrical.sensors.current</P>
      <P Name="ComponentVariants">foundation.electrical.sensors.current</P>
      <P Name="ComponentVariantNames">current</P>
      <P Name="ClassName">current</P>
      <P Name="SchemaVersion">1</P>
    </InstanceData>
  </Block>
  <Block BlockType="Reference" Name="Current&#xA;Source" SID="1924:1288">
    <P Name="RequirementInfo">{} %GIDa_94a24adf_c038_4ce1_83ad_37f20f638e14</P>
    <PortCounts lconn="1" rconn="2"/>
    <P Name="Position">[135, 165, 175, 205]</P>
    <P Name="ZOrder">97</P>
    <P Name="BlockMirror">on</P>
    <P Name="LibraryVersion">10007000.1</P>
    <P Name="SourceBlock">fl_lib/Electrical/Electrical Sources/Controlled Current
Source</P>
    <P Name="SourceType">Controlled Current
Source</P>
    <InstanceData>
      <P Name="LogSimulationData">off</P>
      <P Name="SourceFile">foundation.electrical.sources.controlled_current</P>
      <P Name="InternalSimscapePortConfiguration">{&quot;Bottom&quot;:[],&quot;Left&quot;:[{&quot;id&quot;:&quot;head&quot;,&quot;label&quot;:&quot;&quot;,&quot;type&quot;:&quot;foundation.electrical.electrical&quot;}],&quot;Right&quot;:[{&quot;id&quot;:&quot;iT&quot;,&quot;label&quot;:&quot;&quot;,&quot;type&quot;:&quot;input&quot;},{&quot;id&quot;:&quot;tail&quot;,&quot;label&quot;:&quot;&quot;,&quot;type&quot;:&quot;foundation.electrical.electrical&quot;}],&quot;Top&quot;:[]}</P>
      <P Name="SscBlockScalableBuild">off</P>
      <P Name="ComponentPath">foundation.electrical.sources.controlled_current</P>
      <P Name="ComponentVariants">foundation.electrical.sources.controlled_current</P>
      <P Name="ComponentVariantNames">controlled_current</P>
      <P Name="ClassName">controlled_current</P>
      <P Name="SchemaVersion">1</P>
    </InstanceData>
  </Block>
  <Block BlockType="Reference" Name="ERef" SID="1924:1289">
    <PortCounts lconn="1"/>
    <P Name="Position">[155, 70, 175, 90]</P>
    <P Name="ZOrder">195</P>
    <P Name="BlockRotation">270</P>
    <P Name="BlockMirror">on</P>
    <P Name="NameLocation">right</P>
    <P Name="ShowName">off</P>
    <P Name="LibraryVersion">10007000.1</P>
    <P Name="SourceBlock">fl_lib/Electrical/Electrical Elements/Electrical Reference</P>
    <P Name="SourceType">Electrical Reference</P>
    <InstanceData>
      <P Name="LogSimulationData">off</P>
      <P Name="SourceFile">foundation.electrical.elements.reference</P>
      <P Name="InternalSimscapePortConfiguration">{&quot;Bottom&quot;:[],&quot;Left&quot;:[{&quot;id&quot;:&quot;V&quot;,&quot;label&quot;:&quot;&quot;,&quot;type&quot;:&quot;foundation.electrical.electrical&quot;}],&quot;Right&quot;:[],&quot;Top&quot;:[]}</P>
      <P Name="SscBlockScalableBuild">off</P>
      <P Name="ComponentPath">foundation.electrical.elements.reference</P>
      <P Name="ComponentVariants">foundation.electrical.elements.reference</P>
      <P Name="ComponentVariantNames">reference</P>
      <P Name="ClassName">reference</P>
      <P Name="SchemaVersion">1</P>
    </InstanceData>
  </Block>
  <Block BlockType="Reference" Name="PS-Simulink&#xA;Converter" SID="1924:1290">
    <PortCounts out="1" lconn="1"/>
    <P Name="Position">[195, 27, 210, 43]</P>
    <P Name="ZOrder">196</P>
    <P Name="ShowName">off</P>
    <P Name="LibraryVersion">7.0</P>
    <P Name="FontSize">9</P>
    <P Name="SourceBlock">nesl_utility/PS-Simulink
Converter</P>
    <P Name="SourceType">PS-Simulink
Converter</P>
    <InstanceData>
      <P Name="RTWMemSecFuncInitTerm">Inherit from model</P>
      <P Name="RTWMemSecFuncExecute">Inherit from model</P>
      <P Name="RTWMemSecDataConstants">Inherit from model</P>
      <P Name="RTWMemSecDataInternal">Inherit from model</P>
      <P Name="RTWMemSecDataParameters">Inherit from model</P>
      <P Name="ContentPreviewEnabled">off</P>
      <P Name="PhysicalDomain">network_engine_domain</P>
      <P Name="SubClassName">ps_output</P>
      <P Name="LeftPortType">input</P>
      <P Name="RightPortType">output</P>
      <P Name="PseudoPeriodic">off</P>
      <P Name="Frequencies">[]</P>
      <P Name="VectorFormat">1-D array</P>
      <P Name="Unit">1</P>
      <P Name="AffineConversion">off</P>
    </InstanceData>
  </Block>
  <Block BlockType="Saturate" Name="Saturation" SID="1924:1353">
    <P Name="Position">[-85, -50, -55, -20]</P>
    <P Name="ZOrder">202</P>
    <P Name="BlockMirror">on</P>
    <P Name="Commented">on</P>
    <P Name="UpperLimit">10</P>
    <P Name="LowerLimit">-10</P>
  </Block>
  <Block BlockType="Reference" Name="Simulink-PS&#xA;Converter" SID="1924:1291">
    <PortCounts in="1" rconn="1"/>
    <P Name="Position">[95, 167, 110, 183]</P>
    <P Name="ZOrder">197</P>
    <P Name="ShowName">off</P>
    <P Name="LibraryVersion">7.0</P>
    <P Name="FontSize">9</P>
    <P Name="SourceBlock">nesl_utility/Simulink-PS
Converter</P>
    <P Name="SourceType">Simulink-PS
Converter</P>
    <InstanceData>
      <P Name="RTWMemSecFuncInitTerm">Inherit from model</P>
      <P Name="RTWMemSecFuncExecute">Inherit from model</P>
      <P Name="RTWMemSecDataConstants">Inherit from model</P>
      <P Name="RTWMemSecDataInternal">Inherit from model</P>
      <P Name="RTWMemSecDataParameters">Inherit from model</P>
      <P Name="ContentPreviewEnabled">off</P>
      <P Name="PhysicalDomain">network_engine_domain</P>
      <P Name="SubClassName">ps_input</P>
      <P Name="LeftPortType">input</P>
      <P Name="RightPortType">output</P>
      <P Name="PseudoPeriodic">off</P>
      <P Name="Frequencies">[]</P>
      <P Name="NoiseDistribution">none</P>
      <P Name="NoiseParameters">[]</P>
      <P Name="Unit">1</P>
      <P Name="AffineConversion">off</P>
      <P Name="FilteringAndDerivatives">zero</P>
      <P Name="SimscapeFilterOrder">1</P>
      <P Name="InputFilterTimeConstant">0.005</P>
      <P Name="UdotUserProvided">1</P>
    </InstanceData>
  </Block>
  <Block BlockType="PMIOPort" Name=" M" SID="1924:1292">
    <P Name="RequirementInfo">{} %GIDa_84871c60_653c_4020_b9b8_d9b6ede8c9f6</P>
    <P Name="Position">[40, 38, 70, 52]</P>
    <P Name="ZOrder">192</P>
    <P Name="Side">Left</P>
  </Block>
  <Block BlockType="PMIOPort" Name="-" SID="1924:1293">
    <P Name="RequirementInfo">{} %GIDa_c912cfdd_b223_4c72_a577_976fa4621da7</P>
    <P Name="Position">[200, 178, 230, 192]</P>
    <P Name="ZOrder">193</P>
    <P Name="BlockMirror">on</P>
    <P Name="Port">2</P>
    <P Name="Side">Right</P>
  </Block>
  <Block BlockType="PMIOPort" Name="+" SID="1924:1294">
    <P Name="RequirementInfo">{} %GIDa_bf626ff5_1ed8_4472_be8d_8f3179a83c03</P>
    <P Name="Position">[55, 188, 85, 202]</P>
    <P Name="ZOrder">194</P>
    <P Name="Port">3</P>
    <P Name="Side">Left</P>
  </Block>
  <Block BlockType="Outport" Name="i" SID="1924:1311">
    <P Name="Position">[-5, 118, 25, 132]</P>
    <P Name="ZOrder">199</P>
    <P Name="BlockMirror">on</P>
    <P Name="VectorParamsAs1DForOutWhenUnconnected">off</P>
  </Block>
  <Line LineType="Connection">
    <P Name="ZOrder">1</P>
    <P Name="Src">1924:1293#rconn:1</P>
    <P Name="Dst">1924:1288#lconn:1</P>
  </Line>
  <Line LineType="Connection">
    <P Name="ZOrder">2</P>
    <P Name="Src">1924:1294#rconn:1</P>
    <P Name="Dst">1924:1288#rconn:2</P>
  </Line>
  <Line LineType="Connection">
    <P Name="ZOrder">3</P>
    <P Name="Src">1924:1287#rconn:1</P>
    <P Name="Dst">1924:1290#lconn:1</P>
  </Line>
  <Line LineType="Connection">
    <P Name="ZOrder">4</P>
    <P Name="Src">1924:1292#rconn:1</P>
    <P Name="Dst">1924:1287#lconn:1</P>
  </Line>
  <Line LineType="Connection">
    <P Name="ZOrder">5</P>
    <P Name="Src">1924:1289#lconn:1</P>
    <P Name="Dst">1924:1287#rconn:2</P>
  </Line>
  <Line LineType="Connection">
    <P Name="ZOrder">6</P>
    <P Name="Src">1924:1291#rconn:1</P>
    <P Name="Dst">1924:1288#rconn:1</P>
  </Line>
  <Line>
    <P Name="ZOrder">18</P>
    <P Name="Src">1924:1290#out:1</P>
    <P Name="Points">[19, 0; 0, 90; -182, 0]</P>
    <Branch>
      <P Name="ZOrder">9</P>
      <P Name="Points">[0, 50]</P>
      <P Name="Dst">1924:1291#in:1</P>
    </Branch>
    <Branch>
      <P Name="ZOrder">10</P>
      <P Name="Dst">1924:1311#in:1</P>
    </Branch>
  </Line>
</System>
