<?xml version="1.0" encoding="utf-8"?>
<System>
  <P Name="Location">[-1, -7, 1537, 825]</P>
  <P Name="ZoomFactor">125</P>
  <Block BlockType="Inport" Name="In1" SID="2358">
    <P Name="Position">[370, 33, 400, 47]</P>
    <P Name="ZOrder">11703</P>
    <P Name="BlockMirror">on</P>
  </Block>
  <Block BlockType="Inport" Name="In2" SID="2359">
    <P Name="Position">[370, 123, 400, 137]</P>
    <P Name="ZOrder">11704</P>
    <P Name="BlockMirror">on</P>
    <P Name="Port">2</P>
  </Block>
  <Block BlockType="Inport" Name="i3" SID="2360">
    <P Name="Position">[370, 203, 400, 217]</P>
    <P Name="ZOrder">11705</P>
    <P Name="BlockMirror">on</P>
    <P Name="Port">3</P>
    <PortProperties>
      <Port Type="out" Index="1">
        <P Name="PropagatedSignals">i3</P>
      </Port>
    </PortProperties>
  </Block>
  <Block BlockType="Reference" Name="Discrete Derivative" SID="2504">
    <PortCounts in="1" out="1"/>
    <P Name="Position">[240, 22, 300, 58]</P>
    <P Name="ZOrder">11711</P>
    <P Name="BlockMirror">on</P>
    <P Name="LibraryVersion">4.1</P>
    <P Name="SourceBlock">simulink/Discrete/Discrete Derivative</P>
    <P Name="SourceType">Discrete Derivative</P>
    <InstanceData>
      <P Name="RTWMemSecFuncInitTerm">Inherit from model</P>
      <P Name="RTWMemSecFuncExecute">Inherit from model</P>
      <P Name="RTWMemSecDataConstants">Inherit from model</P>
      <P Name="RTWMemSecDataInternal">Inherit from model</P>
      <P Name="RTWMemSecDataParameters">Inherit from model</P>
      <P Name="ContentPreviewEnabled">on</P>
      <P Name="gainval">1.0</P>
      <P Name="ICPrevScaledInput">0.0</P>
      <P Name="InputProcessing">Elements as channels (sample based)</P>
      <P Name="OutMin">[]</P>
      <P Name="OutMax">[]</P>
      <P Name="OutDataTypeStr">Inherit: Inherit via internal rule</P>
      <P Name="OutputDataTypeScalingMode">Inherit via internal rule</P>
      <P Name="OutDataType">fixdt(1, 16)</P>
      <P Name="OutScaling">2^-10</P>
      <P Name="LockScale">off</P>
      <P Name="RndMeth">Floor</P>
      <P Name="DoSatur">off</P>
    </InstanceData>
  </Block>
  <Block BlockType="Reference" Name="Discrete Derivative1" SID="2507">
    <PortCounts in="1" out="1"/>
    <P Name="Position">[240, 112, 300, 148]</P>
    <P Name="ZOrder">11714</P>
    <P Name="BlockMirror">on</P>
    <P Name="LibraryVersion">4.1</P>
    <P Name="SourceBlock">simulink/Discrete/Discrete Derivative</P>
    <P Name="SourceType">Discrete Derivative</P>
    <InstanceData>
      <P Name="RTWMemSecFuncInitTerm">Inherit from model</P>
      <P Name="RTWMemSecFuncExecute">Inherit from model</P>
      <P Name="RTWMemSecDataConstants">Inherit from model</P>
      <P Name="RTWMemSecDataInternal">Inherit from model</P>
      <P Name="RTWMemSecDataParameters">Inherit from model</P>
      <P Name="ContentPreviewEnabled">on</P>
      <P Name="gainval">1.0</P>
      <P Name="ICPrevScaledInput">0.0</P>
      <P Name="InputProcessing">Elements as channels (sample based)</P>
      <P Name="OutMin">[]</P>
      <P Name="OutMax">[]</P>
      <P Name="OutDataTypeStr">Inherit: Inherit via internal rule</P>
      <P Name="OutputDataTypeScalingMode">Inherit via internal rule</P>
      <P Name="OutDataType">fixdt(1, 16)</P>
      <P Name="OutScaling">2^-10</P>
      <P Name="LockScale">off</P>
      <P Name="RndMeth">Floor</P>
      <P Name="DoSatur">off</P>
    </InstanceData>
  </Block>
  <Block BlockType="Reference" Name="Discrete Derivative2" SID="2508">
    <PortCounts in="1" out="1"/>
    <P Name="Position">[240, 192, 300, 228]</P>
    <P Name="ZOrder">11715</P>
    <P Name="BlockMirror">on</P>
    <P Name="LibraryVersion">4.1</P>
    <P Name="SourceBlock">simulink/Discrete/Discrete Derivative</P>
    <P Name="SourceType">Discrete Derivative</P>
    <InstanceData>
      <P Name="RTWMemSecFuncInitTerm">Inherit from model</P>
      <P Name="RTWMemSecFuncExecute">Inherit from model</P>
      <P Name="RTWMemSecDataConstants">Inherit from model</P>
      <P Name="RTWMemSecDataInternal">Inherit from model</P>
      <P Name="RTWMemSecDataParameters">Inherit from model</P>
      <P Name="ContentPreviewEnabled">on</P>
      <P Name="gainval">1.0</P>
      <P Name="ICPrevScaledInput">0.0</P>
      <P Name="InputProcessing">Elements as channels (sample based)</P>
      <P Name="OutMin">[]</P>
      <P Name="OutMax">[]</P>
      <P Name="OutDataTypeStr">Inherit: Inherit via internal rule</P>
      <P Name="OutputDataTypeScalingMode">Inherit via internal rule</P>
      <P Name="OutDataType">fixdt(1, 16)</P>
      <P Name="OutScaling">2^-10</P>
      <P Name="LockScale">off</P>
      <P Name="RndMeth">Floor</P>
      <P Name="DoSatur">off</P>
    </InstanceData>
    <PortProperties>
      <Port Type="out" Index="1">
        <P Name="Name">del I3</P>
      </Port>
    </PortProperties>
  </Block>
  <Block BlockType="Scope" Name="Scope" SID="2502">
    <PortCounts in="2"/>
    <P Name="Position">[-95, -149, -65, -116]</P>
    <P Name="ZOrder">11709</P>
    <P Name="BlockMirror">on</P>
    <P Name="Commented">on</P>
    <P Name="ScopeSpecificationString">Simulink.scopes.TimeScopeBlockCfg(&apos;CurrentConfiguration&apos;, extmgr.ConfigurationSet(extmgr.Configuration(&apos;Core&apos;,&apos;General UI&apos;,true),extmgr.Configuration(&apos;Core&apos;,&apos;Source UI&apos;,true),extmgr.Configuration(&apos;Sources&apos;,&apos;WiredSimulink&apos;,true,&apos;DataLoggingVariableName&apos;,&apos;ScopeData1&apos;),extmgr.Configuration(&apos;Visuals&apos;,&apos;Time Domain&apos;,true,&apos;SerializedDisplays&apos;,{struct(&apos;MinYLimReal&apos;,&apos;-35.43163&apos;,&apos;MaxYLimReal&apos;,&apos;2.15464&apos;,&apos;YLabelReal&apos;,&apos;&apos;,&apos;MinYLimMag&apos;,&apos;0.00000&apos;,&apos;MaxYLimMag&apos;,&apos;35.43163&apos;,&apos;LegendVisibility&apos;,&apos;off&apos;,&apos;XGrid&apos;,true,&apos;YGrid&apos;,true,&apos;PlotMagPhase&apos;,false,&apos;AxesColor&apos;,[0 0 0],&apos;AxesTickColor&apos;,[0.686274509803922 0.686274509803922 0.686274509803922],&apos;ColorOrder&apos;,[1 1 0.0666666666666667;0.0745098039215686 0.623529411764706 1;1 0.411764705882353 0.16078431372549;0.392156862745098 0.831372549019608 0.0745098039215686;0.717647058823529 0.274509803921569 1;0.0588235294117647 1 1;1 0.0745098039215686 0.650980392156863],&apos;Title&apos;,&apos;%&lt;SignalLabel&gt;&apos;,&apos;LinePropertiesCache&apos;,{{struct(&apos;Marker&apos;,&apos;o&apos;,&apos;MarkerSize&apos;,8),struct(&apos;Marker&apos;,&apos;o&apos;,&apos;MarkerSize&apos;,8)}},&apos;UserDefinedChannelNames&apos;,{{}},&apos;NumLines&apos;,2,&apos;LineNames&apos;,{{&apos;Channel 1&apos;,&apos;Channel 2&apos;}},&apos;ShowContent&apos;,true,&apos;Placement&apos;,1)},&apos;DisplayPropertyDefaults&apos;,struct(&apos;MinYLimReal&apos;,&apos;-35.43163&apos;,&apos;MaxYLimReal&apos;,&apos;2.15464&apos;,&apos;YLabelReal&apos;,&apos;&apos;,&apos;MinYLimMag&apos;,&apos;0.00000&apos;,&apos;MaxYLimMag&apos;,&apos;35.43163&apos;,&apos;LegendVisibility&apos;,&apos;off&apos;,&apos;XGrid&apos;,true,&apos;YGrid&apos;,true,&apos;PlotMagPhase&apos;,false,&apos;AxesColor&apos;,[0 0 0],&apos;AxesTickColor&apos;,[0.686274509803922 0.686274509803922 0.686274509803922],&apos;ColorOrder&apos;,[1 1 0.0666666666666667;0.0745098039215686 0.623529411764706 1;1 0.411764705882353 0.16078431372549;0.392156862745098 0.831372549019608 0.0745098039215686;0.717647058823529 0.274509803921569 1;0.0588235294117647 1 1;1 0.0745098039215686 0.650980392156863],&apos;Title&apos;,&apos;%&lt;SignalLabel&gt;&apos;)),extmgr.Configuration(&apos;Tools&apos;,&apos;Plot Navigation&apos;,true,&apos;OnceAtStop&apos;,false),extmgr.Configuration(&apos;Tools&apos;,&apos;Measurements&apos;,true,&apos;Measurements&apos;,struct(&apos;traceselector&apos;,struct(&apos;Line&apos;,2),&apos;tcursors&apos;,struct(&apos;XCoordinates&apos;,[5.49387442572743 7.36983154670753],&apos;YCoordinates&apos;,[NaN NaN],&apos;CursorChannels&apos;,[2 2],&apos;WaveformCursors&apos;,true,&apos;ShowHorizontal&apos;,false,&apos;ShowVertical&apos;,true,&apos;LockCursorSpacing&apos;,false,&apos;SnapToData&apos;,false,&apos;SettingsPanelOpen&apos;,0,&apos;MeasurementsPanelOpen&apos;,1)),&apos;Version&apos;,&apos;2023a&apos;)),&apos;Version&apos;,&apos;2023a&apos;,&apos;Position&apos;,[485.8 193.8 560 420])</P>
    <P Name="NumInputPorts">2</P>
    <P Name="Floating">off</P>
  </Block>
  <Block BlockType="Outport" Name="del I1" SID="2361">
    <P Name="Position">[-25, 33, 5, 47]</P>
    <P Name="ZOrder">11706</P>
    <P Name="BlockMirror">on</P>
  </Block>
  <Block BlockType="Outport" Name="del I2" SID="2362">
    <P Name="Position">[-25, 123, 5, 137]</P>
    <P Name="ZOrder">11707</P>
    <P Name="BlockMirror">on</P>
    <P Name="Port">2</P>
  </Block>
  <Block BlockType="Outport" Name="del I3" SID="2363">
    <P Name="Position">[-25, 203, 5, 217]</P>
    <P Name="ZOrder">11708</P>
    <P Name="BlockMirror">on</P>
    <P Name="Port">3</P>
  </Block>
  <Line>
    <P Name="Name">del I3</P>
    <P Name="ZOrder">1522</P>
    <P Name="Labels">[0, 0]</P>
    <P Name="Src">2508#out:1</P>
    <P Name="Dst">2363#in:1</P>
  </Line>
  <Line>
    <P Name="ZOrder">1497</P>
    <P Name="Src">2358#out:1</P>
    <P Name="Dst">2504#in:1</P>
  </Line>
  <Line>
    <P Name="ZOrder">1519</P>
    <P Name="Src">2504#out:1</P>
    <P Name="Dst">2361#in:1</P>
  </Line>
  <Line>
    <P Name="ZOrder">1520</P>
    <P Name="Src">2507#out:1</P>
    <P Name="Dst">2362#in:1</P>
  </Line>
  <Line>
    <P Name="ZOrder">1521</P>
    <P Name="Src">2359#out:1</P>
    <P Name="Dst">2507#in:1</P>
  </Line>
  <Line>
    <P Name="ZOrder">1523</P>
    <P Name="Src">2360#out:1</P>
    <P Name="Dst">2508#in:1</P>
  </Line>
</System>
