<?xml version="1.0" encoding="utf-8"?>
<System>
  <P Name="Location">[-1, -8, 1921, 1041]</P>
  <P Name="ZoomFactor">148</P>
  <Block BlockType="Inport" Name="qMeas" SID="1174">
    <P Name="Position">[-5, 98, 25, 112]</P>
    <P Name="ZOrder">118</P>
    <PortProperties>
      <Port Type="out" Index="1">
        <P Name="PropagatedSignals">Angle</P>
      </Port>
    </PortProperties>
  </Block>
  <Block BlockType="Inport" Name="qCmd " SID="1087">
    <P Name="Position">[-5, 48, 25, 62]</P>
    <P Name="ZOrder">114</P>
    <P Name="Port">2</P>
  </Block>
  <Block BlockType="Polyval" Name="Angle to Ext" SID="1110">
    <P Name="Position">[70, 40, 130, 70]</P>
    <P Name="ZOrder">121</P>
    <P Name="Coefs">ang2Ext_coeff</P>
  </Block>
  <Block BlockType="Reference" Name="Cyl_Actuator1" SID="17">
    <PortCounts lconn="2" rconn="2"/>
    <P Name="Position">[115, -110, 155, -70]</P>
    <P Name="ZOrder">103</P>
    <P Name="LibraryVersion">7.71</P>
    <P Name="SourceBlock">sm_lib/Joints/Cylindrical
Joint</P>
    <P Name="SourceType">Cylindrical
Joint</P>
    <InstanceData>
      <P Name="LogSimulationData">off</P>
      <P Name="JointMode">Normal</P>
      <P Name="SenseConstraintForce">off</P>
      <P Name="SenseConstraintForceX">off</P>
      <P Name="SenseConstraintForceY">off</P>
      <P Name="SenseConstraintForceZ">off</P>
      <P Name="SenseConstraintTorque">off</P>
      <P Name="SenseConstraintTorqueX">off</P>
      <P Name="SenseConstraintTorqueY">off</P>
      <P Name="SenseConstraintTorqueZ">off</P>
      <P Name="SenseTotalForce">off</P>
      <P Name="SenseTotalForceX">off</P>
      <P Name="SenseTotalForceY">off</P>
      <P Name="SenseTotalForceZ">off</P>
      <P Name="SenseTotalTorque">off</P>
      <P Name="SenseTotalTorqueX">off</P>
      <P Name="SenseTotalTorqueY">off</P>
      <P Name="SenseTotalTorqueZ">off</P>
      <P Name="CompositeWrenchDir">FollowerOnBase</P>
      <P Name="CompositeWrenchFrame">BaseFrame</P>
      <P Name="PzEquilibriumPosition">AAC_Param.Act.Id.Spr.l0</P>
      <P Name="PzEquilibriumPositionUnits">m</P>
      <P Name="PzEquilibriumPosition_conf">compiletime</P>
      <P Name="PzSpringStiffness">AAC_Param.Act.Id.Spr.k</P>
      <P Name="PzSpringStiffnessUnits">N/m</P>
      <P Name="PzSpringStiffness_conf">compiletime</P>
      <P Name="PzDampingCoefficient">AAC_Param.Act.Id.Spr.b</P>
      <P Name="PzDampingCoefficientUnits">N/(m/s)</P>
      <P Name="PzDampingCoefficient_conf">compiletime</P>
      <P Name="PzTorqueActuationMode">ComputedTorque</P>
      <P Name="PzMotionActuationMode">InputMotion</P>
      <P Name="PzSensePosition">off</P>
      <P Name="PzSenseVelocity">off</P>
      <P Name="PzSenseAcceleration">off</P>
      <P Name="PzSenseTorqueForce">on</P>
      <P Name="PzSenseLowerLimitTorqueForce">off</P>
      <P Name="PzSenseUpperLimitTorqueForce">off</P>
      <P Name="PzLowerLimitSpecify">off</P>
      <P Name="PzLowerLimitBound">-1</P>
      <P Name="PzLowerLimitBoundUnits">m</P>
      <P Name="PzLowerLimitBound_conf">compiletime</P>
      <P Name="PzLowerLimitStiffness">1e6</P>
      <P Name="PzLowerLimitStiffnessUnits">N/m</P>
      <P Name="PzLowerLimitStiffness_conf">compiletime</P>
      <P Name="PzLowerLimitDamping">1e3</P>
      <P Name="PzLowerLimitDampingUnits">N/(m/s)</P>
      <P Name="PzLowerLimitDamping_conf">compiletime</P>
      <P Name="PzLowerLimitTransitionRegionWidth">1e-4</P>
      <P Name="PzLowerLimitTransitionRegionWidthUnits">m</P>
      <P Name="PzLowerLimitTransitionRegionWidth_conf">compiletime</P>
      <P Name="PzUpperLimitSpecify">off</P>
      <P Name="PzUpperLimitBound">1</P>
      <P Name="PzUpperLimitBoundUnits">m</P>
      <P Name="PzUpperLimitBound_conf">compiletime</P>
      <P Name="PzUpperLimitStiffness">1e6</P>
      <P Name="PzUpperLimitStiffnessUnits">N/m</P>
      <P Name="PzUpperLimitStiffness_conf">compiletime</P>
      <P Name="PzUpperLimitDamping">1e3</P>
      <P Name="PzUpperLimitDampingUnits">N/(m/s)</P>
      <P Name="PzUpperLimitDamping_conf">compiletime</P>
      <P Name="PzUpperLimitTransitionRegionWidth">1e-4</P>
      <P Name="PzUpperLimitTransitionRegionWidthUnits">m</P>
      <P Name="PzUpperLimitTransitionRegionWidth_conf">compiletime</P>
      <P Name="PzPositionTargetSpecify">on</P>
      <P Name="PzPositionTargetPriority">Low</P>
      <P Name="PzPositionTargetValue">smiData.CylindricalJoint(3).Pz.Pos</P>
      <P Name="PzPositionTargetValueUnits">m</P>
      <P Name="PzPositionTargetValue_conf">compiletime</P>
      <P Name="PzVelocityTargetSpecify">off</P>
      <P Name="PzVelocityTargetPriority">High</P>
      <P Name="PzVelocityTargetValue">0</P>
      <P Name="PzVelocityTargetValueUnits">m/s</P>
      <P Name="PzVelocityTargetValue_conf">compiletime</P>
      <P Name="RzEquilibriumPosition">0</P>
      <P Name="RzEquilibriumPositionUnits">rad</P>
      <P Name="RzEquilibriumPosition_conf">compiletime</P>
      <P Name="RzSpringStiffness">0</P>
      <P Name="RzSpringStiffnessUnits">N*m/rad</P>
      <P Name="RzSpringStiffness_conf">compiletime</P>
      <P Name="RzDampingCoefficient">0</P>
      <P Name="RzDampingCoefficientUnits">N*m/(rad/s)</P>
      <P Name="RzDampingCoefficient_conf">compiletime</P>
      <P Name="RzTorqueActuationMode">NoTorque</P>
      <P Name="RzMotionActuationMode">ComputedMotion</P>
      <P Name="RzSensePosition">off</P>
      <P Name="RzSenseVelocity">off</P>
      <P Name="RzSenseAcceleration">off</P>
      <P Name="RzSenseTorqueForce">off</P>
      <P Name="RzSenseLowerLimitTorqueForce">off</P>
      <P Name="RzSenseUpperLimitTorqueForce">off</P>
      <P Name="RzLowerLimitSpecify">off</P>
      <P Name="RzLowerLimitBound">-90</P>
      <P Name="RzLowerLimitBoundUnits">deg</P>
      <P Name="RzLowerLimitBound_conf">compiletime</P>
      <P Name="RzLowerLimitStiffness">1e4</P>
      <P Name="RzLowerLimitStiffnessUnits">N*m/deg</P>
      <P Name="RzLowerLimitStiffness_conf">compiletime</P>
      <P Name="RzLowerLimitDamping">10</P>
      <P Name="RzLowerLimitDampingUnits">N*m/(deg/s)</P>
      <P Name="RzLowerLimitDamping_conf">compiletime</P>
      <P Name="RzLowerLimitTransitionRegionWidth">0.1</P>
      <P Name="RzLowerLimitTransitionRegionWidthUnits">deg</P>
      <P Name="RzLowerLimitTransitionRegionWidth_conf">compiletime</P>
      <P Name="RzUpperLimitSpecify">off</P>
      <P Name="RzUpperLimitBound">90</P>
      <P Name="RzUpperLimitBoundUnits">deg</P>
      <P Name="RzUpperLimitBound_conf">compiletime</P>
      <P Name="RzUpperLimitStiffness">1e4</P>
      <P Name="RzUpperLimitStiffnessUnits">N*m/deg</P>
      <P Name="RzUpperLimitStiffness_conf">compiletime</P>
      <P Name="RzUpperLimitDamping">10</P>
      <P Name="RzUpperLimitDampingUnits">N*m/(deg/s)</P>
      <P Name="RzUpperLimitDamping_conf">compiletime</P>
      <P Name="RzUpperLimitTransitionRegionWidth">0.1</P>
      <P Name="RzUpperLimitTransitionRegionWidthUnits">deg</P>
      <P Name="RzUpperLimitTransitionRegionWidth_conf">compiletime</P>
      <P Name="RzPositionTargetSpecify">on</P>
      <P Name="RzPositionTargetPriority">Low</P>
      <P Name="RzPositionTargetValue">smiData.CylindricalJoint(3).Rz.Pos</P>
      <P Name="RzPositionTargetValueUnits">deg</P>
      <P Name="RzPositionTargetValue_conf">compiletime</P>
      <P Name="RzVelocityTargetSpecify">off</P>
      <P Name="RzVelocityTargetPriority">High</P>
      <P Name="RzVelocityTargetValue">0</P>
      <P Name="RzVelocityTargetValueUnits">deg/s</P>
      <P Name="RzVelocityTargetValue_conf">compiletime</P>
    </InstanceData>
  </Block>
  <Block BlockType="Reference" Name="Cyl_Actuator2" SID="35">
    <PortCounts lconn="1" rconn="1"/>
    <P Name="Position">[320, -110, 360, -70]</P>
    <P Name="ZOrder">104</P>
    <P Name="LibraryVersion">7.71</P>
    <P Name="SourceBlock">sm_lib/Joints/Cylindrical
Joint</P>
    <P Name="SourceType">Cylindrical
Joint</P>
    <InstanceData>
      <P Name="LogSimulationData">off</P>
      <P Name="JointMode">Normal</P>
      <P Name="SenseConstraintForce">off</P>
      <P Name="SenseConstraintForceX">off</P>
      <P Name="SenseConstraintForceY">off</P>
      <P Name="SenseConstraintForceZ">off</P>
      <P Name="SenseConstraintTorque">off</P>
      <P Name="SenseConstraintTorqueX">off</P>
      <P Name="SenseConstraintTorqueY">off</P>
      <P Name="SenseConstraintTorqueZ">off</P>
      <P Name="SenseTotalForce">off</P>
      <P Name="SenseTotalForceX">off</P>
      <P Name="SenseTotalForceY">off</P>
      <P Name="SenseTotalForceZ">off</P>
      <P Name="SenseTotalTorque">off</P>
      <P Name="SenseTotalTorqueX">off</P>
      <P Name="SenseTotalTorqueY">off</P>
      <P Name="SenseTotalTorqueZ">off</P>
      <P Name="CompositeWrenchDir">FollowerOnBase</P>
      <P Name="CompositeWrenchFrame">BaseFrame</P>
      <P Name="PzEquilibriumPosition">AAC_Param.Act.Id.Spr.l0</P>
      <P Name="PzEquilibriumPositionUnits">m</P>
      <P Name="PzEquilibriumPosition_conf">compiletime</P>
      <P Name="PzSpringStiffness">AAC_Param.Act.Id.Spr.k</P>
      <P Name="PzSpringStiffnessUnits">N/m</P>
      <P Name="PzSpringStiffness_conf">compiletime</P>
      <P Name="PzDampingCoefficient">AAC_Param.Act.Id.Spr.b</P>
      <P Name="PzDampingCoefficientUnits">N/(m/s)</P>
      <P Name="PzDampingCoefficient_conf">compiletime</P>
      <P Name="PzTorqueActuationMode">NoTorque</P>
      <P Name="PzMotionActuationMode">ComputedMotion</P>
      <P Name="PzSensePosition">off</P>
      <P Name="PzSenseVelocity">off</P>
      <P Name="PzSenseAcceleration">off</P>
      <P Name="PzSenseTorqueForce">off</P>
      <P Name="PzSenseLowerLimitTorqueForce">off</P>
      <P Name="PzSenseUpperLimitTorqueForce">off</P>
      <P Name="PzLowerLimitSpecify">off</P>
      <P Name="PzLowerLimitBound">-1</P>
      <P Name="PzLowerLimitBoundUnits">m</P>
      <P Name="PzLowerLimitBound_conf">compiletime</P>
      <P Name="PzLowerLimitStiffness">1e6</P>
      <P Name="PzLowerLimitStiffnessUnits">N/m</P>
      <P Name="PzLowerLimitStiffness_conf">compiletime</P>
      <P Name="PzLowerLimitDamping">1e3</P>
      <P Name="PzLowerLimitDampingUnits">N/(m/s)</P>
      <P Name="PzLowerLimitDamping_conf">compiletime</P>
      <P Name="PzLowerLimitTransitionRegionWidth">1e-4</P>
      <P Name="PzLowerLimitTransitionRegionWidthUnits">m</P>
      <P Name="PzLowerLimitTransitionRegionWidth_conf">compiletime</P>
      <P Name="PzUpperLimitSpecify">off</P>
      <P Name="PzUpperLimitBound">1</P>
      <P Name="PzUpperLimitBoundUnits">m</P>
      <P Name="PzUpperLimitBound_conf">compiletime</P>
      <P Name="PzUpperLimitStiffness">1e6</P>
      <P Name="PzUpperLimitStiffnessUnits">N/m</P>
      <P Name="PzUpperLimitStiffness_conf">compiletime</P>
      <P Name="PzUpperLimitDamping">1e3</P>
      <P Name="PzUpperLimitDampingUnits">N/(m/s)</P>
      <P Name="PzUpperLimitDamping_conf">compiletime</P>
      <P Name="PzUpperLimitTransitionRegionWidth">1e-4</P>
      <P Name="PzUpperLimitTransitionRegionWidthUnits">m</P>
      <P Name="PzUpperLimitTransitionRegionWidth_conf">compiletime</P>
      <P Name="PzPositionTargetSpecify">on</P>
      <P Name="PzPositionTargetPriority">Low</P>
      <P Name="PzPositionTargetValue">smiData.CylindricalJoint(2).Pz.Pos</P>
      <P Name="PzPositionTargetValueUnits">m</P>
      <P Name="PzPositionTargetValue_conf">compiletime</P>
      <P Name="PzVelocityTargetSpecify">off</P>
      <P Name="PzVelocityTargetPriority">High</P>
      <P Name="PzVelocityTargetValue">0</P>
      <P Name="PzVelocityTargetValueUnits">m/s</P>
      <P Name="PzVelocityTargetValue_conf">compiletime</P>
      <P Name="RzEquilibriumPosition">0</P>
      <P Name="RzEquilibriumPositionUnits">rad</P>
      <P Name="RzEquilibriumPosition_conf">compiletime</P>
      <P Name="RzSpringStiffness">0</P>
      <P Name="RzSpringStiffnessUnits">N*m/rad</P>
      <P Name="RzSpringStiffness_conf">compiletime</P>
      <P Name="RzDampingCoefficient">0</P>
      <P Name="RzDampingCoefficientUnits">N*m/(rad/s)</P>
      <P Name="RzDampingCoefficient_conf">compiletime</P>
      <P Name="RzTorqueActuationMode">NoTorque</P>
      <P Name="RzMotionActuationMode">ComputedMotion</P>
      <P Name="RzSensePosition">off</P>
      <P Name="RzSenseVelocity">off</P>
      <P Name="RzSenseAcceleration">off</P>
      <P Name="RzSenseTorqueForce">off</P>
      <P Name="RzSenseLowerLimitTorqueForce">off</P>
      <P Name="RzSenseUpperLimitTorqueForce">off</P>
      <P Name="RzLowerLimitSpecify">off</P>
      <P Name="RzLowerLimitBound">-90</P>
      <P Name="RzLowerLimitBoundUnits">deg</P>
      <P Name="RzLowerLimitBound_conf">compiletime</P>
      <P Name="RzLowerLimitStiffness">1e4</P>
      <P Name="RzLowerLimitStiffnessUnits">N*m/deg</P>
      <P Name="RzLowerLimitStiffness_conf">compiletime</P>
      <P Name="RzLowerLimitDamping">10</P>
      <P Name="RzLowerLimitDampingUnits">N*m/(deg/s)</P>
      <P Name="RzLowerLimitDamping_conf">compiletime</P>
      <P Name="RzLowerLimitTransitionRegionWidth">0.1</P>
      <P Name="RzLowerLimitTransitionRegionWidthUnits">deg</P>
      <P Name="RzLowerLimitTransitionRegionWidth_conf">compiletime</P>
      <P Name="RzUpperLimitSpecify">off</P>
      <P Name="RzUpperLimitBound">90</P>
      <P Name="RzUpperLimitBoundUnits">deg</P>
      <P Name="RzUpperLimitBound_conf">compiletime</P>
      <P Name="RzUpperLimitStiffness">1e4</P>
      <P Name="RzUpperLimitStiffnessUnits">N*m/deg</P>
      <P Name="RzUpperLimitStiffness_conf">compiletime</P>
      <P Name="RzUpperLimitDamping">10</P>
      <P Name="RzUpperLimitDampingUnits">N*m/(deg/s)</P>
      <P Name="RzUpperLimitDamping_conf">compiletime</P>
      <P Name="RzUpperLimitTransitionRegionWidth">0.1</P>
      <P Name="RzUpperLimitTransitionRegionWidthUnits">deg</P>
      <P Name="RzUpperLimitTransitionRegionWidth_conf">compiletime</P>
      <P Name="RzPositionTargetSpecify">on</P>
      <P Name="RzPositionTargetPriority">Low</P>
      <P Name="RzPositionTargetValue">smiData.CylindricalJoint(2).Rz.Pos</P>
      <P Name="RzPositionTargetValueUnits">deg</P>
      <P Name="RzPositionTargetValue_conf">compiletime</P>
      <P Name="RzVelocityTargetSpecify">off</P>
      <P Name="RzVelocityTargetPriority">High</P>
      <P Name="RzVelocityTargetValue">0</P>
      <P Name="RzVelocityTargetValueUnits">deg/s</P>
      <P Name="RzVelocityTargetValue_conf">compiletime</P>
    </InstanceData>
  </Block>
  <Block BlockType="Reference" Name="Cyl_Actuator3" SID="53">
    <PortCounts lconn="1" rconn="1"/>
    <P Name="Position">[535, -110, 575, -70]</P>
    <P Name="ZOrder">105</P>
    <P Name="LibraryVersion">7.71</P>
    <P Name="SourceBlock">sm_lib/Joints/Cylindrical
Joint</P>
    <P Name="SourceType">Cylindrical
Joint</P>
    <InstanceData>
      <P Name="LogSimulationData">off</P>
      <P Name="JointMode">Normal</P>
      <P Name="SenseConstraintForce">off</P>
      <P Name="SenseConstraintForceX">off</P>
      <P Name="SenseConstraintForceY">off</P>
      <P Name="SenseConstraintForceZ">off</P>
      <P Name="SenseConstraintTorque">off</P>
      <P Name="SenseConstraintTorqueX">off</P>
      <P Name="SenseConstraintTorqueY">off</P>
      <P Name="SenseConstraintTorqueZ">off</P>
      <P Name="SenseTotalForce">off</P>
      <P Name="SenseTotalForceX">off</P>
      <P Name="SenseTotalForceY">off</P>
      <P Name="SenseTotalForceZ">off</P>
      <P Name="SenseTotalTorque">off</P>
      <P Name="SenseTotalTorqueX">off</P>
      <P Name="SenseTotalTorqueY">off</P>
      <P Name="SenseTotalTorqueZ">off</P>
      <P Name="CompositeWrenchDir">FollowerOnBase</P>
      <P Name="CompositeWrenchFrame">BaseFrame</P>
      <P Name="PzEquilibriumPosition">AAC_Param.Act.Id.Spr.l0</P>
      <P Name="PzEquilibriumPositionUnits">m</P>
      <P Name="PzEquilibriumPosition_conf">compiletime</P>
      <P Name="PzSpringStiffness">AAC_Param.Act.Id.Spr.k</P>
      <P Name="PzSpringStiffnessUnits">N/m</P>
      <P Name="PzSpringStiffness_conf">compiletime</P>
      <P Name="PzDampingCoefficient">AAC_Param.Act.Id.Spr.b</P>
      <P Name="PzDampingCoefficientUnits">N/(m/s)</P>
      <P Name="PzDampingCoefficient_conf">compiletime</P>
      <P Name="PzTorqueActuationMode">NoTorque</P>
      <P Name="PzMotionActuationMode">ComputedMotion</P>
      <P Name="PzSensePosition">off</P>
      <P Name="PzSenseVelocity">off</P>
      <P Name="PzSenseAcceleration">off</P>
      <P Name="PzSenseTorqueForce">off</P>
      <P Name="PzSenseLowerLimitTorqueForce">off</P>
      <P Name="PzSenseUpperLimitTorqueForce">off</P>
      <P Name="PzLowerLimitSpecify">off</P>
      <P Name="PzLowerLimitBound">-1</P>
      <P Name="PzLowerLimitBoundUnits">m</P>
      <P Name="PzLowerLimitBound_conf">compiletime</P>
      <P Name="PzLowerLimitStiffness">1e6</P>
      <P Name="PzLowerLimitStiffnessUnits">N/m</P>
      <P Name="PzLowerLimitStiffness_conf">compiletime</P>
      <P Name="PzLowerLimitDamping">1e3</P>
      <P Name="PzLowerLimitDampingUnits">N/(m/s)</P>
      <P Name="PzLowerLimitDamping_conf">compiletime</P>
      <P Name="PzLowerLimitTransitionRegionWidth">1e-4</P>
      <P Name="PzLowerLimitTransitionRegionWidthUnits">m</P>
      <P Name="PzLowerLimitTransitionRegionWidth_conf">compiletime</P>
      <P Name="PzUpperLimitSpecify">off</P>
      <P Name="PzUpperLimitBound">1</P>
      <P Name="PzUpperLimitBoundUnits">m</P>
      <P Name="PzUpperLimitBound_conf">compiletime</P>
      <P Name="PzUpperLimitStiffness">1e6</P>
      <P Name="PzUpperLimitStiffnessUnits">N/m</P>
      <P Name="PzUpperLimitStiffness_conf">compiletime</P>
      <P Name="PzUpperLimitDamping">1e3</P>
      <P Name="PzUpperLimitDampingUnits">N/(m/s)</P>
      <P Name="PzUpperLimitDamping_conf">compiletime</P>
      <P Name="PzUpperLimitTransitionRegionWidth">1e-4</P>
      <P Name="PzUpperLimitTransitionRegionWidthUnits">m</P>
      <P Name="PzUpperLimitTransitionRegionWidth_conf">compiletime</P>
      <P Name="PzPositionTargetSpecify">on</P>
      <P Name="PzPositionTargetPriority">Low</P>
      <P Name="PzPositionTargetValue">smiData.CylindricalJoint(1).Pz.Pos</P>
      <P Name="PzPositionTargetValueUnits">m</P>
      <P Name="PzPositionTargetValue_conf">compiletime</P>
      <P Name="PzVelocityTargetSpecify">off</P>
      <P Name="PzVelocityTargetPriority">High</P>
      <P Name="PzVelocityTargetValue">0</P>
      <P Name="PzVelocityTargetValueUnits">m/s</P>
      <P Name="PzVelocityTargetValue_conf">compiletime</P>
      <P Name="RzEquilibriumPosition">AAC_Param.Act.Id.Spr.l0</P>
      <P Name="RzEquilibriumPositionUnits">rad</P>
      <P Name="RzEquilibriumPosition_conf">compiletime</P>
      <P Name="RzSpringStiffness">AAC_Param.Act.Id.Spr.k</P>
      <P Name="RzSpringStiffnessUnits">N*m/rad</P>
      <P Name="RzSpringStiffness_conf">compiletime</P>
      <P Name="RzDampingCoefficient">AAC_Param.Act.Id.Spr.b</P>
      <P Name="RzDampingCoefficientUnits">N*m/(rad/s)</P>
      <P Name="RzDampingCoefficient_conf">compiletime</P>
      <P Name="RzTorqueActuationMode">NoTorque</P>
      <P Name="RzMotionActuationMode">ComputedMotion</P>
      <P Name="RzSensePosition">off</P>
      <P Name="RzSenseVelocity">off</P>
      <P Name="RzSenseAcceleration">off</P>
      <P Name="RzSenseTorqueForce">off</P>
      <P Name="RzSenseLowerLimitTorqueForce">off</P>
      <P Name="RzSenseUpperLimitTorqueForce">off</P>
      <P Name="RzLowerLimitSpecify">off</P>
      <P Name="RzLowerLimitBound">-90</P>
      <P Name="RzLowerLimitBoundUnits">deg</P>
      <P Name="RzLowerLimitBound_conf">compiletime</P>
      <P Name="RzLowerLimitStiffness">1e4</P>
      <P Name="RzLowerLimitStiffnessUnits">N*m/deg</P>
      <P Name="RzLowerLimitStiffness_conf">compiletime</P>
      <P Name="RzLowerLimitDamping">10</P>
      <P Name="RzLowerLimitDampingUnits">N*m/(deg/s)</P>
      <P Name="RzLowerLimitDamping_conf">compiletime</P>
      <P Name="RzLowerLimitTransitionRegionWidth">0.1</P>
      <P Name="RzLowerLimitTransitionRegionWidthUnits">deg</P>
      <P Name="RzLowerLimitTransitionRegionWidth_conf">compiletime</P>
      <P Name="RzUpperLimitSpecify">off</P>
      <P Name="RzUpperLimitBound">90</P>
      <P Name="RzUpperLimitBoundUnits">deg</P>
      <P Name="RzUpperLimitBound_conf">compiletime</P>
      <P Name="RzUpperLimitStiffness">1e4</P>
      <P Name="RzUpperLimitStiffnessUnits">N*m/deg</P>
      <P Name="RzUpperLimitStiffness_conf">compiletime</P>
      <P Name="RzUpperLimitDamping">10</P>
      <P Name="RzUpperLimitDampingUnits">N*m/(deg/s)</P>
      <P Name="RzUpperLimitDamping_conf">compiletime</P>
      <P Name="RzUpperLimitTransitionRegionWidth">0.1</P>
      <P Name="RzUpperLimitTransitionRegionWidthUnits">deg</P>
      <P Name="RzUpperLimitTransitionRegionWidth_conf">compiletime</P>
      <P Name="RzPositionTargetSpecify">on</P>
      <P Name="RzPositionTargetPriority">Low</P>
      <P Name="RzPositionTargetValue">smiData.CylindricalJoint(1).Rz.Pos</P>
      <P Name="RzPositionTargetValueUnits">deg</P>
      <P Name="RzPositionTargetValue_conf">compiletime</P>
      <P Name="RzVelocityTargetSpecify">off</P>
      <P Name="RzVelocityTargetPriority">High</P>
      <P Name="RzVelocityTargetValue">0</P>
      <P Name="RzVelocityTargetValueUnits">deg/s</P>
      <P Name="RzVelocityTargetValue_conf">compiletime</P>
    </InstanceData>
  </Block>
  <Block BlockType="Gain" Name="Gain" SID="1180">
    <P Name="Position">[250, -50, 290, -20]</P>
    <P Name="ZOrder">123</P>
    <P Name="Gain">1/3</P>
  </Block>
  <Block BlockType="Reference" Name="PS-Simulink&#xA;Converter" SID="1084">
    <PortCounts out="1" lconn="1"/>
    <P Name="Position">[210, -43, 225, -27]</P>
    <P Name="ZOrder">113</P>
    <P Name="ShowName">off</P>
    <P Name="LibraryVersion">7.0</P>
    <P Name="FontSize">9</P>
    <P Name="SourceBlock">nesl_utility/PS-Simulink
Converter</P>
    <P Name="SourceType">PS-Simulink
Converter</P>
    <InstanceData>
      <P Name="RTWMemSecFuncInitTerm">Inherit from model</P>
      <P Name="RTWMemSecFuncExecute">Inherit from model</P>
      <P Name="RTWMemSecDataConstants">Inherit from model</P>
      <P Name="RTWMemSecDataInternal">Inherit from model</P>
      <P Name="RTWMemSecDataParameters">Inherit from model</P>
      <P Name="ContentPreviewEnabled">on</P>
      <P Name="PhysicalDomain">network_engine_domain</P>
      <P Name="SubClassName">ps_output</P>
      <P Name="LeftPortType">input</P>
      <P Name="RightPortType">output</P>
      <P Name="PseudoPeriodic">off</P>
      <P Name="Frequencies">[]</P>
      <P Name="VectorFormat">1-D array</P>
      <P Name="Unit">1</P>
      <P Name="AffineConversion">off</P>
    </InstanceData>
  </Block>
  <Block BlockType="Reference" Name="Simulink-PS&#xA;Converter" SID="1083">
    <PortCounts in="1" rconn="1"/>
    <P Name="Position">[55, -43, 70, -27]</P>
    <P Name="ZOrder">112</P>
    <P Name="ShowName">off</P>
    <P Name="LibraryVersion">7.0</P>
    <P Name="FontSize">9</P>
    <P Name="SourceBlock">nesl_utility/Simulink-PS
Converter</P>
    <P Name="SourceType">Simulink-PS
Converter</P>
    <InstanceData>
      <P Name="RTWMemSecFuncInitTerm">Inherit from model</P>
      <P Name="RTWMemSecFuncExecute">Inherit from model</P>
      <P Name="RTWMemSecDataConstants">Inherit from model</P>
      <P Name="RTWMemSecDataInternal">Inherit from model</P>
      <P Name="RTWMemSecDataParameters">Inherit from model</P>
      <P Name="ContentPreviewEnabled">on</P>
      <P Name="PhysicalDomain">network_engine_domain</P>
      <P Name="SubClassName">ps_input</P>
      <P Name="LeftPortType">input</P>
      <P Name="RightPortType">output</P>
      <P Name="PseudoPeriodic">off</P>
      <P Name="Frequencies">[]</P>
      <P Name="NoiseDistribution">none</P>
      <P Name="NoiseParameters">[]</P>
      <P Name="Unit">1</P>
      <P Name="AffineConversion">off</P>
      <P Name="FilteringAndDerivatives">filter</P>
      <P Name="SimscapeFilterOrder">2</P>
      <P Name="InputFilterTimeConstant">0.005</P>
      <P Name="UdotUserProvided">0</P>
    </InstanceData>
  </Block>
  <Block BlockType="Terminator" Name="Terminator" SID="1179">
    <P Name="Position">[55, 95, 75, 115]</P>
    <P Name="ZOrder">122</P>
    <P Name="ShowName">off</P>
  </Block>
  <Block BlockType="PMIOPort" Name="C1" SID="1078">
    <P Name="Position">[78, -140, 92, -110]</P>
    <P Name="ZOrder">107</P>
    <P Name="BlockRotation">270</P>
    <P Name="BlockMirror">on</P>
    <P Name="NameLocation">right</P>
    <P Name="Side">Right</P>
  </Block>
  <Block BlockType="PMIOPort" Name="P1" SID="1077">
    <P Name="Position">[168, -140, 182, -110]</P>
    <P Name="ZOrder">106</P>
    <P Name="BlockRotation">270</P>
    <P Name="BlockMirror">on</P>
    <P Name="NameLocation">left</P>
    <P Name="Port">2</P>
    <P Name="Side">Right</P>
  </Block>
  <Block BlockType="PMIOPort" Name="C2" SID="1080">
    <P Name="Position">[293, -140, 307, -110]</P>
    <P Name="ZOrder">109</P>
    <P Name="BlockRotation">270</P>
    <P Name="BlockMirror">on</P>
    <P Name="NameLocation">right</P>
    <P Name="Port">3</P>
    <P Name="Side">Right</P>
  </Block>
  <Block BlockType="PMIOPort" Name="P2" SID="1079">
    <P Name="Position">[373, -140, 387, -110]</P>
    <P Name="ZOrder">108</P>
    <P Name="BlockRotation">270</P>
    <P Name="BlockMirror">on</P>
    <P Name="NameLocation">left</P>
    <P Name="Port">4</P>
    <P Name="Side">Right</P>
  </Block>
  <Block BlockType="PMIOPort" Name="C3" SID="1082">
    <P Name="Position">[503, -140, 517, -110]</P>
    <P Name="ZOrder">111</P>
    <P Name="BlockRotation">270</P>
    <P Name="BlockMirror">on</P>
    <P Name="NameLocation">right</P>
    <P Name="Port">5</P>
    <P Name="Side">Right</P>
  </Block>
  <Block BlockType="PMIOPort" Name="P3" SID="1081">
    <P Name="Position">[593, -140, 607, -110]</P>
    <P Name="ZOrder">110</P>
    <P Name="BlockRotation">270</P>
    <P Name="BlockMirror">on</P>
    <P Name="NameLocation">left</P>
    <P Name="Port">6</P>
    <P Name="Side">Right</P>
  </Block>
  <Block BlockType="Outport" Name="fz" SID="1088">
    <P Name="Position">[325, -42, 355, -28]</P>
    <P Name="ZOrder">115</P>
    <P Name="VectorParamsAs1DForOutWhenUnconnected">off</P>
  </Block>
  <Line LineType="Connection">
    <P Name="ZOrder">61</P>
    <P Name="Src">53#lconn:1</P>
    <P Name="Points">[-10, 0]</P>
    <P Name="Dst">1082#rconn:1</P>
  </Line>
  <Line LineType="Connection">
    <P Name="ZOrder">58</P>
    <P Name="Src">35#rconn:1</P>
    <P Name="Points">[5, 0]</P>
    <P Name="Dst">1079#rconn:1</P>
  </Line>
  <Line LineType="Connection">
    <P Name="ZOrder">57</P>
    <P Name="Src">17#lconn:1</P>
    <P Name="Points">[-15, 0]</P>
    <P Name="Dst">1078#rconn:1</P>
  </Line>
  <Line LineType="Connection">
    <P Name="ZOrder">59</P>
    <P Name="Src">35#lconn:1</P>
    <P Name="Points">[-5, 0]</P>
    <P Name="Dst">1080#rconn:1</P>
  </Line>
  <Line LineType="Connection">
    <P Name="ZOrder">60</P>
    <P Name="Src">53#rconn:1</P>
    <P Name="Points">[10, 0]</P>
    <P Name="Dst">1081#rconn:1</P>
  </Line>
  <Line LineType="Connection">
    <P Name="ZOrder">56</P>
    <P Name="Src">17#rconn:1</P>
    <P Name="Points">[5, 0]</P>
    <P Name="Dst">1077#rconn:1</P>
  </Line>
  <Line LineType="Connection">
    <P Name="ZOrder">73</P>
    <P Name="Src">17#lconn:2</P>
    <P Name="Points">[-15, 0]</P>
    <P Name="Dst">1083#rconn:1</P>
  </Line>
  <Line LineType="Connection">
    <P Name="ZOrder">65</P>
    <P Name="Src">1084#lconn:1</P>
    <P Name="Points">[-14, 0; 0, -45]</P>
    <P Name="Dst">17#rconn:2</P>
  </Line>
  <Line>
    <P Name="ZOrder">79</P>
    <P Name="Src">1110#out:1</P>
    <P Name="Points">[19, 0; 0, -42; -138, 0; 0, -48]</P>
    <P Name="Dst">1083#in:1</P>
  </Line>
  <Line>
    <P Name="ZOrder">72</P>
    <P Name="Src">1084#out:1</P>
    <P Name="Dst">1180#in:1</P>
  </Line>
  <Line>
    <P Name="ZOrder">77</P>
    <P Name="Src">1087#out:1</P>
    <P Name="Dst">1110#in:1</P>
  </Line>
  <Line>
    <P Name="ZOrder">81</P>
    <P Name="Src">1174#out:1</P>
    <P Name="Dst">1179#in:1</P>
  </Line>
  <Line>
    <P Name="ZOrder">82</P>
    <P Name="Src">1180#out:1</P>
    <P Name="Dst">1088#in:1</P>
  </Line>
</System>
