<?xml version="1.0" encoding="utf-8"?>
<System>
  <P Name="Location">[-7, -7, 1543, 841]</P>
  <Block BlockType="SubSystem" Name="Hex_Screw_M5_1_RIGID" SID="794">
    <PortCounts lconn="1"/>
    <P Name="Position">[-140, 145, -100, 185]</P>
    <P Name="ZOrder">1</P>
    <Mask>
      <Display/>
    </Mask>
    <System Ref="system_794"/>
  </Block>
  <Block BlockType="SubSystem" Name="Hex_Screw_M5_2_RIGID" SID="795">
    <PortCounts lconn="1"/>
    <P Name="Position">[-140, 80, -100, 120]</P>
    <P Name="ZOrder">2</P>
    <Mask>
      <Display/>
    </Mask>
    <System Ref="system_795"/>
  </Block>
  <Block BlockType="SubSystem" Name="Hex_Screw_M5_3_RIGID" SID="796">
    <PortCounts lconn="1"/>
    <P Name="Position">[-140, 15, -100, 55]</P>
    <P Name="ZOrder">3</P>
    <Mask>
      <Display/>
    </Mask>
    <System Ref="system_796"/>
  </Block>
  <Block BlockType="SubSystem" Name="Hex_Screw_M5_4_RIGID" SID="797">
    <PortCounts lconn="1"/>
    <P Name="Position">[45, 145, 85, 185]</P>
    <P Name="ZOrder">4</P>
    <Mask>
      <Display/>
    </Mask>
    <System Ref="system_797"/>
  </Block>
  <Block BlockType="SubSystem" Name="Hex_Screw_M5_5_RIGID" SID="798">
    <PortCounts lconn="1"/>
    <P Name="Position">[45, 75, 85, 115]</P>
    <P Name="ZOrder">5</P>
    <Mask>
      <Display/>
    </Mask>
    <System Ref="system_798"/>
  </Block>
  <Block BlockType="SubSystem" Name="Hex_Screw_M5_6_RIGID" SID="799">
    <PortCounts lconn="1"/>
    <P Name="Position">[45, 15, 85, 55]</P>
    <P Name="ZOrder">6</P>
    <Mask>
      <Display/>
    </Mask>
    <System Ref="system_799"/>
  </Block>
  <Block BlockType="SubSystem" Name="Hex_Screw_M5_7_RIGID" SID="800">
    <PortCounts lconn="1"/>
    <P Name="Position">[230, 145, 270, 185]</P>
    <P Name="ZOrder">7</P>
    <Mask>
      <Display/>
    </Mask>
    <System Ref="system_800"/>
  </Block>
  <Block BlockType="SubSystem" Name="Hex_Screw_M5_8_RIGID" SID="801">
    <PortCounts lconn="1"/>
    <P Name="Position">[230, 80, 270, 120]</P>
    <P Name="ZOrder">8</P>
    <Mask>
      <Display/>
    </Mask>
    <System Ref="system_801"/>
  </Block>
  <Block BlockType="SubSystem" Name="Hex_Screw_M5_9_RIGID" SID="802">
    <PortCounts lconn="1"/>
    <P Name="Position">[230, 15, 270, 55]</P>
    <P Name="ZOrder">9</P>
    <Mask>
      <Display/>
    </Mask>
    <System Ref="system_802"/>
  </Block>
  <Block BlockType="PMIOPort" Name="G" SID="1331">
    <P Name="Position">[-300, 123, -270, 137]</P>
    <P Name="ZOrder">10</P>
    <P Name="Side">Right</P>
  </Block>
  <Line LineType="Connection">
    <P Name="ZOrder">1</P>
    <P Name="Points">[-210, 100; 55, 0]</P>
    <P Name="Dst">795#lconn:1</P>
    <Branch ConnectType="SRC_DEST">
      <P Name="Points">[-210, 130; 0, -30]</P>
      <Branch ConnectType="SRC_DEST">
        <P Name="Points">[-210, 165; 0, -35]</P>
        <Branch ConnectType="SRC_SRC">
          <P Name="Points">[0, 59; 178, 0; 0, -1]</P>
          <Branch ConnectType="DEST_SRC">
            <P Name="Points">[0, -58]</P>
            <Branch ConnectType="DEST_SRC">
              <P Name="Points">[0, -70]</P>
              <Branch ConnectType="DEST_SRC">
                <P Name="Points">[0, -60]</P>
                <P Name="Dst">799#lconn:1</P>
              </Branch>
              <Branch ConnectType="DEST_SRC">
                <P Name="Dst">798#lconn:1</P>
              </Branch>
            </Branch>
            <Branch ConnectType="DEST_SRC">
              <P Name="Dst">797#lconn:1</P>
            </Branch>
          </Branch>
          <Branch ConnectType="DEST_SRC">
            <P Name="Points">[192, 0; 0, -58]</P>
            <Branch ConnectType="DEST_SRC">
              <P Name="Points">[0, -65]</P>
              <Branch ConnectType="DEST_SRC">
                <P Name="Points">[0, -65]</P>
                <P Name="Dst">802#lconn:1</P>
              </Branch>
              <Branch ConnectType="DEST_SRC">
                <P Name="Dst">801#lconn:1</P>
              </Branch>
            </Branch>
            <Branch ConnectType="DEST_SRC">
              <P Name="Dst">800#lconn:1</P>
            </Branch>
          </Branch>
        </Branch>
        <Branch ConnectType="SRC_DEST">
          <P Name="Src">794#lconn:1</P>
          <P Name="Points">[-55, 0]</P>
        </Branch>
      </Branch>
      <Branch ConnectType="SRC_SRC">
        <P Name="Dst">1331#rconn:1</P>
      </Branch>
    </Branch>
    <Branch ConnectType="SRC_SRC">
      <P Name="Points">[0, -65]</P>
      <P Name="Dst">796#lconn:1</P>
    </Branch>
  </Line>
</System>
