<?xml version="1.0" encoding="utf-8"?>
<System>
  <P Name="Location">[-7, -7, 1543, 937]</P>
  <Block BlockType="SubSystem" Name="Hex_Screw_M5_1_RIGID" SID="848">
    <PortCounts lconn="1"/>
    <P Name="Position">[-130, 115, -90, 155]</P>
    <P Name="ZOrder">1</P>
    <Mask>
      <Display/>
    </Mask>
    <System Ref="system_848"/>
  </Block>
  <Block BlockType="SubSystem" Name="Hex_Screw_M5_2_RIGID" SID="849">
    <PortCounts lconn="1"/>
    <P Name="Position">[-130, 50, -90, 90]</P>
    <P Name="ZOrder">2</P>
    <Mask>
      <Display/>
    </Mask>
    <System Ref="system_849"/>
  </Block>
  <Block BlockType="SubSystem" Name="Hex_Screw_M5_3_RIGID" SID="850">
    <PortCounts lconn="1"/>
    <P Name="Position">[-130, -15, -90, 25]</P>
    <P Name="ZOrder">3</P>
    <Mask>
      <Display/>
    </Mask>
    <System Ref="system_850"/>
  </Block>
  <Block BlockType="SubSystem" Name="Hex_Screw_M5_4_RIGID" SID="851">
    <PortCounts lconn="1"/>
    <P Name="Position">[45, 115, 85, 155]</P>
    <P Name="ZOrder">4</P>
    <Mask>
      <Display/>
    </Mask>
    <System Ref="system_851"/>
  </Block>
  <Block BlockType="SubSystem" Name="Hex_Screw_M5_5_RIGID" SID="852">
    <PortCounts lconn="1"/>
    <P Name="Position">[45, 50, 85, 90]</P>
    <P Name="ZOrder">5</P>
    <Mask>
      <Display/>
    </Mask>
    <System Ref="system_852"/>
  </Block>
  <Block BlockType="SubSystem" Name="Hex_Screw_M5_6_RIGID" SID="853">
    <PortCounts lconn="1"/>
    <P Name="Position">[45, -15, 85, 25]</P>
    <P Name="ZOrder">6</P>
    <Mask>
      <Display/>
    </Mask>
    <System Ref="system_853"/>
  </Block>
  <Block BlockType="SubSystem" Name="Hex_Screw_M5_7_RIGID" SID="854">
    <PortCounts lconn="1"/>
    <P Name="Position">[215, 115, 255, 155]</P>
    <P Name="ZOrder">7</P>
    <Mask>
      <Display/>
    </Mask>
    <System Ref="system_854"/>
  </Block>
  <Block BlockType="SubSystem" Name="Hex_Screw_M5_8_RIGID" SID="855">
    <PortCounts lconn="1"/>
    <P Name="Position">[215, 50, 255, 90]</P>
    <P Name="ZOrder">8</P>
    <Mask>
      <Display/>
    </Mask>
    <System Ref="system_855"/>
  </Block>
  <Block BlockType="SubSystem" Name="Hex_Screw_M5_9_RIGID" SID="856">
    <PortCounts lconn="1"/>
    <P Name="Position">[215, -15, 255, 25]</P>
    <P Name="ZOrder">9</P>
    <Mask>
      <Display/>
    </Mask>
    <System Ref="system_856"/>
  </Block>
  <Block BlockType="PMIOPort" Name="G" SID="1322">
    <P Name="Position">[-255, 98, -225, 112]</P>
    <P Name="ZOrder">10</P>
    <P Name="Side">Right</P>
  </Block>
  <Line LineType="Connection">
    <P Name="ZOrder">2</P>
    <P Name="Src">848#lconn:1</P>
    <P Name="Points">[-45, 0]</P>
    <Branch ConnectType="DEST_SRC">
      <P Name="Points">[0, 46; 168, 0]</P>
      <Branch ConnectType="DEST_SRC">
        <P Name="Points">[0, -46]</P>
        <Branch ConnectType="DEST_SRC">
          <P Name="Points">[0, -65]</P>
          <Branch ConnectType="DEST_SRC">
            <P Name="Points">[0, -65]</P>
            <P Name="Dst">853#lconn:1</P>
          </Branch>
          <Branch ConnectType="DEST_SRC">
            <P Name="Dst">852#lconn:1</P>
          </Branch>
        </Branch>
        <Branch ConnectType="DEST_SRC">
          <P Name="Dst">851#lconn:1</P>
        </Branch>
      </Branch>
      <Branch ConnectType="DEST_SRC">
        <P Name="Points">[169, 0; 0, -46]</P>
        <Branch ConnectType="DEST_SRC">
          <P Name="Points">[0, -65]</P>
          <Branch ConnectType="DEST_SRC">
            <P Name="Points">[0, -65]</P>
            <P Name="Dst">856#lconn:1</P>
          </Branch>
          <Branch ConnectType="DEST_SRC">
            <P Name="Dst">855#lconn:1</P>
          </Branch>
        </Branch>
        <Branch ConnectType="DEST_SRC">
          <P Name="Dst">854#lconn:1</P>
        </Branch>
      </Branch>
    </Branch>
    <Branch ConnectType="DEST_SRC">
      <P Name="Points">[0, -30]</P>
      <Branch ConnectType="DEST_SRC">
        <P Name="Points">[0, -35]</P>
        <Branch ConnectType="DEST_SRC">
          <P Name="Points">[0, -65]</P>
          <P Name="Dst">850#lconn:1</P>
        </Branch>
        <Branch ConnectType="DEST_SRC">
          <P Name="Dst">849#lconn:1</P>
        </Branch>
      </Branch>
      <Branch ConnectType="DEST_SRC">
        <P Name="Dst">1322#rconn:1</P>
      </Branch>
    </Branch>
  </Line>
</System>
