<?xml version="1.0" encoding="utf-8"?>
<System>
  <P Name="Location">[5, 6, 819, 525]</P>
  <P Name="ZoomFactor">105</P>
  <Block BlockType="Reference" Name="C2" SID="1923:1111">
    <PortCounts lconn="1" rconn="1"/>
    <P Name="Position">[425, 105, 465, 145]</P>
    <P Name="ZOrder">34</P>
    <P Name="LibraryVersion">10006000.1</P>
    <P Name="SourceBlock">fl_lib/Electrical/Electrical Elements/Capacitor</P>
    <P Name="SourceType">Capacitor</P>
    <InstanceData>
      <P Name="LogSimulationData">off</P>
      <P Name="SourceFile">foundation.electrical.elements.capacitor</P>
      <P Name="InternalSimscapePortConfiguration">{&quot;Bottom&quot;:[],&quot;Left&quot;:[{&quot;id&quot;:&quot;p&quot;,&quot;label&quot;:&quot;+&quot;,&quot;type&quot;:&quot;foundation.electrical.electrical&quot;}],&quot;Right&quot;:[{&quot;id&quot;:&quot;n&quot;,&quot;label&quot;:&quot;-&quot;,&quot;type&quot;:&quot;foundation.electrical.electrical&quot;}],&quot;Top&quot;:[]}</P>
      <P Name="SscBlockScalableBuild">off</P>
      <P Name="ComponentPath">foundation.electrical.elements.capacitor</P>
      <P Name="ComponentVariants">foundation.electrical.elements.capacitor</P>
      <P Name="ComponentVariantNames">capacitor</P>
      <P Name="ClassName">capacitor</P>
      <P Name="SchemaVersion">1</P>
      <P Name="c">10</P>
      <P Name="c_unit">uF</P>
      <P Name="c_conf">compiletime</P>
      <P Name="r">0.1</P>
      <P Name="r_unit">Ohm</P>
      <P Name="r_conf">compiletime</P>
      <P Name="g">0</P>
      <P Name="g_unit">1/Ohm</P>
      <P Name="g_conf">compiletime</P>
      <P Name="i_specify">off</P>
      <P Name="i_priority">High</P>
      <P Name="i">0</P>
      <P Name="i_unit">A</P>
      <P Name="i_nominal_specify">off</P>
      <P Name="i_nominal_unit">A</P>
      <P Name="i_nominal_value">1</P>
      <P Name="v_specify">off</P>
      <P Name="v_priority">High</P>
      <P Name="v">0</P>
      <P Name="v_unit">V</P>
      <P Name="v_nominal_specify">off</P>
      <P Name="v_nominal_unit">V</P>
      <P Name="v_nominal_value">1</P>
      <P Name="vc_specify">on</P>
      <P Name="vc_priority">High</P>
      <P Name="vc">0</P>
      <P Name="vc_unit">V</P>
      <P Name="vc_nominal_specify">off</P>
      <P Name="vc_nominal_unit">V</P>
      <P Name="vc_nominal_value">1</P>
    </InstanceData>
  </Block>
  <Block BlockType="Reference" Name="C3" SID="1923:1112">
    <PortCounts lconn="1" rconn="1"/>
    <P Name="Position">[155, 140, 195, 180]</P>
    <P Name="ZOrder">15</P>
    <P Name="ShowName">off</P>
    <P Name="LibraryVersion">10006000.1</P>
    <P Name="SourceBlock">fl_lib/Electrical/Electrical Elements/Capacitor</P>
    <P Name="SourceType">Capacitor</P>
    <InstanceData>
      <P Name="LogSimulationData">off</P>
      <P Name="SourceFile">foundation.electrical.elements.capacitor</P>
      <P Name="InternalSimscapePortConfiguration">{&quot;Bottom&quot;:[],&quot;Left&quot;:[{&quot;id&quot;:&quot;p&quot;,&quot;label&quot;:&quot;+&quot;,&quot;type&quot;:&quot;foundation.electrical.electrical&quot;}],&quot;Right&quot;:[{&quot;id&quot;:&quot;n&quot;,&quot;label&quot;:&quot;-&quot;,&quot;type&quot;:&quot;foundation.electrical.electrical&quot;}],&quot;Top&quot;:[]}</P>
      <P Name="SscBlockScalableBuild">off</P>
      <P Name="ComponentPath">foundation.electrical.elements.capacitor</P>
      <P Name="ComponentVariants">foundation.electrical.elements.capacitor</P>
      <P Name="ComponentVariantNames">capacitor</P>
      <P Name="ClassName">capacitor</P>
      <P Name="SchemaVersion">1</P>
      <P Name="c">0.8</P>
      <P Name="c_unit">uF</P>
      <P Name="c_conf">compiletime</P>
      <P Name="r">0.1</P>
      <P Name="r_unit">Ohm</P>
      <P Name="r_conf">compiletime</P>
      <P Name="g">0</P>
      <P Name="g_unit">1/Ohm</P>
      <P Name="g_conf">compiletime</P>
      <P Name="i_specify">off</P>
      <P Name="i_priority">High</P>
      <P Name="i">0</P>
      <P Name="i_unit">A</P>
      <P Name="i_nominal_specify">off</P>
      <P Name="i_nominal_unit">A</P>
      <P Name="i_nominal_value">1</P>
      <P Name="v_specify">off</P>
      <P Name="v_priority">High</P>
      <P Name="v">0</P>
      <P Name="v_unit">V</P>
      <P Name="v_nominal_specify">off</P>
      <P Name="v_nominal_unit">V</P>
      <P Name="v_nominal_value">1</P>
      <P Name="vc_specify">on</P>
      <P Name="vc_priority">High</P>
      <P Name="vc">0</P>
      <P Name="vc_unit">V</P>
      <P Name="vc_nominal_specify">off</P>
      <P Name="vc_nominal_unit">V</P>
      <P Name="vc_nominal_value">1</P>
    </InstanceData>
  </Block>
  <Block BlockType="Reference" Name="Electrical Reference1" SID="1923:1113">
    <PortCounts lconn="1"/>
    <P Name="Position">[120, 50, 140, 70]</P>
    <P Name="ZOrder">33</P>
    <P Name="BlockRotation">180</P>
    <P Name="NameLocation">top</P>
    <P Name="ShowName">off</P>
    <P Name="LibraryVersion">10006000.1</P>
    <P Name="SourceBlock">fl_lib/Electrical/Electrical Elements/Electrical Reference</P>
    <P Name="SourceType">Electrical Reference</P>
    <InstanceData>
      <P Name="LogSimulationData">off</P>
      <P Name="SourceFile">foundation.electrical.elements.reference</P>
      <P Name="InternalSimscapePortConfiguration">{&quot;Bottom&quot;:[],&quot;Left&quot;:[{&quot;id&quot;:&quot;V&quot;,&quot;label&quot;:&quot;&quot;,&quot;type&quot;:&quot;foundation.electrical.electrical&quot;}],&quot;Right&quot;:[],&quot;Top&quot;:[]}</P>
      <P Name="SscBlockScalableBuild">off</P>
      <P Name="ComponentPath">foundation.electrical.elements.reference</P>
      <P Name="ComponentVariants">foundation.electrical.elements.reference</P>
      <P Name="ComponentVariantNames">reference</P>
      <P Name="ClassName">reference_electrical</P>
      <P Name="SchemaVersion">1</P>
    </InstanceData>
  </Block>
  <Block BlockType="Reference" Name="Electrical Reference2" SID="1923:1114">
    <PortCounts lconn="1"/>
    <P Name="Position">[570, 90, 590, 110]</P>
    <P Name="ZOrder">32</P>
    <P Name="ShowName">off</P>
    <P Name="LibraryVersion">10006000.1</P>
    <P Name="SourceBlock">fl_lib/Electrical/Electrical Elements/Electrical Reference</P>
    <P Name="SourceType">Electrical Reference</P>
    <InstanceData>
      <P Name="LogSimulationData">off</P>
      <P Name="SourceFile">foundation.electrical.elements.reference</P>
      <P Name="InternalSimscapePortConfiguration">{&quot;Bottom&quot;:[],&quot;Left&quot;:[{&quot;id&quot;:&quot;V&quot;,&quot;label&quot;:&quot;&quot;,&quot;type&quot;:&quot;foundation.electrical.electrical&quot;}],&quot;Right&quot;:[],&quot;Top&quot;:[]}</P>
      <P Name="SscBlockScalableBuild">off</P>
      <P Name="ComponentPath">foundation.electrical.elements.reference</P>
      <P Name="ComponentVariants">foundation.electrical.elements.reference</P>
      <P Name="ComponentVariantNames">reference</P>
      <P Name="ClassName">reference_electrical</P>
      <P Name="SchemaVersion">1</P>
    </InstanceData>
  </Block>
  <Block BlockType="Reference" Name="Electrical Reference3" SID="1923:1115">
    <PortCounts lconn="1"/>
    <P Name="Position">[275, 70, 295, 90]</P>
    <P Name="ZOrder">31</P>
    <P Name="BlockRotation">270</P>
    <P Name="NameLocation">right</P>
    <P Name="ShowName">off</P>
    <P Name="LibraryVersion">10006000.1</P>
    <P Name="SourceBlock">fl_lib/Electrical/Electrical Elements/Electrical Reference</P>
    <P Name="SourceType">Electrical Reference</P>
    <InstanceData>
      <P Name="LogSimulationData">off</P>
      <P Name="SourceFile">foundation.electrical.elements.reference</P>
      <P Name="InternalSimscapePortConfiguration">{&quot;Bottom&quot;:[],&quot;Left&quot;:[{&quot;id&quot;:&quot;V&quot;,&quot;label&quot;:&quot;&quot;,&quot;type&quot;:&quot;foundation.electrical.electrical&quot;}],&quot;Right&quot;:[],&quot;Top&quot;:[]}</P>
      <P Name="SscBlockScalableBuild">off</P>
      <P Name="ComponentPath">foundation.electrical.elements.reference</P>
      <P Name="ComponentVariants">foundation.electrical.elements.reference</P>
      <P Name="ComponentVariantNames">reference</P>
      <P Name="ClassName">reference_electrical</P>
      <P Name="SchemaVersion">1</P>
    </InstanceData>
  </Block>
  <Block BlockType="Reference" Name="Electrical Reference4" SID="1923:1116">
    <PortCounts lconn="1"/>
    <P Name="Position">[395, 50, 415, 70]</P>
    <P Name="ZOrder">30</P>
    <P Name="BlockMirror">on</P>
    <P Name="NameLocation">top</P>
    <P Name="ShowName">off</P>
    <P Name="LibraryVersion">10006000.1</P>
    <P Name="SourceBlock">fl_lib/Electrical/Electrical Elements/Electrical Reference</P>
    <P Name="SourceType">Electrical Reference</P>
    <InstanceData>
      <P Name="LogSimulationData">off</P>
      <P Name="SourceFile">foundation.electrical.elements.reference</P>
      <P Name="InternalSimscapePortConfiguration">{&quot;Bottom&quot;:[],&quot;Left&quot;:[{&quot;id&quot;:&quot;V&quot;,&quot;label&quot;:&quot;&quot;,&quot;type&quot;:&quot;foundation.electrical.electrical&quot;}],&quot;Right&quot;:[],&quot;Top&quot;:[]}</P>
      <P Name="SscBlockScalableBuild">off</P>
      <P Name="ComponentPath">foundation.electrical.elements.reference</P>
      <P Name="ComponentVariants">foundation.electrical.elements.reference</P>
      <P Name="ComponentVariantNames">reference</P>
      <P Name="ClassName">reference_electrical</P>
      <P Name="SchemaVersion">1</P>
    </InstanceData>
  </Block>
  <Block BlockType="Reference" Name="Op-Amp1" SID="1923:1117">
    <PortCounts lconn="2" rconn="1"/>
    <P Name="Position">[155, 51, 195, 84]</P>
    <P Name="ZOrder">29</P>
    <P Name="LibraryVersion">10006000.3</P>
    <P Name="SourceBlock">ee_lib/Integrated Circuits/Band-Limited Op-Amp</P>
    <P Name="SourceType">Band-Limited Op-Amp</P>
    <InstanceData>
      <P Name="LogSimulationData">off</P>
      <P Name="SourceFile">ee.ic.bandlimited_opamp</P>
      <P Name="InternalSimscapePortConfiguration">{&quot;Bottom&quot;:[],&quot;Left&quot;:[{&quot;id&quot;:&quot;p&quot;,&quot;label&quot;:&quot;+&quot;,&quot;type&quot;:&quot;foundation.electrical.electrical&quot;},{&quot;id&quot;:&quot;n&quot;,&quot;label&quot;:&quot;-&quot;,&quot;type&quot;:&quot;foundation.electrical.electrical&quot;}],&quot;Right&quot;:[{&quot;id&quot;:&quot;out&quot;,&quot;label&quot;:&quot;&quot;,&quot;type&quot;:&quot;foundation.electrical.electrical&quot;}],&quot;Top&quot;:[]}</P>
      <P Name="SscBlockScalableBuild">off</P>
      <P Name="ComponentPath">ee.ic.bandlimited_opamp</P>
      <P Name="ComponentVariants">ee.ic.bandlimited_opamp</P>
      <P Name="ComponentVariantNames">bandlimited_opamp</P>
      <P Name="ClassName">bandlimited_opamp</P>
      <P Name="SchemaVersion">1</P>
      <P Name="A">1000</P>
      <P Name="A_unit">1</P>
      <P Name="A_conf">compiletime</P>
      <P Name="Rin">1e+06</P>
      <P Name="Rin_unit">Ohm</P>
      <P Name="Rin_conf">compiletime</P>
      <P Name="Rout">100</P>
      <P Name="Rout_unit">Ohm</P>
      <P Name="Rout_conf">compiletime</P>
      <P Name="Vmin">-5</P>
      <P Name="Vmin_unit">V</P>
      <P Name="Vmin_conf">compiletime</P>
      <P Name="Vmax">5</P>
      <P Name="Vmax_unit">V</P>
      <P Name="Vmax_conf">compiletime</P>
      <P Name="Vdotmax">1000</P>
      <P Name="Vdotmax_unit">V/s</P>
      <P Name="Vdotmax_conf">compiletime</P>
      <P Name="f">1e2</P>
      <P Name="f_unit">Hz</P>
      <P Name="f_conf">compiletime</P>
      <P Name="V0">0</P>
      <P Name="V0_unit">V</P>
      <P Name="V0_conf">compiletime</P>
    </InstanceData>
  </Block>
  <Block BlockType="Reference" Name="Op-Amp2" SID="1923:1118">
    <PortCounts lconn="2" rconn="1"/>
    <P Name="Position">[295, 115, 335, 155]</P>
    <P Name="ZOrder">28</P>
    <P Name="LibraryVersion">10006000.3</P>
    <P Name="SourceBlock">ee_lib/Integrated Circuits/Band-Limited Op-Amp</P>
    <P Name="SourceType">Band-Limited Op-Amp</P>
    <InstanceData>
      <P Name="LogSimulationData">off</P>
      <P Name="SourceFile">ee.ic.bandlimited_opamp</P>
      <P Name="InternalSimscapePortConfiguration">{&quot;Bottom&quot;:[],&quot;Left&quot;:[{&quot;id&quot;:&quot;p&quot;,&quot;label&quot;:&quot;+&quot;,&quot;type&quot;:&quot;foundation.electrical.electrical&quot;},{&quot;id&quot;:&quot;n&quot;,&quot;label&quot;:&quot;-&quot;,&quot;type&quot;:&quot;foundation.electrical.electrical&quot;}],&quot;Right&quot;:[{&quot;id&quot;:&quot;out&quot;,&quot;label&quot;:&quot;&quot;,&quot;type&quot;:&quot;foundation.electrical.electrical&quot;}],&quot;Top&quot;:[]}</P>
      <P Name="SscBlockScalableBuild">off</P>
      <P Name="ComponentPath">ee.ic.bandlimited_opamp</P>
      <P Name="ComponentVariants">ee.ic.bandlimited_opamp</P>
      <P Name="ComponentVariantNames">bandlimited_opamp</P>
      <P Name="ClassName">bandlimited_opamp</P>
      <P Name="SchemaVersion">1</P>
      <P Name="A">1000</P>
      <P Name="A_unit">1</P>
      <P Name="A_conf">compiletime</P>
      <P Name="Rin">1e+06</P>
      <P Name="Rin_unit">Ohm</P>
      <P Name="Rin_conf">compiletime</P>
      <P Name="Rout">100</P>
      <P Name="Rout_unit">Ohm</P>
      <P Name="Rout_conf">compiletime</P>
      <P Name="Vmin">-5</P>
      <P Name="Vmin_unit">V</P>
      <P Name="Vmin_conf">compiletime</P>
      <P Name="Vmax">5</P>
      <P Name="Vmax_unit">V</P>
      <P Name="Vmax_conf">compiletime</P>
      <P Name="Vdotmax">1000</P>
      <P Name="Vdotmax_unit">V/s</P>
      <P Name="Vdotmax_conf">compiletime</P>
      <P Name="f">1e2</P>
      <P Name="f_unit">Hz</P>
      <P Name="f_conf">compiletime</P>
      <P Name="V0">0</P>
      <P Name="V0_unit">V</P>
      <P Name="V0_conf">compiletime</P>
    </InstanceData>
  </Block>
  <Block BlockType="Reference" Name="Op-Amp3" SID="1923:1119">
    <PortCounts lconn="2" rconn="1"/>
    <P Name="Position">[435, 52, 475, 88]</P>
    <P Name="ZOrder">27</P>
    <P Name="LibraryVersion">10006000.3</P>
    <P Name="SourceBlock">ee_lib/Integrated Circuits/Band-Limited Op-Amp</P>
    <P Name="SourceType">Band-Limited Op-Amp</P>
    <InstanceData>
      <P Name="LogSimulationData">off</P>
      <P Name="SourceFile">ee.ic.bandlimited_opamp</P>
      <P Name="InternalSimscapePortConfiguration">{&quot;Bottom&quot;:[],&quot;Left&quot;:[{&quot;id&quot;:&quot;p&quot;,&quot;label&quot;:&quot;+&quot;,&quot;type&quot;:&quot;foundation.electrical.electrical&quot;},{&quot;id&quot;:&quot;n&quot;,&quot;label&quot;:&quot;-&quot;,&quot;type&quot;:&quot;foundation.electrical.electrical&quot;}],&quot;Right&quot;:[{&quot;id&quot;:&quot;out&quot;,&quot;label&quot;:&quot;&quot;,&quot;type&quot;:&quot;foundation.electrical.electrical&quot;}],&quot;Top&quot;:[]}</P>
      <P Name="SscBlockScalableBuild">off</P>
      <P Name="ComponentPath">ee.ic.bandlimited_opamp</P>
      <P Name="ComponentVariants">ee.ic.bandlimited_opamp</P>
      <P Name="ComponentVariantNames">bandlimited_opamp</P>
      <P Name="ClassName">bandlimited_opamp</P>
      <P Name="SchemaVersion">1</P>
      <P Name="A">1000</P>
      <P Name="A_unit">1</P>
      <P Name="A_conf">compiletime</P>
      <P Name="Rin">1e+06</P>
      <P Name="Rin_unit">Ohm</P>
      <P Name="Rin_conf">compiletime</P>
      <P Name="Rout">100</P>
      <P Name="Rout_unit">Ohm</P>
      <P Name="Rout_conf">compiletime</P>
      <P Name="Vmin">-5</P>
      <P Name="Vmin_unit">V</P>
      <P Name="Vmin_conf">compiletime</P>
      <P Name="Vmax">5</P>
      <P Name="Vmax_unit">V</P>
      <P Name="Vmax_conf">compiletime</P>
      <P Name="Vdotmax">1000</P>
      <P Name="Vdotmax_unit">V/s</P>
      <P Name="Vdotmax_conf">compiletime</P>
      <P Name="f">1e2</P>
      <P Name="f_unit">Hz</P>
      <P Name="f_conf">compiletime</P>
      <P Name="V0">0</P>
      <P Name="V0_unit">V</P>
      <P Name="V0_conf">compiletime</P>
    </InstanceData>
  </Block>
  <Block BlockType="Reference" Name="Op-Amp4" SID="1923:1120">
    <PortCounts lconn="2" rconn="1"/>
    <P Name="Position">[565, 167, 605, 203]</P>
    <P Name="ZOrder">26</P>
    <P Name="NameLocation">top</P>
    <P Name="LibraryVersion">10006000.3</P>
    <P Name="SourceBlock">ee_lib/Integrated Circuits/Band-Limited Op-Amp</P>
    <P Name="SourceType">Band-Limited Op-Amp</P>
    <InstanceData>
      <P Name="LogSimulationData">off</P>
      <P Name="SourceFile">ee.ic.bandlimited_opamp</P>
      <P Name="InternalSimscapePortConfiguration">{&quot;Bottom&quot;:[],&quot;Left&quot;:[{&quot;id&quot;:&quot;p&quot;,&quot;label&quot;:&quot;+&quot;,&quot;type&quot;:&quot;foundation.electrical.electrical&quot;},{&quot;id&quot;:&quot;n&quot;,&quot;label&quot;:&quot;-&quot;,&quot;type&quot;:&quot;foundation.electrical.electrical&quot;}],&quot;Right&quot;:[{&quot;id&quot;:&quot;out&quot;,&quot;label&quot;:&quot;&quot;,&quot;type&quot;:&quot;foundation.electrical.electrical&quot;}],&quot;Top&quot;:[]}</P>
      <P Name="SscBlockScalableBuild">off</P>
      <P Name="ComponentPath">ee.ic.bandlimited_opamp</P>
      <P Name="ComponentVariants">ee.ic.bandlimited_opamp</P>
      <P Name="ComponentVariantNames">bandlimited_opamp</P>
      <P Name="ClassName">bandlimited_opamp</P>
      <P Name="SchemaVersion">1</P>
      <P Name="A">1000</P>
      <P Name="A_unit">1</P>
      <P Name="A_conf">compiletime</P>
      <P Name="Rin">1e+06</P>
      <P Name="Rin_unit">Ohm</P>
      <P Name="Rin_conf">compiletime</P>
      <P Name="Rout">100</P>
      <P Name="Rout_unit">Ohm</P>
      <P Name="Rout_conf">compiletime</P>
      <P Name="Vmin">-5</P>
      <P Name="Vmin_unit">V</P>
      <P Name="Vmin_conf">compiletime</P>
      <P Name="Vmax">5</P>
      <P Name="Vmax_unit">V</P>
      <P Name="Vmax_conf">compiletime</P>
      <P Name="Vdotmax">1000</P>
      <P Name="Vdotmax_unit">V/s</P>
      <P Name="Vdotmax_conf">compiletime</P>
      <P Name="f">1e2</P>
      <P Name="f_unit">Hz</P>
      <P Name="f_conf">compiletime</P>
      <P Name="V0">0</P>
      <P Name="V0_unit">V</P>
      <P Name="V0_conf">compiletime</P>
    </InstanceData>
  </Block>
  <Block BlockType="Reference" Name="R1" SID="1923:1121">
    <PortCounts lconn="1" rconn="1"/>
    <P Name="Position">[75, 61, 115, 89]</P>
    <P Name="ZOrder">25</P>
    <P Name="LibraryVersion">10006000.1</P>
    <P Name="SourceBlock">fl_lib/Electrical/Electrical Elements/Resistor</P>
    <P Name="SourceType">Resistor</P>
    <InstanceData>
      <P Name="LogSimulationData">off</P>
      <P Name="SourceFile">foundation.electrical.elements.resistor</P>
      <P Name="InternalSimscapePortConfiguration">{&quot;Bottom&quot;:[],&quot;Left&quot;:[{&quot;id&quot;:&quot;p&quot;,&quot;label&quot;:&quot;+&quot;,&quot;type&quot;:&quot;foundation.electrical.electrical&quot;}],&quot;Right&quot;:[{&quot;id&quot;:&quot;n&quot;,&quot;label&quot;:&quot;-&quot;,&quot;type&quot;:&quot;foundation.electrical.electrical&quot;}],&quot;Top&quot;:[]}</P>
      <P Name="SscBlockScalableBuild">off</P>
      <P Name="ComponentPath">foundation.electrical.elements.resistor</P>
      <P Name="ComponentVariants">foundation.electrical.elements.resistor</P>
      <P Name="ComponentVariantNames">resistor</P>
      <P Name="ClassName">resistor</P>
      <P Name="SchemaVersion">1</P>
      <P Name="R">10</P>
      <P Name="R_unit">kOhm</P>
      <P Name="R_conf">compiletime</P>
      <P Name="i_specify">off</P>
      <P Name="i_priority">High</P>
      <P Name="i">0</P>
      <P Name="i_unit">A</P>
      <P Name="i_nominal_specify">off</P>
      <P Name="i_nominal_unit">A</P>
      <P Name="i_nominal_value">1</P>
      <P Name="v_specify">off</P>
      <P Name="v_priority">High</P>
      <P Name="v">0</P>
      <P Name="v_unit">V</P>
      <P Name="v_nominal_specify">off</P>
      <P Name="v_nominal_unit">V</P>
      <P Name="v_nominal_value">1</P>
    </InstanceData>
  </Block>
  <Block BlockType="Reference" Name="R10" SID="1923:1122">
    <PortCounts lconn="1" rconn="1"/>
    <P Name="Position">[221, 85, 249, 125]</P>
    <P Name="ZOrder">24</P>
    <P Name="BlockRotation">270</P>
    <P Name="BlockMirror">on</P>
    <P Name="NameLocation">right</P>
    <P Name="LibraryVersion">10006000.1</P>
    <P Name="SourceBlock">fl_lib/Electrical/Electrical Elements/Resistor</P>
    <P Name="SourceType">Resistor</P>
    <InstanceData>
      <P Name="LogSimulationData">off</P>
      <P Name="SourceFile">foundation.electrical.elements.resistor</P>
      <P Name="InternalSimscapePortConfiguration">{&quot;Bottom&quot;:[],&quot;Left&quot;:[{&quot;id&quot;:&quot;p&quot;,&quot;label&quot;:&quot;+&quot;,&quot;type&quot;:&quot;foundation.electrical.electrical&quot;}],&quot;Right&quot;:[{&quot;id&quot;:&quot;n&quot;,&quot;label&quot;:&quot;-&quot;,&quot;type&quot;:&quot;foundation.electrical.electrical&quot;}],&quot;Top&quot;:[]}</P>
      <P Name="SscBlockScalableBuild">off</P>
      <P Name="ComponentPath">foundation.electrical.elements.resistor</P>
      <P Name="ComponentVariants">foundation.electrical.elements.resistor</P>
      <P Name="ComponentVariantNames">resistor</P>
      <P Name="ClassName">resistor</P>
      <P Name="SchemaVersion">1</P>
      <P Name="R">10</P>
      <P Name="R_unit">kOhm</P>
      <P Name="R_conf">compiletime</P>
      <P Name="i_specify">off</P>
      <P Name="i_priority">High</P>
      <P Name="i">0</P>
      <P Name="i_unit">A</P>
      <P Name="i_nominal_specify">off</P>
      <P Name="i_nominal_unit">A</P>
      <P Name="i_nominal_value">1</P>
      <P Name="v_specify">off</P>
      <P Name="v_priority">High</P>
      <P Name="v">0</P>
      <P Name="v_unit">V</P>
      <P Name="v_nominal_specify">off</P>
      <P Name="v_nominal_unit">V</P>
      <P Name="v_nominal_value">1</P>
    </InstanceData>
  </Block>
  <Block BlockType="Reference" Name="R2" SID="1923:1123">
    <PortCounts lconn="1" rconn="1"/>
    <P Name="Position">[155, 101, 195, 129]</P>
    <P Name="ZOrder">23</P>
    <P Name="LibraryVersion">10006000.1</P>
    <P Name="SourceBlock">fl_lib/Electrical/Electrical Elements/Resistor</P>
    <P Name="SourceType">Resistor</P>
    <InstanceData>
      <P Name="LogSimulationData">off</P>
      <P Name="SourceFile">foundation.electrical.elements.resistor</P>
      <P Name="InternalSimscapePortConfiguration">{&quot;Bottom&quot;:[],&quot;Left&quot;:[{&quot;id&quot;:&quot;p&quot;,&quot;label&quot;:&quot;+&quot;,&quot;type&quot;:&quot;foundation.electrical.electrical&quot;}],&quot;Right&quot;:[{&quot;id&quot;:&quot;n&quot;,&quot;label&quot;:&quot;-&quot;,&quot;type&quot;:&quot;foundation.electrical.electrical&quot;}],&quot;Top&quot;:[]}</P>
      <P Name="SscBlockScalableBuild">off</P>
      <P Name="ComponentPath">foundation.electrical.elements.resistor</P>
      <P Name="ComponentVariants">foundation.electrical.elements.resistor</P>
      <P Name="ComponentVariantNames">resistor</P>
      <P Name="ClassName">resistor</P>
      <P Name="SchemaVersion">1</P>
      <P Name="R">10</P>
      <P Name="R_unit">kOhm</P>
      <P Name="R_conf">compiletime</P>
      <P Name="i_specify">off</P>
      <P Name="i_priority">High</P>
      <P Name="i">0</P>
      <P Name="i_unit">A</P>
      <P Name="i_nominal_specify">off</P>
      <P Name="i_nominal_unit">A</P>
      <P Name="i_nominal_value">1</P>
      <P Name="v_specify">off</P>
      <P Name="v_priority">High</P>
      <P Name="v">0</P>
      <P Name="v_unit">V</P>
      <P Name="v_nominal_specify">off</P>
      <P Name="v_nominal_unit">V</P>
      <P Name="v_nominal_value">1</P>
    </InstanceData>
  </Block>
  <Block BlockType="Reference" Name="R3" SID="1923:1124">
    <PortCounts lconn="1" rconn="1"/>
    <P Name="Position">[455, 181, 495, 209]</P>
    <P Name="ZOrder">22</P>
    <P Name="LibraryVersion">10006000.1</P>
    <P Name="SourceBlock">fl_lib/Electrical/Electrical Elements/Resistor</P>
    <P Name="SourceType">Resistor</P>
    <InstanceData>
      <P Name="LogSimulationData">off</P>
      <P Name="SourceFile">foundation.electrical.elements.resistor</P>
      <P Name="InternalSimscapePortConfiguration">{&quot;Bottom&quot;:[],&quot;Left&quot;:[{&quot;id&quot;:&quot;p&quot;,&quot;label&quot;:&quot;+&quot;,&quot;type&quot;:&quot;foundation.electrical.electrical&quot;}],&quot;Right&quot;:[{&quot;id&quot;:&quot;n&quot;,&quot;label&quot;:&quot;-&quot;,&quot;type&quot;:&quot;foundation.electrical.electrical&quot;}],&quot;Top&quot;:[]}</P>
      <P Name="SscBlockScalableBuild">off</P>
      <P Name="ComponentPath">foundation.electrical.elements.resistor</P>
      <P Name="ComponentVariants">foundation.electrical.elements.resistor</P>
      <P Name="ComponentVariantNames">resistor</P>
      <P Name="ClassName">resistor</P>
      <P Name="SchemaVersion">1</P>
      <P Name="R">30*3</P>
      <P Name="R_unit">kOhm</P>
      <P Name="R_conf">compiletime</P>
      <P Name="i_specify">off</P>
      <P Name="i_priority">High</P>
      <P Name="i">0</P>
      <P Name="i_unit">A</P>
      <P Name="i_nominal_specify">off</P>
      <P Name="i_nominal_unit">A</P>
      <P Name="i_nominal_value">1</P>
      <P Name="v_specify">off</P>
      <P Name="v_priority">High</P>
      <P Name="v">0</P>
      <P Name="v_unit">V</P>
      <P Name="v_nominal_specify">off</P>
      <P Name="v_nominal_unit">V</P>
      <P Name="v_nominal_value">1</P>
    </InstanceData>
  </Block>
  <Block BlockType="Reference" Name="R4" SID="1923:1125">
    <PortCounts lconn="1" rconn="1"/>
    <P Name="Position">[285, 181, 325, 209]</P>
    <P Name="ZOrder">21</P>
    <P Name="LibraryVersion">10006000.1</P>
    <P Name="SourceBlock">fl_lib/Electrical/Electrical Elements/Resistor</P>
    <P Name="SourceType">Resistor</P>
    <InstanceData>
      <P Name="LogSimulationData">off</P>
      <P Name="SourceFile">foundation.electrical.elements.resistor</P>
      <P Name="InternalSimscapePortConfiguration">{&quot;Bottom&quot;:[],&quot;Left&quot;:[{&quot;id&quot;:&quot;p&quot;,&quot;label&quot;:&quot;+&quot;,&quot;type&quot;:&quot;foundation.electrical.electrical&quot;}],&quot;Right&quot;:[{&quot;id&quot;:&quot;n&quot;,&quot;label&quot;:&quot;-&quot;,&quot;type&quot;:&quot;foundation.electrical.electrical&quot;}],&quot;Top&quot;:[]}</P>
      <P Name="SscBlockScalableBuild">off</P>
      <P Name="ComponentPath">foundation.electrical.elements.resistor</P>
      <P Name="ComponentVariants">foundation.electrical.elements.resistor</P>
      <P Name="ComponentVariantNames">resistor</P>
      <P Name="ClassName">resistor</P>
      <P Name="SchemaVersion">1</P>
      <P Name="R">10</P>
      <P Name="R_unit">kOhm</P>
      <P Name="R_conf">compiletime</P>
      <P Name="i_specify">off</P>
      <P Name="i_priority">High</P>
      <P Name="i">0</P>
      <P Name="i_unit">A</P>
      <P Name="i_nominal_specify">off</P>
      <P Name="i_nominal_unit">A</P>
      <P Name="i_nominal_value">1</P>
      <P Name="v_specify">off</P>
      <P Name="v_priority">High</P>
      <P Name="v">0</P>
      <P Name="v_unit">V</P>
      <P Name="v_nominal_specify">off</P>
      <P Name="v_nominal_unit">V</P>
      <P Name="v_nominal_value">1</P>
    </InstanceData>
  </Block>
  <Block BlockType="Reference" Name="R5" SID="1923:1126">
    <PortCounts lconn="1" rconn="1"/>
    <P Name="Position">[501, 120, 529, 160]</P>
    <P Name="ZOrder">20</P>
    <P Name="BlockRotation">270</P>
    <P Name="BlockMirror">on</P>
    <P Name="NameLocation">left</P>
    <P Name="LibraryVersion">10006000.1</P>
    <P Name="SourceBlock">fl_lib/Electrical/Electrical Elements/Resistor</P>
    <P Name="SourceType">Resistor</P>
    <InstanceData>
      <P Name="LogSimulationData">off</P>
      <P Name="SourceFile">foundation.electrical.elements.resistor</P>
      <P Name="InternalSimscapePortConfiguration">{&quot;Bottom&quot;:[],&quot;Left&quot;:[{&quot;id&quot;:&quot;p&quot;,&quot;label&quot;:&quot;+&quot;,&quot;type&quot;:&quot;foundation.electrical.electrical&quot;}],&quot;Right&quot;:[{&quot;id&quot;:&quot;n&quot;,&quot;label&quot;:&quot;-&quot;,&quot;type&quot;:&quot;foundation.electrical.electrical&quot;}],&quot;Top&quot;:[]}</P>
      <P Name="SscBlockScalableBuild">off</P>
      <P Name="ComponentPath">foundation.electrical.elements.resistor</P>
      <P Name="ComponentVariants">foundation.electrical.elements.resistor</P>
      <P Name="ComponentVariantNames">resistor</P>
      <P Name="ClassName">resistor</P>
      <P Name="SchemaVersion">1</P>
      <P Name="R">10</P>
      <P Name="R_unit">kOhm</P>
      <P Name="R_conf">compiletime</P>
      <P Name="i_specify">off</P>
      <P Name="i_priority">High</P>
      <P Name="i">0</P>
      <P Name="i_unit">A</P>
      <P Name="i_nominal_specify">off</P>
      <P Name="i_nominal_unit">A</P>
      <P Name="i_nominal_value">1</P>
      <P Name="v_specify">off</P>
      <P Name="v_priority">High</P>
      <P Name="v">0</P>
      <P Name="v_unit">V</P>
      <P Name="v_nominal_specify">off</P>
      <P Name="v_nominal_unit">V</P>
      <P Name="v_nominal_value">1</P>
    </InstanceData>
  </Block>
  <Block BlockType="Reference" Name="R6" SID="1923:1127">
    <PortCounts lconn="1" rconn="1"/>
    <P Name="Position">[526, 120, 554, 160]</P>
    <P Name="ZOrder">19</P>
    <P Name="BlockRotation">270</P>
    <P Name="NameLocation">right</P>
    <P Name="LibraryVersion">10006000.1</P>
    <P Name="SourceBlock">fl_lib/Electrical/Electrical Elements/Resistor</P>
    <P Name="SourceType">Resistor</P>
    <InstanceData>
      <P Name="LogSimulationData">off</P>
      <P Name="SourceFile">foundation.electrical.elements.resistor</P>
      <P Name="InternalSimscapePortConfiguration">{&quot;Bottom&quot;:[],&quot;Left&quot;:[{&quot;id&quot;:&quot;p&quot;,&quot;label&quot;:&quot;+&quot;,&quot;type&quot;:&quot;foundation.electrical.electrical&quot;}],&quot;Right&quot;:[{&quot;id&quot;:&quot;n&quot;,&quot;label&quot;:&quot;-&quot;,&quot;type&quot;:&quot;foundation.electrical.electrical&quot;}],&quot;Top&quot;:[]}</P>
      <P Name="SscBlockScalableBuild">off</P>
      <P Name="ComponentPath">foundation.electrical.elements.resistor</P>
      <P Name="ComponentVariants">foundation.electrical.elements.resistor</P>
      <P Name="ComponentVariantNames">resistor</P>
      <P Name="ClassName">resistor</P>
      <P Name="SchemaVersion">1</P>
      <P Name="R">10</P>
      <P Name="R_unit">kOhm</P>
      <P Name="R_conf">compiletime</P>
      <P Name="i_specify">off</P>
      <P Name="i_priority">High</P>
      <P Name="i">0</P>
      <P Name="i_unit">A</P>
      <P Name="i_nominal_specify">off</P>
      <P Name="i_nominal_unit">A</P>
      <P Name="i_nominal_value">1</P>
      <P Name="v_specify">off</P>
      <P Name="v_priority">High</P>
      <P Name="v">0</P>
      <P Name="v_unit">V</P>
      <P Name="v_nominal_specify">off</P>
      <P Name="v_nominal_unit">V</P>
      <P Name="v_nominal_value">1</P>
    </InstanceData>
  </Block>
  <Block BlockType="Reference" Name="R7" SID="1923:1128">
    <PortCounts lconn="1" rconn="1"/>
    <P Name="Position">[560, 221, 600, 249]</P>
    <P Name="ZOrder">18</P>
    <P Name="NameLocation">top</P>
    <P Name="LibraryVersion">10006000.1</P>
    <P Name="SourceBlock">fl_lib/Electrical/Electrical Elements/Resistor</P>
    <P Name="SourceType">Resistor</P>
    <InstanceData>
      <P Name="LogSimulationData">off</P>
      <P Name="SourceFile">foundation.electrical.elements.resistor</P>
      <P Name="InternalSimscapePortConfiguration">{&quot;Bottom&quot;:[],&quot;Left&quot;:[{&quot;id&quot;:&quot;p&quot;,&quot;label&quot;:&quot;+&quot;,&quot;type&quot;:&quot;foundation.electrical.electrical&quot;}],&quot;Right&quot;:[{&quot;id&quot;:&quot;n&quot;,&quot;label&quot;:&quot;-&quot;,&quot;type&quot;:&quot;foundation.electrical.electrical&quot;}],&quot;Top&quot;:[]}</P>
      <P Name="SscBlockScalableBuild">off</P>
      <P Name="ComponentPath">foundation.electrical.elements.resistor</P>
      <P Name="ComponentVariants">foundation.electrical.elements.resistor</P>
      <P Name="ComponentVariantNames">resistor</P>
      <P Name="ClassName">resistor</P>
      <P Name="SchemaVersion">1</P>
      <P Name="R">R7_sctrl</P>
      <P Name="R_unit">kOhm</P>
      <P Name="R_conf">compiletime</P>
      <P Name="i_specify">off</P>
      <P Name="i_priority">High</P>
      <P Name="i">0</P>
      <P Name="i_unit">A</P>
      <P Name="i_nominal_specify">off</P>
      <P Name="i_nominal_unit">A</P>
      <P Name="i_nominal_value">1</P>
      <P Name="v_specify">off</P>
      <P Name="v_priority">High</P>
      <P Name="v">0</P>
      <P Name="v_unit">V</P>
      <P Name="v_nominal_specify">off</P>
      <P Name="v_nominal_unit">V</P>
      <P Name="v_nominal_value">1</P>
    </InstanceData>
  </Block>
  <Block BlockType="Reference" Name="R8" SID="1923:1129">
    <PortCounts lconn="1" rconn="1"/>
    <P Name="Position">[355, 66, 395, 94]</P>
    <P Name="ZOrder">17</P>
    <P Name="LibraryVersion">10006000.1</P>
    <P Name="SourceBlock">fl_lib/Electrical/Electrical Elements/Resistor</P>
    <P Name="SourceType">Resistor</P>
    <InstanceData>
      <P Name="LogSimulationData">off</P>
      <P Name="SourceFile">foundation.electrical.elements.resistor</P>
      <P Name="InternalSimscapePortConfiguration">{&quot;Bottom&quot;:[],&quot;Left&quot;:[{&quot;id&quot;:&quot;p&quot;,&quot;label&quot;:&quot;+&quot;,&quot;type&quot;:&quot;foundation.electrical.electrical&quot;}],&quot;Right&quot;:[{&quot;id&quot;:&quot;n&quot;,&quot;label&quot;:&quot;-&quot;,&quot;type&quot;:&quot;foundation.electrical.electrical&quot;}],&quot;Top&quot;:[]}</P>
      <P Name="SscBlockScalableBuild">off</P>
      <P Name="ComponentPath">foundation.electrical.elements.resistor</P>
      <P Name="ComponentVariants">foundation.electrical.elements.resistor</P>
      <P Name="ComponentVariantNames">resistor</P>
      <P Name="ClassName">resistor</P>
      <P Name="SchemaVersion">1</P>
      <P Name="R">330*100</P>
      <P Name="R_unit">kOhm</P>
      <P Name="R_conf">compiletime</P>
      <P Name="i_specify">off</P>
      <P Name="i_priority">High</P>
      <P Name="i">0</P>
      <P Name="i_unit">A</P>
      <P Name="i_nominal_specify">off</P>
      <P Name="i_nominal_unit">A</P>
      <P Name="i_nominal_value">1</P>
      <P Name="v_specify">off</P>
      <P Name="v_priority">High</P>
      <P Name="v">0</P>
      <P Name="v_unit">V</P>
      <P Name="v_nominal_specify">off</P>
      <P Name="v_nominal_unit">V</P>
      <P Name="v_nominal_value">1</P>
    </InstanceData>
  </Block>
  <Block BlockType="Reference" Name="R9" SID="1923:1130">
    <PortCounts lconn="1" rconn="1"/>
    <P Name="Position">[185, 181, 225, 209]</P>
    <P Name="ZOrder">16</P>
    <P Name="LibraryVersion">10006000.1</P>
    <P Name="SourceBlock">fl_lib/Electrical/Electrical Elements/Resistor</P>
    <P Name="SourceType">Resistor</P>
    <InstanceData>
      <P Name="LogSimulationData">off</P>
      <P Name="SourceFile">foundation.electrical.elements.resistor</P>
      <P Name="InternalSimscapePortConfiguration">{&quot;Bottom&quot;:[],&quot;Left&quot;:[{&quot;id&quot;:&quot;p&quot;,&quot;label&quot;:&quot;+&quot;,&quot;type&quot;:&quot;foundation.electrical.electrical&quot;}],&quot;Right&quot;:[{&quot;id&quot;:&quot;n&quot;,&quot;label&quot;:&quot;-&quot;,&quot;type&quot;:&quot;foundation.electrical.electrical&quot;}],&quot;Top&quot;:[]}</P>
      <P Name="SscBlockScalableBuild">off</P>
      <P Name="ComponentPath">foundation.electrical.elements.resistor</P>
      <P Name="ComponentVariants">foundation.electrical.elements.resistor</P>
      <P Name="ComponentVariantNames">resistor</P>
      <P Name="ClassName">resistor</P>
      <P Name="SchemaVersion">1</P>
      <P Name="R">10</P>
      <P Name="R_unit">kOhm</P>
      <P Name="R_conf">compiletime</P>
      <P Name="i_specify">off</P>
      <P Name="i_priority">High</P>
      <P Name="i">0</P>
      <P Name="i_unit">A</P>
      <P Name="i_nominal_specify">off</P>
      <P Name="i_nominal_unit">A</P>
      <P Name="i_nominal_value">1</P>
      <P Name="v_specify">off</P>
      <P Name="v_priority">High</P>
      <P Name="v">0</P>
      <P Name="v_unit">V</P>
      <P Name="v_nominal_specify">off</P>
      <P Name="v_nominal_unit">V</P>
      <P Name="v_nominal_value">1</P>
    </InstanceData>
  </Block>
  <Block BlockType="PMIOPort" Name="V_w" SID="1923:1131">
    <P Name="Position">[35, 68, 65, 82]</P>
    <P Name="ZOrder">-21</P>
    <P Name="Side">Left</P>
  </Block>
  <Block BlockType="PMIOPort" Name="Vi_r" SID="1923:1132">
    <P Name="Position">[635, 178, 665, 192]</P>
    <P Name="ZOrder">-22</P>
    <P Name="BlockMirror">on</P>
    <P Name="Port">2</P>
    <P Name="Side">Right</P>
  </Block>
  <Block BlockType="PMIOPort" Name="V_wref" SID="1923:1133">
    <P Name="Position">[35, 188, 65, 202]</P>
    <P Name="ZOrder">-23</P>
    <P Name="Port">3</P>
    <P Name="Side">Left</P>
  </Block>
  <Line LineType="Connection">
    <P Name="ZOrder">1</P>
    <P Name="Points">[345, 195; -5, 0]</P>
    <P Name="Dst">1923:1125#rconn:1</P>
    <Branch ConnectType="SRC_DEST">
      <P Name="Points">[345, 135; 0, 60]</P>
      <Branch ConnectType="SRC_SRC">
        <P Name="Points">[0, -55]</P>
        <P Name="Dst">1923:1129#lconn:1</P>
      </Branch>
      <Branch ConnectType="SRC_DEST">
        <P Name="Src">1923:1118#rconn:1</P>
        <P Name="Points">[-5, 0]</P>
      </Branch>
    </Branch>
    <Branch ConnectType="SRC_SRC">
      <P Name="Dst">1923:1124#lconn:1</P>
    </Branch>
  </Line>
  <Line LineType="Connection">
    <P Name="ZOrder">6</P>
    <P Name="Points">[410, 80; 10, 0]</P>
    <P Name="Dst">1923:1119#lconn:2</P>
    <Branch ConnectType="SRC_DEST">
      <P Name="Src">1923:1111#lconn:1</P>
      <P Name="Points">[-5, 0; 0, -45; 5, 0]</P>
    </Branch>
    <Branch ConnectType="SRC_DEST">
      <P Name="Src">1923:1129#rconn:1</P>
      <P Name="Points">[0, 0]</P>
    </Branch>
  </Line>
  <Line LineType="Connection">
    <P Name="ZOrder">9</P>
    <P Name="Src">1923:1111#rconn:1</P>
    <P Name="Points">[10, 0; 0, -20]</P>
    <Branch ConnectType="DEST_SRC">
      <P Name="Dst">1923:1119#rconn:1</P>
    </Branch>
    <Branch ConnectType="DEST_DEST">
      <P Name="Src">1923:1126#lconn:1</P>
      <P Name="Points">[-25, 0]</P>
    </Branch>
  </Line>
  <Line LineType="Connection">
    <P Name="ZOrder">12</P>
    <P Name="Src">1923:1120#rconn:1</P>
    <P Name="Points">[0, 0]</P>
    <Branch ConnectType="DEST_SRC">
      <P Name="Points">[4, 0; 0, 50]</P>
      <P Name="Dst">1923:1128#rconn:1</P>
    </Branch>
    <Branch ConnectType="DEST_DEST">
      <P Name="Src">1923:1132#rconn:1</P>
      <P Name="Points">[0, 0]</P>
    </Branch>
  </Line>
  <Line LineType="Connection">
    <P Name="ZOrder">15</P>
    <P Name="Src">1923:1126#rconn:1</P>
    <P Name="Points">[25, 0]</P>
    <Branch ConnectType="DEST_SRC">
      <P Name="Dst">1923:1120#lconn:1</P>
    </Branch>
    <Branch ConnectType="DEST_SRC">
      <P Name="Dst">1923:1127#lconn:1</P>
    </Branch>
  </Line>
  <Line LineType="Connection">
    <P Name="ZOrder">18</P>
    <P Name="Points">[525, 195; -15, 0]</P>
    <P Name="Dst">1923:1124#rconn:1</P>
    <Branch ConnectType="SRC_DEST">
      <P Name="Src">1923:1120#lconn:2</P>
      <P Name="Points">[-25, 0]</P>
    </Branch>
    <Branch ConnectType="SRC_SRC">
      <P Name="Points">[0, 40]</P>
      <P Name="Dst">1923:1128#lconn:1</P>
    </Branch>
  </Line>
  <Line LineType="Connection">
    <P Name="ZOrder">21</P>
    <P Name="Src">1923:1130#rconn:1</P>
    <P Name="Points">[10, 0]</P>
    <Branch ConnectType="DEST_SRC">
      <P Name="Dst">1923:1125#lconn:1</P>
    </Branch>
    <Branch ConnectType="DEST_DEST">
      <P Name="Points">[250, 145; 0, 50]</P>
      <Branch ConnectType="SRC_DEST">
        <P Name="Src">1923:1118#lconn:2</P>
        <P Name="Points">[-30, 0]</P>
      </Branch>
      <Branch ConnectType="SRC_SRC">
        <P Name="Points">[-15, 0]</P>
        <P Name="Dst">1923:1122#rconn:1</P>
      </Branch>
    </Branch>
  </Line>
  <Line LineType="Connection">
    <P Name="ZOrder">26</P>
    <P Name="Points">[130, 115; 10, 0]</P>
    <P Name="Dst">1923:1123#lconn:1</P>
    <Branch ConnectType="SRC_SRC">
      <P Name="Points">[0, 45]</P>
      <P Name="Dst">1923:1112#lconn:1</P>
    </Branch>
    <Branch ConnectType="SRC_DEST">
      <P Name="Points">[130, 75; 0, 40]</P>
      <Branch ConnectType="SRC_DEST">
        <P Name="Src">1923:1121#rconn:1</P>
        <P Name="Points">[0, 0]</P>
      </Branch>
      <Branch ConnectType="SRC_SRC">
        <P Name="Dst">1923:1117#lconn:2</P>
      </Branch>
    </Branch>
  </Line>
  <Line LineType="Connection">
    <P Name="ZOrder">31</P>
    <P Name="Points">[214, 70; -4, 0]</P>
    <P Name="Dst">1923:1117#rconn:1</P>
    <Branch ConnectType="SRC_DEST">
      <P Name="Src">1923:1122#lconn:1</P>
      <P Name="Points">[-21, 0]</P>
    </Branch>
    <Branch ConnectType="SRC_SRC">
      <P Name="Points">[0, 45]</P>
      <Branch ConnectType="DEST_DEST">
        <P Name="Src">1923:1112#rconn:1</P>
        <P Name="Points">[4, 0; 0, -45]</P>
      </Branch>
      <Branch ConnectType="DEST_SRC">
        <P Name="Dst">1923:1123#rconn:1</P>
      </Branch>
    </Branch>
  </Line>
  <Line LineType="Connection">
    <P Name="ZOrder">36</P>
    <P Name="Src">1923:1127#rconn:1</P>
    <P Name="Points">[0, -5]</P>
    <P Name="Dst">1923:1114#lconn:1</P>
  </Line>
  <Line LineType="Connection">
    <P Name="ZOrder">37</P>
    <P Name="Src">1923:1115#lconn:1</P>
    <P Name="Points">[0, 20]</P>
    <P Name="Dst">1923:1118#lconn:1</P>
  </Line>
  <Line LineType="Connection">
    <P Name="ZOrder">38</P>
    <P Name="Src">1923:1119#lconn:1</P>
    <P Name="Dst">1923:1116#lconn:1</P>
  </Line>
  <Line LineType="Connection">
    <P Name="ZOrder">39</P>
    <P Name="Src">1923:1117#lconn:1</P>
    <P Name="Dst">1923:1113#lconn:1</P>
  </Line>
  <Line LineType="Connection">
    <P Name="ZOrder">40</P>
    <P Name="Src">1923:1133#rconn:1</P>
    <P Name="Dst">1923:1130#lconn:1</P>
  </Line>
  <Line LineType="Connection">
    <P Name="ZOrder">41</P>
    <P Name="Src">1923:1131#rconn:1</P>
    <P Name="Dst">1923:1121#lconn:1</P>
  </Line>
  <Annotation SID="1923:1134">
    <P Name="Name">Summing 
amplifier</P>
    <P Name="Position">[284, 17, 341, 49]</P>
    <P Name="InternalMargins">[1, 1, 1, 1]</P>
    <P Name="HorizontalAlignment">center</P>
    <P Name="VerticalAlignment">middle</P>
    <P Name="ForegroundColor">blue</P>
    <P Name="ZOrder">-1</P>
  </Annotation>
  <Annotation SID="1923:1135">
    <P Name="Name">Integrator
-1/(R8*C2*s)=-0.3/s</P>
    <P Name="Position">[400, 17, 508, 49]</P>
    <P Name="InternalMargins">[1, 1, 1, 1]</P>
    <P Name="VerticalAlignment">middle</P>
    <P Name="ForegroundColor">blue</P>
    <P Name="ZOrder">-2</P>
  </Annotation>
  <Annotation SID="1923:1136">
    <P Name="Name">Proportional
term -R7/R3=0.3</P>
    <P Name="Position">[370, 207, 462, 239]</P>
    <P Name="InternalMargins">[1, 1, 1, 1]</P>
    <P Name="VerticalAlignment">middle</P>
    <P Name="ForegroundColor">blue</P>
    <P Name="ZOrder">-3</P>
  </Annotation>
  <Annotation SID="1923:1137">
    <P Name="Name">Add integrator
term (R6/R5)Vo</P>
    <P Name="Position">[556, 48, 643, 80]</P>
    <P Name="InternalMargins">[1, 1, 1, 1]</P>
    <P Name="VerticalAlignment">middle</P>
    <P Name="ForegroundColor">blue</P>
    <P Name="ZOrder">-4</P>
  </Annotation>
  <Annotation SID="1923:1138">
    <P Name="Name">Vo</P>
    <P Name="Position">[505, 73, 523, 91]</P>
    <P Name="InternalMargins">[1, 1, 1, 1]</P>
    <P Name="HorizontalAlignment">center</P>
    <P Name="VerticalAlignment">middle</P>
    <P Name="ForegroundColor">blue</P>
    <P Name="ZOrder">-5</P>
  </Annotation>
  <Annotation SID="1923:1139">
    <P Name="Name">V1</P>
    <P Name="Position">[348, 122, 366, 140]</P>
    <P Name="InternalMargins">[1, 1, 1, 1]</P>
    <P Name="HorizontalAlignment">center</P>
    <P Name="VerticalAlignment">middle</P>
    <P Name="ForegroundColor">blue</P>
    <P Name="ZOrder">-6</P>
  </Annotation>
  <Annotation SID="1923:1140">
    <P Name="Name">Change sign
and 20Hz filter</P>
    <P Name="Position">[127, 16, 209, 48]</P>
    <P Name="InternalMargins">[1, 1, 1, 1]</P>
    <P Name="HorizontalAlignment">center</P>
    <P Name="VerticalAlignment">middle</P>
    <P Name="ForegroundColor">blue</P>
    <P Name="ZOrder">-7</P>
  </Annotation>
</System>
