<?xml version="1.0" encoding="utf-8"?>
<System>
  <P Name="Location">[5, 6, 819, 525]</P>
  <Block BlockType="Reference" Name="Controlled PWM&#xA;Voltage" SID="1923:874">
    <PortCounts lconn="2" rconn="2"/>
    <P Name="Position">[-210, -83, -145, -32]</P>
    <P Name="ZOrder">-1</P>
    <P Name="HideAutomaticName">off</P>
    <P Name="LibraryVersion">10007000.3</P>
    <P Name="SourceBlock">ee_lib/Integrated Circuits/Controlled PWM
Voltage</P>
    <P Name="SourceType">Controlled PWM
Voltage</P>
    <InstanceData>
      <P Name="LogSimulationData">off</P>
      <P Name="SourceFile">ee.ic.controlled_pwm</P>
      <P Name="InternalSimscapePortConfiguration">{&quot;Bottom&quot;:[],&quot;Left&quot;:[{&quot;id&quot;:&quot;p1&quot;,&quot;label&quot;:&quot;ref+&quot;,&quot;type&quot;:&quot;foundation.electrical.electrical&quot;},{&quot;id&quot;:&quot;n1&quot;,&quot;label&quot;:&quot;ref-&quot;,&quot;type&quot;:&quot;foundation.electrical.electrical&quot;}],&quot;Right&quot;:[{&quot;id&quot;:&quot;p2&quot;,&quot;label&quot;:&quot;PWM&quot;,&quot;type&quot;:&quot;foundation.electrical.electrical&quot;},{&quot;id&quot;:&quot;n2&quot;,&quot;label&quot;:&quot;REF&quot;,&quot;type&quot;:&quot;foundation.electrical.electrical&quot;}],&quot;Top&quot;:[]}</P>
      <P Name="SscBlockScalableBuild">off</P>
      <P Name="ComponentPath">ee.ic.controlled_pwm</P>
      <P Name="ComponentVariants">ee.ic.controlled_pwm, ee.ic.controlled_pwm_ps</P>
      <P Name="ComponentVariantNames">Electrical input ports, PS input</P>
      <P Name="ClassName">Simscape variant</P>
      <P Name="SchemaVersion">1</P>
      <P Name="F">10000</P>
      <P Name="F_unit">Hz</P>
      <P Name="F_conf">compiletime</P>
      <P Name="TD">0</P>
      <P Name="TD_unit">s</P>
      <P Name="TD_conf">compiletime</P>
      <P Name="pulse_width_offset">0</P>
      <P Name="pulse_width_offset_unit">s</P>
      <P Name="pulse_width_offset_conf">compiletime</P>
      <P Name="pulse_min">0</P>
      <P Name="pulse_min_unit">s</P>
      <P Name="pulse_min_conf">compiletime</P>
      <P Name="pwm_or_av">2</P>
      <P Name="pwm_or_av_unit">1</P>
      <P Name="pwm_or_av_conf">compiletime</P>
      <P Name="event_type">1</P>
      <P Name="event_type_unit">1</P>
      <P Name="event_type_conf">compiletime</P>
      <P Name="sample_time">1e-6</P>
      <P Name="sample_time_unit">s</P>
      <P Name="sample_time_conf">compiletime</P>
      <P Name="Vmin">0</P>
      <P Name="Vmin_unit">V</P>
      <P Name="Vmin_conf">compiletime</P>
      <P Name="Vmax">5</P>
      <P Name="Vmax_unit">V</P>
      <P Name="Vmax_conf">compiletime</P>
      <P Name="Vm">5</P>
      <P Name="Vm_unit">V</P>
      <P Name="Vm_conf">compiletime</P>
      <P Name="u_min">0</P>
      <P Name="u_min_unit">1</P>
      <P Name="u_min_conf">compiletime</P>
      <P Name="u_max">1</P>
      <P Name="u_max_unit">1</P>
      <P Name="u_max_conf">compiletime</P>
    </InstanceData>
  </Block>
  <Block BlockType="Reference" Name="Electrical Reference1" SID="1923:875">
    <PortCounts lconn="1"/>
    <P Name="Position">[-240, 20, -220, 40]</P>
    <P Name="ZOrder">-2</P>
    <P Name="BlockRotation">270</P>
    <P Name="BlockMirror">on</P>
    <P Name="NameLocation">right</P>
    <P Name="ShowName">off</P>
    <P Name="LibraryVersion">10007000.1</P>
    <P Name="SourceBlock">fl_lib/Electrical/Electrical Elements/Electrical Reference</P>
    <P Name="SourceType">Electrical Reference</P>
    <InstanceData>
      <P Name="LogSimulationData">off</P>
      <P Name="SourceFile">foundation.electrical.elements.reference</P>
      <P Name="InternalSimscapePortConfiguration">{&quot;Bottom&quot;:[],&quot;Left&quot;:[{&quot;id&quot;:&quot;V&quot;,&quot;label&quot;:&quot;&quot;,&quot;type&quot;:&quot;foundation.electrical.electrical&quot;}],&quot;Right&quot;:[],&quot;Top&quot;:[]}</P>
      <P Name="SscBlockScalableBuild">off</P>
      <P Name="ComponentPath">foundation.electrical.elements.reference</P>
      <P Name="ComponentVariants">foundation.electrical.elements.reference</P>
      <P Name="ComponentVariantNames">reference</P>
      <P Name="ClassName">reference_electrical</P>
      <P Name="SchemaVersion">1</P>
    </InstanceData>
  </Block>
  <Block BlockType="Reference" Name="Electrical Reference2" SID="1923:876">
    <PortCounts lconn="1"/>
    <P Name="Position">[90, 20, 110, 40]</P>
    <P Name="ZOrder">-3</P>
    <P Name="BlockRotation">270</P>
    <P Name="BlockMirror">on</P>
    <P Name="NameLocation">right</P>
    <P Name="ShowName">off</P>
    <P Name="LibraryVersion">10007000.1</P>
    <P Name="SourceBlock">fl_lib/Electrical/Electrical Elements/Electrical Reference</P>
    <P Name="SourceType">Electrical Reference</P>
    <InstanceData>
      <P Name="LogSimulationData">off</P>
      <P Name="SourceFile">foundation.electrical.elements.reference</P>
      <P Name="InternalSimscapePortConfiguration">{&quot;Bottom&quot;:[],&quot;Left&quot;:[{&quot;id&quot;:&quot;V&quot;,&quot;label&quot;:&quot;&quot;,&quot;type&quot;:&quot;foundation.electrical.electrical&quot;}],&quot;Right&quot;:[],&quot;Top&quot;:[]}</P>
      <P Name="SscBlockScalableBuild">off</P>
      <P Name="ComponentPath">foundation.electrical.elements.reference</P>
      <P Name="ComponentVariants">foundation.electrical.elements.reference</P>
      <P Name="ComponentVariantNames">reference</P>
      <P Name="ClassName">reference_electrical</P>
      <P Name="SchemaVersion">1</P>
    </InstanceData>
  </Block>
  <Block BlockType="Goto" Name="Goto" SID="1923:877">
    <P Name="Position">[80, -129, 150, -111]</P>
    <P Name="ZOrder">64</P>
    <P Name="ShowName">off</P>
    <P Name="Commented">on</P>
    <P Name="GotoTag">MOS_Data</P>
    <P Name="TagVisibility">global</P>
  </Block>
  <Block BlockType="Reference" Name="H-Bridge" SID="1923:878">
    <PortCounts lconn="4" rconn="2"/>
    <P Name="Position">[-30, -84, 80, 19]</P>
    <P Name="ZOrder">-4</P>
    <P Name="HideAutomaticName">off</P>
    <P Name="LibraryVersion">10007000.3</P>
    <P Name="SourceBlock">ee_lib/Semiconductors &amp;
Converters/Converters/H-Bridge</P>
    <P Name="SourceType">H-Bridge</P>
    <InstanceData>
      <P Name="LogSimulationData">off</P>
      <P Name="SourceFile">ee.semiconductors.converters.h_bridge</P>
      <P Name="InternalSimscapePortConfiguration">{&quot;Bottom&quot;:[],&quot;Left&quot;:[{&quot;id&quot;:&quot;ENA&quot;,&quot;label&quot;:&quot;PWM&quot;,&quot;type&quot;:&quot;foundation.electrical.electrical&quot;},{&quot;id&quot;:&quot;REF&quot;,&quot;label&quot;:&quot;REF&quot;,&quot;type&quot;:&quot;foundation.electrical.electrical&quot;},{&quot;id&quot;:&quot;REV&quot;,&quot;label&quot;:&quot;REV&quot;,&quot;type&quot;:&quot;foundation.electrical.electrical&quot;},{&quot;id&quot;:&quot;BRK&quot;,&quot;label&quot;:&quot;BRK&quot;,&quot;type&quot;:&quot;foundation.electrical.electrical&quot;}],&quot;Right&quot;:[{&quot;id&quot;:&quot;p2&quot;,&quot;label&quot;:&quot;+&quot;,&quot;type&quot;:&quot;foundation.electrical.electrical&quot;},{&quot;id&quot;:&quot;n2&quot;,&quot;label&quot;:&quot;-&quot;,&quot;type&quot;:&quot;foundation.electrical.electrical&quot;}],&quot;Top&quot;:[]}</P>
      <P Name="SscBlockScalableBuild">off</P>
      <P Name="ComponentPath">ee.semiconductors.converters.h_bridge</P>
      <P Name="ComponentVariants">ee.semiconductors.converters.h_bridge, ee.semiconductors.converters.h_bridge_thermal</P>
      <P Name="ComponentVariantNames">No thermal port, Show thermal port</P>
      <P Name="ClassName">Simscape variant</P>
      <P Name="SchemaVersion">1</P>
      <P Name="supply_ports">ee.enum.supply_ports.hidesupply</P>
      <P Name="supply_ports_unit">1</P>
      <P Name="supply_ports_conf">compiletime</P>
      <P Name="pwm_or_av">2</P>
      <P Name="pwm_or_av_unit">1</P>
      <P Name="pwm_or_av_conf">compiletime</P>
      <P Name="regenerative_braking_mode">2</P>
      <P Name="regenerative_braking_mode_unit">1</P>
      <P Name="regenerative_braking_mode_conf">compiletime</P>
      <P Name="discontinuous">0</P>
      <P Name="discontinuous_unit">1</P>
      <P Name="discontinuous_conf">compiletime</P>
      <P Name="freewheeling_mode">1</P>
      <P Name="freewheeling_mode_unit">1</P>
      <P Name="freewheeling_mode_conf">compiletime</P>
      <P Name="Rload">10</P>
      <P Name="Rload_unit">Ohm</P>
      <P Name="Rload_conf">compiletime</P>
      <P Name="Lload">1e-5</P>
      <P Name="Lload_unit">H</P>
      <P Name="Lload_conf">compiletime</P>
      <P Name="F">10</P>
      <P Name="F_unit">kHz</P>
      <P Name="F_conf">compiletime</P>
      <P Name="Venable">2.5</P>
      <P Name="Venable_unit">V</P>
      <P Name="Venable_conf">compiletime</P>
      <P Name="Vmax">5</P>
      <P Name="Vmax_unit">V</P>
      <P Name="Vmax_conf">compiletime</P>
      <P Name="Vreverse">2.5</P>
      <P Name="Vreverse_unit">V</P>
      <P Name="Vreverse_conf">compiletime</P>
      <P Name="Vbrake">2.5</P>
      <P Name="Vbrake_unit">V</P>
      <P Name="Vbrake_conf">compiletime</P>
      <P Name="Vm">24</P>
      <P Name="Vm_unit">V</P>
      <P Name="Vm_conf">compiletime</P>
      <P Name="Ron">0.1</P>
      <P Name="Ron_unit">Ohm</P>
      <P Name="Ron_conf">compiletime</P>
      <P Name="Don">0.1</P>
      <P Name="Don_unit">Ohm</P>
      <P Name="Don_conf">compiletime</P>
      <P Name="Goff">1e-6</P>
      <P Name="Goff_unit">S</P>
      <P Name="Goff_conf">compiletime</P>
      <P Name="Tmeas">298.15</P>
      <P Name="Tmeas_unit">K</P>
      <P Name="Tmeas_conf">compiletime</P>
      <P Name="Ron2">0.1</P>
      <P Name="Ron2_unit">Ohm</P>
      <P Name="Ron2_conf">compiletime</P>
      <P Name="Don2">0.05</P>
      <P Name="Don2_unit">Ohm</P>
      <P Name="Don2_conf">compiletime</P>
      <P Name="Tmeas2">398.15</P>
      <P Name="Tmeas2_unit">K</P>
      <P Name="Tmeas2_conf">compiletime</P>
      <P Name="thermal_mass">100</P>
      <P Name="thermal_mass_unit">J/K</P>
      <P Name="thermal_mass_conf">compiletime</P>
      <P Name="initial_temperature">298.15</P>
      <P Name="initial_temperature_unit">K</P>
      <P Name="initial_temperature_conf">compiletime</P>
    </InstanceData>
  </Block>
  <Block BlockType="Mux" Name="Mux" SID="1923:879">
    <PortCounts in="2" out="1"/>
    <P Name="Position">[-90, -140, -85, -100]</P>
    <P Name="ZOrder">71</P>
    <P Name="ShowName">off</P>
    <P Name="Inputs">2</P>
    <P Name="DisplayOption">bar</P>
  </Block>
  <Block BlockType="Scope" Name="PWM" SID="1923:880">
    <PortCounts in="1"/>
    <P Name="Position">[-70, -129, -40, -111]</P>
    <P Name="ZOrder">70</P>
    <P Name="ScopeSpecificationString">Simulink.scopes.TimeScopeBlockCfg(&apos;CurrentConfiguration&apos;, extmgr.ConfigurationSet(extmgr.Configuration(&apos;Core&apos;,&apos;General UI&apos;,true),extmgr.Configuration(&apos;Core&apos;,&apos;Source UI&apos;,true),extmgr.Configuration(&apos;Sources&apos;,&apos;WiredSimulink&apos;,true,&apos;DataLoggingVariableName&apos;,&apos;ScopeData1&apos;,&apos;DataLoggingLimitDataPoints&apos;,true,&apos;DataLoggingSaveFormat&apos;,&apos;Array&apos;,&apos;DataLoggingDecimation&apos;,&apos;1&apos;,&apos;DataLoggingDecimateData&apos;,true),extmgr.Configuration(&apos;Visuals&apos;,&apos;Time Domain&apos;,true,&apos;SerializedDisplays&apos;,{struct(&apos;MinYLimReal&apos;,&apos;-0.56154&apos;,&apos;MaxYLimReal&apos;,&apos;5.0539&apos;,&apos;YLabelReal&apos;,&apos;&apos;,&apos;MinYLimMag&apos;,&apos;0.00000&apos;,&apos;MaxYLimMag&apos;,&apos;5.0539&apos;,&apos;LegendVisibility&apos;,&apos;off&apos;,&apos;XGrid&apos;,true,&apos;YGrid&apos;,true,&apos;PlotMagPhase&apos;,false,&apos;AxesColor&apos;,[0 0 0],&apos;AxesTickColor&apos;,[0.686274509803922 0.686274509803922 0.686274509803922],&apos;ColorOrder&apos;,[1 1 0.0666666666666667;0.0745098039215686 0.623529411764706 1;1 0.411764705882353 0.16078431372549;0.392156862745098 0.831372549019608 0.0745098039215686;0.717647058823529 0.274509803921569 1;0.0588235294117647 1 1;1 0.0745098039215686 0.650980392156863],&apos;Title&apos;,&apos;%&lt;SignalLabel&gt;&apos;,&apos;LinePropertiesCache&apos;,{{}},&apos;UserDefinedChannelNames&apos;,{{}},&apos;NumLines&apos;,0,&apos;LineNames&apos;,{{[]}},&apos;ShowContent&apos;,true,&apos;Placement&apos;,1)},&apos;DisplayPropertyDefaults&apos;,struct(&apos;MinYLimReal&apos;,&apos;-0.56154&apos;,&apos;MaxYLimReal&apos;,&apos;5.0539&apos;,&apos;YLabelReal&apos;,&apos;&apos;,&apos;MinYLimMag&apos;,&apos;0.00000&apos;,&apos;MaxYLimMag&apos;,&apos;5.0539&apos;,&apos;LegendVisibility&apos;,&apos;off&apos;,&apos;XGrid&apos;,true,&apos;YGrid&apos;,true,&apos;PlotMagPhase&apos;,false,&apos;AxesColor&apos;,[0 0 0],&apos;AxesTickColor&apos;,[0.686274509803922 0.686274509803922 0.686274509803922],&apos;ColorOrder&apos;,[0.0745098039215686 0.623529411764706 1;1 0.411764705882353 0.16078431372549;1 1 0.0666666666666667;0.717647058823529 0.274509803921569 1;0.392156862745098 0.831372549019608 0.0745098039215686;0.0588235294117647 1 1;1 0.0745098039215686 0.650980392156863])),extmgr.Configuration(&apos;Tools&apos;,&apos;Plot Navigation&apos;,true),extmgr.Configuration(&apos;Tools&apos;,&apos;Measurements&apos;,true,&apos;Version&apos;,&apos;2022b&apos;)),&apos;Version&apos;,&apos;2022b&apos;,&apos;Position&apos;,[824 454 560 420])</P>
    <P Name="NumInputPorts">1</P>
    <P Name="Floating">off</P>
  </Block>
  <Block BlockType="SubSystem" Name="Sensing" SID="1923:881">
    <PortCounts out="1"/>
    <P Name="Position">[30, -133, 65, -107]</P>
    <P Name="ZOrder">65</P>
    <System Ref="system_1923_881"/>
  </Block>
  <Block BlockType="SubSystem" Name="Sensing1" SID="1923:884">
    <PortCounts out="1" lconn="1"/>
    <P Name="Position">[-249, -100, -231, -85]</P>
    <P Name="ZOrder">69</P>
    <P Name="BlockRotation">270</P>
    <P Name="NameLocation">right</P>
    <P Name="ShowName">off</P>
    <Mask>
      <Display>disp(&apos;V&apos;)</Display>
    </Mask>
    <System Ref="system_1923_884"/>
  </Block>
  <Block BlockType="SubSystem" Name="Sensing2" SID="1923:890">
    <PortCounts out="1" lconn="1"/>
    <P Name="Position">[-124, -100, -106, -85]</P>
    <P Name="ZOrder">72</P>
    <P Name="BlockRotation">270</P>
    <P Name="NameLocation">right</P>
    <P Name="ShowName">off</P>
    <Mask>
      <Display>disp(&apos;V&apos;)</Display>
    </Mask>
    <System Ref="system_1923_890"/>
  </Block>
  <Block BlockType="PMIOPort" Name="V+" SID="1923:896">
    <P Name="Position">[125, -62, 155, -48]</P>
    <P Name="ZOrder">-6</P>
    <P Name="BlockMirror">on</P>
    <P Name="Side">Right</P>
  </Block>
  <Block BlockType="PMIOPort" Name="V-" SID="1923:897">
    <P Name="Position">[125, -12, 155, 2]</P>
    <P Name="ZOrder">-7</P>
    <P Name="BlockMirror">on</P>
    <P Name="Port">2</P>
    <P Name="Side">Right</P>
  </Block>
  <Block BlockType="PMIOPort" Name="Vr" SID="1923:898">
    <P Name="Position">[-290, -77, -260, -63]</P>
    <P Name="ZOrder">-8</P>
    <P Name="Port">3</P>
    <P Name="Side">Left</P>
  </Block>
  <Block BlockType="PMIOPort" Name="REV" SID="1923:899">
    <P Name="Position">[-105, -27, -75, -13]</P>
    <P Name="ZOrder">-9</P>
    <P Name="Port">4</P>
    <P Name="Side">Left</P>
  </Block>
  <Line>
    <P Name="ZOrder">1</P>
    <P Name="Src">1923:881#out:1</P>
    <P Name="Dst">1923:877#in:1</P>
  </Line>
  <Line LineType="Connection">
    <P Name="ZOrder">2</P>
    <P Name="Src">1923:878#lconn:3</P>
    <P Name="Dst">1923:899#rconn:1</P>
  </Line>
  <Line LineType="Connection">
    <P Name="ZOrder">3</P>
    <P Name="Src">1923:874#lconn:1</P>
    <P Name="Points">[-15, 0]</P>
    <Branch ConnectType="DEST_DEST">
      <P Name="Src">1923:884#lconn:1</P>
      <P Name="Points">[0, 0]</P>
    </Branch>
    <Branch ConnectType="DEST_SRC">
      <P Name="Dst">1923:898#rconn:1</P>
    </Branch>
  </Line>
  <Line LineType="Connection">
    <P Name="ZOrder">6</P>
    <P Name="Src">1923:878#lconn:2</P>
    <P Name="Points">[-75, 0]</P>
    <Branch ConnectType="DEST_SRC">
      <P Name="Dst">1923:874#rconn:2</P>
    </Branch>
    <Branch ConnectType="DEST_SRC">
      <P Name="Points">[0, 50]</P>
      <Branch ConnectType="DEST_SRC">
        <P Name="Dst">1923:878#lconn:4</P>
      </Branch>
      <Branch ConnectType="DEST_SRC">
        <P Name="Points">[-110, 0]</P>
        <Branch ConnectType="DEST_SRC">
          <P Name="Points">[0, -50]</P>
          <P Name="Dst">1923:874#lconn:2</P>
        </Branch>
        <Branch ConnectType="DEST_SRC">
          <P Name="Dst">1923:875#lconn:1</P>
        </Branch>
      </Branch>
    </Branch>
  </Line>
  <Line LineType="Connection">
    <P Name="ZOrder">13</P>
    <P Name="Src">1923:878#lconn:1</P>
    <P Name="Points">[-70, 0]</P>
    <Branch ConnectType="DEST_DEST">
      <P Name="Src">1923:890#lconn:1</P>
      <P Name="Points">[0, 0]</P>
    </Branch>
    <Branch ConnectType="DEST_SRC">
      <P Name="Dst">1923:874#rconn:1</P>
    </Branch>
  </Line>
  <Line LineType="Connection">
    <P Name="ZOrder">16</P>
    <P Name="Points">[100, -5; 0, 10]</P>
    <P Name="Dst">1923:876#lconn:1</P>
    <Branch ConnectType="SRC_SRC">
      <P Name="Dst">1923:897#rconn:1</P>
    </Branch>
    <Branch ConnectType="SRC_DEST">
      <P Name="Src">1923:878#rconn:2</P>
      <P Name="Points">[5, 0]</P>
    </Branch>
  </Line>
  <Line LineType="Connection">
    <P Name="ZOrder">19</P>
    <P Name="Src">1923:896#rconn:1</P>
    <P Name="Dst">1923:878#rconn:1</P>
  </Line>
  <Line>
    <P Name="ZOrder">20</P>
    <P Name="Src">1923:879#out:1</P>
    <P Name="Dst">1923:880#in:1</P>
  </Line>
  <Line>
    <P Name="ZOrder">21</P>
    <P Name="Src">1923:884#out:1</P>
    <P Name="Points">[0, -5]</P>
    <P Name="Dst">1923:879#in:2</P>
  </Line>
  <Line>
    <P Name="ZOrder">22</P>
    <P Name="Src">1923:890#out:1</P>
    <P Name="Points">[0, -25]</P>
    <P Name="Dst">1923:879#in:1</P>
  </Line>
  <Annotation SID="1923:900">
    <P Name="Name">&lt;!DOCTYPE HTML PUBLIC &quot;-//W3C//DTD HTML 4.0//EN&quot; &quot;http://www.w3.org/TR/REC-html40/strict.dtd&quot;&gt;
&lt;html&gt;&lt;head&gt;&lt;meta name=&quot;qrichtext&quot; content=&quot;1&quot; /&gt;&lt;style type=&quot;text/css&quot;&gt;
p, li { white-space: pre-wrap; }
&lt;/style&gt;&lt;/head&gt;&lt;body style=&quot; font-family:&apos;Arial&apos;; font-size:12px; font-weight:400; font-style:normal;&quot;&gt;
&lt;p style=&quot; margin-top:0px; margin-bottom:0px; margin-left:0px; margin-right:0px; -qt-block-indent:0; text-indent:0px;&quot;&gt;&lt;span style=&quot; font-size:12px;&quot;&gt;Simulation Mode: &lt;/span&gt;&lt;a href=&quot;matlab:temp_maskpth = get_param(get_param(gcs,&apos;Parent&apos;),&apos;Parent&apos;);
set_param(temp_maskpth,&apos;popup_driver&apos;,&apos;Averaged&apos;);&quot;&gt;&lt;span style=&quot; font-size:12px; text-decoration: underline; color:#0000ff;&quot;&gt;Averaged&lt;/span&gt;&lt;/a&gt;&lt;span style=&quot; font-size:12px;&quot;&gt;, &lt;/span&gt;&lt;a href=&quot;matlab:temp_maskpth = get_param(get_param(gcs,&apos;Parent&apos;),&apos;Parent&apos;);
set_param(temp_maskpth,&apos;popup_driver&apos;,&apos;PWM&apos;);&quot;&gt;&lt;span style=&quot; font-size:12px; text-decoration: underline; color:#0000ff;&quot;&gt;PWM&lt;/span&gt;&lt;/a&gt;&lt;/p&gt;&lt;/body&gt;&lt;/html&gt;</P>
    <P Name="Position">[-186, 44, -1, 60]</P>
    <P Name="InternalMargins">[0, 0, 0, 0]</P>
    <P Name="Interpreter">rich</P>
    <P Name="ZOrder">-1</P>
  </Annotation>
</System>
