<?xml version="1.0" encoding="utf-8"?>
<System>
  <P Name="Location">[-1, -8, 1921, 1041]</P>
  <Block BlockType="Reference" Name="Force Sensor" SID="2346:1304">
    <PortCounts lconn="1" rconn="2"/>
    <P Name="Position">[95, 70, 135, 110]</P>
    <P Name="ZOrder">2</P>
    <P Name="BlockRotation">180</P>
    <P Name="LibraryVersion">10007000.1</P>
    <P Name="SourceBlock">fl_lib/Mechanical/Mechanical Sensors/Ideal Force Sensor</P>
    <P Name="SourceType">Ideal Force Sensor</P>
    <InstanceData>
      <P Name="LogSimulationData">off</P>
      <P Name="SourceFile">foundation.mechanical.sensors.force</P>
      <P Name="InternalSimscapePortConfiguration">{&quot;Bottom&quot;:[],&quot;Left&quot;:[{&quot;id&quot;:&quot;R&quot;,&quot;label&quot;:&quot;R&quot;,&quot;type&quot;:&quot;foundation.mechanical.translational.translational&quot;}],&quot;Right&quot;:[{&quot;id&quot;:&quot;C&quot;,&quot;label&quot;:&quot;C&quot;,&quot;type&quot;:&quot;foundation.mechanical.translational.translational&quot;},{&quot;id&quot;:&quot;F&quot;,&quot;label&quot;:&quot;F&quot;,&quot;type&quot;:&quot;output&quot;}],&quot;Top&quot;:[]}</P>
      <P Name="SscBlockScalableBuild">off</P>
      <P Name="ComponentPath">foundation.mechanical.sensors.force</P>
      <P Name="ComponentVariants">foundation.mechanical.sensors.force</P>
      <P Name="ComponentVariantNames">force</P>
      <P Name="ClassName">force</P>
      <P Name="SchemaVersion">1</P>
    </InstanceData>
  </Block>
  <Block BlockType="Reference" Name="Velocity Source" SID="2346:1305">
    <PortCounts lconn="1" rconn="2"/>
    <P Name="Position">[225, 60, 265, 100]</P>
    <P Name="ZOrder">4</P>
    <P Name="BlockMirror">on</P>
    <P Name="LibraryVersion">10007000.1</P>
    <P Name="SourceBlock">fl_lib/Mechanical/Mechanical Sources/Ideal Translational
Velocity Source</P>
    <P Name="SourceType">Ideal Translational
Velocity Source</P>
    <InstanceData>
      <P Name="LogSimulationData">off</P>
      <P Name="SourceFile">foundation.mechanical.sources.velocity</P>
      <P Name="InternalSimscapePortConfiguration">{&quot;Bottom&quot;:[],&quot;Left&quot;:[{&quot;id&quot;:&quot;R&quot;,&quot;label&quot;:&quot;R&quot;,&quot;type&quot;:&quot;foundation.mechanical.translational.translational&quot;}],&quot;Right&quot;:[{&quot;id&quot;:&quot;S&quot;,&quot;label&quot;:&quot;S&quot;,&quot;type&quot;:&quot;input&quot;},{&quot;id&quot;:&quot;C&quot;,&quot;label&quot;:&quot;C&quot;,&quot;type&quot;:&quot;foundation.mechanical.translational.translational&quot;}],&quot;Top&quot;:[]}</P>
      <P Name="SscBlockScalableBuild">off</P>
      <P Name="ComponentPath">foundation.mechanical.sources.velocity</P>
      <P Name="ComponentVariants">foundation.mechanical.sources.velocity</P>
      <P Name="ComponentVariantNames">velocity</P>
      <P Name="ClassName">velocity</P>
      <P Name="SchemaVersion">1</P>
    </InstanceData>
  </Block>
  <Block BlockType="PMIOPort" Name="v" SID="2346:1306">
    <P Name="Position">[245, 33, 275, 47]</P>
    <P Name="ZOrder">-3</P>
    <P Name="BlockMirror">on</P>
    <P Name="NameLocation">top</P>
    <P Name="Side">Right</P>
  </Block>
  <Block BlockType="PMIOPort" Name="f" SID="2346:1307">
    <P Name="Position">[0, 33, 30, 47]</P>
    <P Name="ZOrder">-4</P>
    <P Name="NameLocation">top</P>
    <P Name="Port">2</P>
    <P Name="Side">Left</P>
  </Block>
  <Block BlockType="PMIOPort" Name="R" SID="2346:1308">
    <P Name="Position">[300, 73, 330, 87]</P>
    <P Name="ZOrder">-5</P>
    <P Name="BlockMirror">on</P>
    <P Name="Port">3</P>
    <P Name="Side">Right</P>
  </Block>
  <Block BlockType="PMIOPort" Name="C" SID="2346:1309">
    <P Name="Position">[15, 93, 45, 107]</P>
    <P Name="ZOrder">-6</P>
    <P Name="Port">4</P>
    <P Name="Side">Left</P>
  </Block>
  <Line LineType="Connection">
    <P Name="ZOrder">1</P>
    <P Name="Src">2346:1304#rconn:1</P>
    <P Name="Dst">2346:1309#rconn:1</P>
  </Line>
  <Line LineType="Connection">
    <P Name="ZOrder">2</P>
    <P Name="Src">2346:1308#rconn:1</P>
    <P Name="Dst">2346:1305#lconn:1</P>
  </Line>
  <Line LineType="Connection">
    <P Name="ZOrder">3</P>
    <P Name="Src">2346:1304#lconn:1</P>
    <P Name="Dst">2346:1305#rconn:2</P>
  </Line>
  <Line LineType="Connection">
    <P Name="ZOrder">4</P>
    <P Name="Src">2346:1307#rconn:1</P>
    <P Name="Points">[5, 0; 0, 40]</P>
    <P Name="Dst">2346:1304#rconn:2</P>
  </Line>
  <Line LineType="Connection">
    <P Name="ZOrder">5</P>
    <P Name="Src">2346:1306#rconn:1</P>
    <P Name="Points">[-25, 0; 0, 30]</P>
    <P Name="Dst">2346:1305#rconn:1</P>
  </Line>
</System>
