<?xml version="1.0" encoding="utf-8"?>
<System>
  <P Name="Location">[21, 14, 874, 552]</P>
  <Block BlockType="SubSystem" Name="AilBrk_C_1_RIGID" SID="419">
    <PortCounts lconn="2" rconn="1"/>
    <P Name="Position">[15, 119, 110, 241]</P>
    <P Name="ZOrder">1</P>
    <Mask>
      <Display/>
    </Mask>
    <System Ref="system_419"/>
  </Block>
  <Block BlockType="SubSystem" Name="Bolt CBrk" SID="1246">
    <PortCounts lconn="1"/>
    <P Name="Position">[-100, 82, -55, 128]</P>
    <P Name="ZOrder">41</P>
    <P Name="BlockMirror">on</P>
    <P Name="ContentPreviewEnabled">on</P>
    <System Ref="system_1246"/>
  </Block>
  <Block BlockType="SubSystem" Name="Screws CBrk" SID="1240">
    <PortCounts lconn="1"/>
    <P Name="Position">[40, 42, 85, 88]</P>
    <P Name="ZOrder">37</P>
    <P Name="ContentPreviewEnabled">on</P>
    <System Ref="system_1240"/>
  </Block>
  <Block BlockType="PMIOPort" Name="Ail" SID="1259">
    <P Name="Position">[180, 173, 210, 187]</P>
    <P Name="ZOrder">42</P>
    <P Name="BlockMirror">on</P>
    <P Name="Side">Right</P>
  </Block>
  <Block BlockType="PMIOPort" Name="Act" SID="1260">
    <P Name="Position">[-75, 203, -45, 217]</P>
    <P Name="ZOrder">43</P>
    <P Name="Port">2</P>
    <P Name="Side">Left</P>
  </Block>
  <Line LineType="Connection">
    <P Name="ZOrder">32</P>
    <P Name="Src">419#lconn:1</P>
    <P Name="Points">[-23, 0; 0, -45]</P>
    <Branch ConnectType="DEST_SRC">
      <P Name="Points">[0, -40]</P>
      <P Name="Dst">1240#lconn:1</P>
    </Branch>
    <Branch ConnectType="DEST_SRC">
      <P Name="Dst">1246#lconn:1</P>
    </Branch>
  </Line>
  <Line LineType="Connection">
    <P Name="ZOrder">210</P>
    <P Name="Src">419#rconn:1</P>
    <P Name="Dst">1259#rconn:1</P>
  </Line>
  <Line LineType="Connection">
    <P Name="ZOrder">211</P>
    <P Name="Src">419#lconn:2</P>
    <P Name="Dst">1260#rconn:1</P>
  </Line>
</System>
