<?xml version="1.0" encoding="utf-8"?>
<System>
  <P Name="Location">[5, 6, 819, 525]</P>
  <Block BlockType="Inport" Name="Vwref" SID="2346:1042">
    <P Name="Position">[80, 163, 110, 177]</P>
    <P Name="ZOrder">1</P>
  </Block>
  <Block BlockType="SubSystem" Name="Current&#xA;Controller" SID="2346:1043">
    <P Name="Tag">CustomStyle</P>
    <PortCounts lconn="2" rconn="2"/>
    <P Name="Position">[355, 60, 450, 180]</P>
    <P Name="ZOrder">-1</P>
    <System Ref="system_2346_1043"/>
  </Block>
  <Block BlockType="SubSystem" Name="PS2V_1" SID="2346:1099">
    <PortCounts lconn="1" rconn="1"/>
    <P Name="Position">[185, 161, 220, 179]</P>
    <P Name="ZOrder">-2</P>
    <System Ref="system_2346_1099"/>
  </Block>
  <Block BlockType="SubSystem" Name="PS2V_2" SID="2346:1104">
    <PortCounts lconn="1" rconn="1"/>
    <P Name="Position">[185, 121, 220, 139]</P>
    <P Name="ZOrder">-3</P>
    <P Name="NameLocation">top</P>
    <System Ref="system_2346_1104"/>
  </Block>
  <Block BlockType="Reference" Name="Simulink-PS&#xA;Converter" SID="2346:1109">
    <PortCounts in="1" rconn="1"/>
    <P Name="Position">[140, 162, 155, 178]</P>
    <P Name="ZOrder">3</P>
    <P Name="LibraryVersion">7.0</P>
    <P Name="SourceBlock">nesl_utility/Simulink-PS
Converter</P>
    <P Name="SourceType">Simulink-PS
Converter</P>
    <InstanceData>
      <P Name="RTWMemSecFuncInitTerm">Inherit from model</P>
      <P Name="RTWMemSecFuncExecute">Inherit from model</P>
      <P Name="RTWMemSecDataConstants">Inherit from model</P>
      <P Name="RTWMemSecDataInternal">Inherit from model</P>
      <P Name="RTWMemSecDataParameters">Inherit from model</P>
      <P Name="ContentPreviewEnabled">on</P>
      <P Name="PhysicalDomain">network_engine_domain</P>
      <P Name="SubClassName">ps_input</P>
      <P Name="LeftPortType">input</P>
      <P Name="RightPortType">output</P>
      <P Name="PseudoPeriodic">off</P>
      <P Name="Frequencies">[]</P>
      <P Name="NoiseDistribution">none</P>
      <P Name="NoiseParameters">[]</P>
      <P Name="Unit">1</P>
      <P Name="AffineConversion">off</P>
      <P Name="FilteringAndDerivatives">filter</P>
      <P Name="SimscapeFilterOrder">1</P>
      <P Name="InputFilterTimeConstant">0.005</P>
      <P Name="UdotUserProvided">0</P>
    </InstanceData>
  </Block>
  <Block BlockType="SubSystem" Name="Speed&#xA;Controller" SID="2346:1110">
    <P Name="Tag">CustomStyle</P>
    <PortCounts lconn="2" rconn="1"/>
    <P Name="Position">[240, 112, 295, 188]</P>
    <P Name="ZOrder">-4</P>
    <System Ref="system_2346_1110"/>
  </Block>
  <Block BlockType="PMIOPort" Name="Vr" SID="2346:1141">
    <P Name="Position">[475, 83, 505, 97]</P>
    <P Name="ZOrder">-5</P>
    <P Name="BlockMirror">on</P>
    <P Name="Side">Right</P>
  </Block>
  <Block BlockType="PMIOPort" Name="REV" SID="2346:1142">
    <P Name="Position">[475, 143, 505, 157]</P>
    <P Name="ZOrder">-6</P>
    <P Name="BlockMirror">on</P>
    <P Name="Port">2</P>
    <P Name="Side">Right</P>
  </Block>
  <Block BlockType="PMIOPort" Name="V_i" SID="2346:1143">
    <P Name="Position">[295, 83, 325, 97]</P>
    <P Name="ZOrder">-7</P>
    <P Name="Port">3</P>
    <P Name="Side">Left</P>
  </Block>
  <Block BlockType="PMIOPort" Name="V_w" SID="2346:1144">
    <P Name="Position">[130, 123, 160, 137]</P>
    <P Name="ZOrder">-8</P>
    <P Name="Port">4</P>
    <P Name="Side">Left</P>
  </Block>
  <Line>
    <P Name="ZOrder">1</P>
    <P Name="Src">2346:1042#out:1</P>
    <P Name="Dst">2346:1109#in:1</P>
  </Line>
  <Line LineType="Connection">
    <P Name="ZOrder">2</P>
    <P Name="Src">2346:1109#rconn:1</P>
    <P Name="Dst">2346:1099#lconn:1</P>
  </Line>
  <Line LineType="Connection">
    <P Name="ZOrder">3</P>
    <P Name="Src">2346:1043#rconn:2</P>
    <P Name="Dst">2346:1142#rconn:1</P>
  </Line>
  <Line LineType="Connection">
    <P Name="ZOrder">4</P>
    <P Name="Src">2346:1144#rconn:1</P>
    <P Name="Dst">2346:1104#lconn:1</P>
  </Line>
  <Line LineType="Connection">
    <P Name="ZOrder">5</P>
    <P Name="Src">2346:1043#rconn:1</P>
    <P Name="Dst">2346:1141#rconn:1</P>
  </Line>
  <Line LineType="Connection">
    <P Name="ZOrder">6</P>
    <P Name="Src">2346:1043#lconn:1</P>
    <P Name="Dst">2346:1143#rconn:1</P>
  </Line>
  <Line LineType="Connection">
    <P Name="ZOrder">7</P>
    <P Name="Src">2346:1104#rconn:1</P>
    <P Name="Dst">2346:1110#lconn:1</P>
  </Line>
  <Line LineType="Connection">
    <P Name="ZOrder">8</P>
    <P Name="Src">2346:1099#rconn:1</P>
    <P Name="Dst">2346:1110#lconn:2</P>
  </Line>
  <Line LineType="Connection">
    <P Name="ZOrder">9</P>
    <P Name="Src">2346:1043#lconn:2</P>
    <P Name="Dst">2346:1110#rconn:1</P>
  </Line>
</System>
