<?xml version="1.0" encoding="utf-8"?>
<System>
  <P Name="Location">[-1, -7, 1537, 825]</P>
  <Block BlockType="SubSystem" Name="Hex_Nut_M10_1_RIGID" SID="902">
    <PortCounts lconn="1"/>
    <P Name="Position">[375, 220, 415, 260]</P>
    <P Name="ZOrder">1</P>
    <Mask>
      <Display/>
    </Mask>
    <System Ref="system_902"/>
  </Block>
  <Block BlockType="SubSystem" Name="Hex_Screw_M10_1_RIGID" SID="903">
    <PortCounts lconn="1"/>
    <P Name="Position">[375, 155, 415, 195]</P>
    <P Name="ZOrder">2</P>
    <Mask>
      <Display/>
    </Mask>
    <System Ref="system_903"/>
  </Block>
  <Block BlockType="SubSystem" Name="Mount_1_RIGID" SID="908">
    <PortCounts lconn="3"/>
    <P Name="Position">[315, 95, 355, 135]</P>
    <P Name="ZOrder">7</P>
    <Mask>
      <Display/>
    </Mask>
    <System Ref="system_908"/>
  </Block>
  <Block BlockType="SubSystem" Name="Screws MountR" SID="1947">
    <PortCounts lconn="1"/>
    <P Name="Position">[140, 182, 185, 228]</P>
    <P Name="ZOrder">21</P>
    <P Name="BlockMirror">on</P>
    <P Name="ContentPreviewEnabled">on</P>
    <System Ref="system_1947"/>
  </Block>
  <Block BlockType="Reference" Name="Transform" SID="911">
    <PortCounts lconn="1" rconn="1"/>
    <P Name="Position">[200, 95, 240, 135]</P>
    <P Name="ZOrder">15</P>
    <P Name="LibraryVersion">7.71</P>
    <P Name="SourceBlock">sm_lib/Frames and
Transforms/Rigid
Transform</P>
    <P Name="SourceType">Rigid
Transform</P>
    <InstanceData>
      <P Name="LogSimulationData">off</P>
      <P Name="TranslationMethod">Cartesian</P>
      <P Name="TranslationStandardOffset">0</P>
      <P Name="TranslationStandardOffsetUnits">m</P>
      <P Name="TranslationStandardOffset_conf">compiletime</P>
      <P Name="TranslationStandardAxis">+Z</P>
      <P Name="TranslationCartesianOffset">smiData.RigidTransform(206).translation</P>
      <P Name="TranslationCartesianOffsetUnits">m</P>
      <P Name="TranslationCartesianOffset_conf">compiletime</P>
      <P Name="TranslationROffset">0</P>
      <P Name="TranslationROffsetUnits">m</P>
      <P Name="TranslationROffset_conf">compiletime</P>
      <P Name="TranslationZOffset">0</P>
      <P Name="TranslationZOffsetUnits">m</P>
      <P Name="TranslationZOffset_conf">compiletime</P>
      <P Name="TranslationThetaOffset">0</P>
      <P Name="TranslationThetaOffsetUnits">deg</P>
      <P Name="TranslationThetaOffset_conf">compiletime</P>
      <P Name="RotationMethod">ArbitraryAxis</P>
      <P Name="RotationAngleUnits">rad</P>
      <P Name="RotationStandardAxis">+Z</P>
      <P Name="RotationAngle">smiData.RigidTransform(206).angle</P>
      <P Name="RotationAngle_conf">compiletime</P>
      <P Name="RotationArbitraryAxis">smiData.RigidTransform(206).axis</P>
      <P Name="RotationArbitraryAxis_conf">compiletime</P>
      <P Name="FollAlignAxisA">+X</P>
      <P Name="BaseAlignAxisA">+Y</P>
      <P Name="FollAlignAxisB">+Y</P>
      <P Name="BaseAlignAxisB">+Z</P>
      <P Name="RotationSequenceAxes">FollowerAxes</P>
      <P Name="RotationSequence">XYX</P>
      <P Name="RotationSequenceAngles">[0 0 0]</P>
      <P Name="RotationSequenceAnglesUnits">deg</P>
      <P Name="RotationSequenceAngles_conf">compiletime</P>
      <P Name="RotationMatrix">[1 0 0; 0 1 0; 0 0 1]</P>
      <P Name="RotationMatrix_conf">compiletime</P>
      <P Name="Quaternion">[1 0 0 0]</P>
      <P Name="Quaternion_conf">compiletime</P>
    </InstanceData>
  </Block>
  <Block BlockType="PMIOPort" Name="F" SID="913">
    <P Name="Position">[250, 65, 270, 85]</P>
    <P Name="ZOrder">17</P>
    <P Name="Side">Right</P>
  </Block>
  <Block BlockType="PMIOPort" Name="F1" SID="1060">
    <P Name="Position">[140, 105, 160, 125]</P>
    <P Name="ZOrder">20</P>
    <P Name="Port">2</P>
    <P Name="Side">Left</P>
  </Block>
  <Line LineType="Connection">
    <P Name="ZOrder">6</P>
    <P Name="Src">902#lconn:1</P>
    <P Name="Points">[-50, 0; 0, -35]</P>
    <Branch ConnectType="DEST_SRC">
      <P Name="Points">[0, -30]</P>
      <P Name="Dst">903#lconn:1</P>
    </Branch>
    <Branch ConnectType="DEST_SRC">
      <P Name="Points">[-20, 0]</P>
      <Branch ConnectType="DEST_SRC">
        <P Name="Points">[0, -75]</P>
        <P Name="Dst">908#lconn:3</P>
      </Branch>
      <Branch ConnectType="DEST_SRC">
        <P Name="Dst">1947#lconn:1</P>
      </Branch>
    </Branch>
  </Line>
  <Line LineType="Connection">
    <P Name="ZOrder">8</P>
    <P Name="Src">908#lconn:1</P>
    <P Name="Points">[-7, 0; 0, -25]</P>
    <P Name="Dst">913#rconn:1</P>
  </Line>
  <Line LineType="Connection">
    <P Name="ZOrder">9</P>
    <P Name="Src">908#lconn:2</P>
    <P Name="Dst">911#rconn:1</P>
  </Line>
  <Line LineType="Connection">
    <P Name="ZOrder">25</P>
    <P Name="Src">1060#rconn:1</P>
    <P Name="Dst">911#lconn:1</P>
  </Line>
</System>
