<?xml version="1.0" encoding="utf-8"?>
<System>
  <P Name="Location">[16, 52, 629, 913]</P>
  <Block BlockType="Inport" Name="sign" SID="2347:1232">
    <P Name="Position">[15, 98, 45, 112]</P>
    <P Name="ZOrder">-1</P>
  </Block>
  <Block BlockType="Inport" Name="clk" SID="2347:1233">
    <P Name="Position">[15, 218, 45, 232]</P>
    <P Name="ZOrder">-2</P>
    <P Name="Port">2</P>
  </Block>
  <Block BlockType="TriggerPort" Name="Trigger" SID="2347:1234">
    <PortCounts/>
    <P Name="Position">[180, 20, 200, 40]</P>
    <P Name="ZOrder">-3</P>
    <P Name="VariantControl">Variant</P>
    <P Name="StatesWhenEnabling">held</P>
  </Block>
  <Block BlockType="Math" Name="Math&#xA;Function" SID="2347:1235">
    <PortCounts in="1" out="1"/>
    <P Name="Position">[290, 210, 320, 240]</P>
    <P Name="ZOrder">-4</P>
    <P Name="Operator">reciprocal</P>
    <P Name="SignedPower">on</P>
  </Block>
  <Block BlockType="Sum" Name="Sum" SID="2347:1236">
    <PortCounts in="2" out="1"/>
    <P Name="Position">[225, 215, 245, 235]</P>
    <P Name="ZOrder">-5</P>
    <P Name="ShowName">off</P>
    <P Name="Inputs">|+-</P>
  </Block>
  <Block BlockType="Sum" Name="Sum1" SID="2347:1237">
    <PortCounts in="2" out="1"/>
    <P Name="Position">[100, 95, 120, 115]</P>
    <P Name="ZOrder">-6</P>
    <P Name="ShowName">off</P>
    <P Name="Inputs">|++</P>
  </Block>
  <Block BlockType="UnitDelay" Name="Unit Delay" SID="2347:1238">
    <P Name="Position">[180, 90, 210, 120]</P>
    <P Name="ZOrder">-7</P>
    <P Name="SampleTime">-1</P>
    <P Name="HasFrameUpgradeWarning">on</P>
  </Block>
  <Block BlockType="UnitDelay" Name="Unit Delay1" SID="2347:1239">
    <P Name="Position">[160, 245, 190, 275]</P>
    <P Name="ZOrder">-8</P>
    <P Name="InitialCondition">-1e10</P>
    <P Name="SampleTime">-1</P>
    <P Name="HasFrameUpgradeWarning">on</P>
  </Block>
  <Block BlockType="Outport" Name="Pulse count" SID="2347:1240">
    <P Name="Position">[375, 98, 405, 112]</P>
    <P Name="ZOrder">-9</P>
    <P Name="InitialOutput">0</P>
    <P Name="VectorParamsAs1DForOutWhenUnconnected">off</P>
  </Block>
  <Block BlockType="Outport" Name="Pulse frequency" SID="2347:1241">
    <P Name="Position">[375, 218, 405, 232]</P>
    <P Name="ZOrder">-10</P>
    <P Name="Port">2</P>
    <P Name="VectorParamsAs1DForOutWhenUnconnected">off</P>
  </Block>
  <Block BlockType="Outport" Name="Direction" SID="2347:1242">
    <P Name="Position">[375, 58, 405, 72]</P>
    <P Name="ZOrder">-11</P>
    <P Name="Port">3</P>
    <P Name="InitialOutput">0</P>
    <P Name="VectorParamsAs1DForOutWhenUnconnected">off</P>
  </Block>
  <Line>
    <P Name="ZOrder">1</P>
    <P Name="Src">2347:1237#out:1</P>
    <P Name="Dst">2347:1238#in:1</P>
  </Line>
  <Line>
    <P Name="ZOrder">2</P>
    <P Name="Src">2347:1232#out:1</P>
    <P Name="Points">[15, 0]</P>
    <Branch>
      <P Name="ZOrder">3</P>
      <P Name="Dst">2347:1237#in:1</P>
    </Branch>
    <Branch>
      <P Name="ZOrder">4</P>
      <P Name="Points">[0, -40]</P>
      <P Name="Dst">2347:1242#in:1</P>
    </Branch>
  </Line>
  <Line>
    <P Name="ZOrder">5</P>
    <P Name="Src">2347:1238#out:1</P>
    <P Name="Points">[50, 0]</P>
    <Branch>
      <P Name="ZOrder">6</P>
      <P Name="Dst">2347:1240#in:1</P>
    </Branch>
    <Branch>
      <P Name="ZOrder">7</P>
      <P Name="Points">[0, 75; -155, 0]</P>
      <P Name="Dst">2347:1237#in:2</P>
    </Branch>
  </Line>
  <Line>
    <P Name="ZOrder">8</P>
    <P Name="Src">2347:1233#out:1</P>
    <P Name="Points">[45, 0]</P>
    <Branch>
      <P Name="ZOrder">9</P>
      <P Name="Points">[0, 35]</P>
      <P Name="Dst">2347:1239#in:1</P>
    </Branch>
    <Branch>
      <P Name="ZOrder">10</P>
      <P Name="Dst">2347:1236#in:1</P>
    </Branch>
  </Line>
  <Line>
    <P Name="ZOrder">11</P>
    <P Name="Src">2347:1239#out:1</P>
    <P Name="Points">[40, 0]</P>
    <P Name="Dst">2347:1236#in:2</P>
  </Line>
  <Line>
    <P Name="ZOrder">12</P>
    <P Name="Src">2347:1236#out:1</P>
    <P Name="Dst">2347:1235#in:1</P>
  </Line>
  <Line>
    <P Name="ZOrder">13</P>
    <P Name="Src">2347:1235#out:1</P>
    <P Name="Dst">2347:1241#in:1</P>
  </Line>
</System>
