<?xml version="1.0" encoding="utf-8"?>
<System>
  <P Name="Location">[21, 14, 874, 552]</P>
  <P Name="ZoomFactor">60</P>
  <Block BlockType="SubSystem" Name="Hex_Bolt_M10_2_RIGID" SID="265">
    <PortCounts lconn="1"/>
    <P Name="Position">[190, 90, 230, 130]</P>
    <P Name="ZOrder">5</P>
    <Mask>
      <Display/>
    </Mask>
    <System Ref="system_265"/>
  </Block>
  <Block BlockType="SubSystem" Name="Washer_2_RIGID" SID="288">
    <PortCounts lconn="1"/>
    <P Name="Position">[190, 20, 230, 60]</P>
    <P Name="ZOrder">28</P>
    <Mask>
      <Display/>
    </Mask>
    <System Ref="system_288"/>
  </Block>
  <Block BlockType="PMIOPort" Name="G" SID="1276">
    <P Name="Position">[90, 73, 120, 87]</P>
    <P Name="ZOrder">29</P>
    <P Name="Side">Left</P>
  </Block>
  <Line LineType="Connection">
    <P Name="ZOrder">146</P>
    <P Name="Src">1276#rconn:1</P>
    <P Name="Points">[9, 0]</P>
    <Branch ConnectType="DEST_SRC">
      <P Name="Points">[0, -40]</P>
      <P Name="Dst">288#lconn:1</P>
    </Branch>
    <Branch ConnectType="DEST_SRC">
      <P Name="Points">[0, 30]</P>
      <P Name="Dst">265#lconn:1</P>
    </Branch>
  </Line>
</System>
