<?xml version="1.0" encoding="utf-8"?>
<System>
  <P Name="Location">[-1, -7, 1537, 825]</P>
  <Block BlockType="SubSystem" Name="Bracket C" SID="1277">
    <PortCounts lconn="1" rconn="1"/>
    <P Name="Position">[115, 104, 245, 276]</P>
    <P Name="ZOrder">45</P>
    <P Name="ContentPreviewEnabled">on</P>
    <Mask>
      <Display IconOpaque="opaque-with-ports" RunInitForIconRedraw="off" IconRotate="port" PortRotate="physical">image(&apos;sm_aileron_actuator_aileron_bracketC_IMAGE.png&apos;);</Display>
    </Mask>
    <System Ref="system_1277"/>
  </Block>
  <Block BlockType="SubSystem" Name="Bracket L" SID="1280">
    <PortCounts rconn="1"/>
    <P Name="Position">[-20, 230, 90, 320]</P>
    <P Name="ZOrder">47</P>
    <P Name="BlockRotation">270</P>
    <P Name="BlockMirror">on</P>
    <P Name="NameLocation">left</P>
    <P Name="ContentPreviewEnabled">on</P>
    <Mask>
      <Display IconOpaque="opaque-with-ports" RunInitForIconRedraw="off" IconRotate="port" PortRotate="physical">image(&apos;sm_aileron_actuator_aileron_bracketL_IMAGE.png&apos;);</Display>
    </Mask>
    <System Ref="system_1280"/>
  </Block>
  <Block BlockType="SubSystem" Name="Bracket R" SID="1282">
    <PortCounts rconn="1"/>
    <P Name="Position">[-20, 70, 90, 160]</P>
    <P Name="ZOrder">49</P>
    <P Name="BlockRotation">270</P>
    <P Name="NameLocation">left</P>
    <P Name="ContentPreviewEnabled">on</P>
    <Mask>
      <Display IconOpaque="opaque-with-ports" RunInitForIconRedraw="off" IconRotate="port" PortRotate="physical">image(&apos;sm_aileron_actuator_aileron_bracketR_IMAGE.png&apos;);</Display>
    </Mask>
    <System Ref="system_1282"/>
  </Block>
  <Block BlockType="PMIOPort" Name="A" SID="291">
    <P Name="Position">[-75, 180, -55, 200]</P>
    <P Name="ZOrder">31</P>
    <P Name="Side">Left</P>
  </Block>
  <Block BlockType="PMIOPort" Name="RBrk" SID="294">
    <P Name="Position">[270, 45, 290, 65]</P>
    <P Name="ZOrder">34</P>
    <P Name="BlockMirror">on</P>
    <P Name="Port">2</P>
    <P Name="Side">Right</P>
  </Block>
  <Block BlockType="PMIOPort" Name="CBrk" SID="293">
    <P Name="Position">[270, 180, 290, 200]</P>
    <P Name="ZOrder">33</P>
    <P Name="BlockMirror">on</P>
    <P Name="Port">3</P>
    <P Name="Side">Right</P>
  </Block>
  <Block BlockType="PMIOPort" Name="LBrk" SID="292">
    <P Name="Position">[270, 325, 290, 345]</P>
    <P Name="ZOrder">32</P>
    <P Name="BlockMirror">on</P>
    <P Name="Port">4</P>
    <P Name="Side">Right</P>
  </Block>
  <Line LineType="Connection">
    <P Name="ZOrder">154</P>
    <P Name="Src">1277#rconn:1</P>
    <P Name="Dst">293#rconn:1</P>
  </Line>
  <Line LineType="Connection">
    <P Name="ZOrder">155</P>
    <P Name="Src">1277#lconn:1</P>
    <P Name="Dst">291#rconn:1</P>
  </Line>
  <Line LineType="Connection">
    <P Name="ZOrder">156</P>
    <P Name="Src">1280#rconn:1</P>
    <P Name="Dst">292#rconn:1</P>
  </Line>
  <Line LineType="Connection">
    <P Name="ZOrder">157</P>
    <P Name="Src">1282#rconn:1</P>
    <P Name="Dst">294#rconn:1</P>
  </Line>
</System>
