<?xml version="1.0" encoding="utf-8"?>
<System>
  <P Name="Location">[21, 14, 874, 552]</P>
  <P Name="ZoomFactor">107</P>
  <Block BlockType="SubSystem" Name="Mount_BrkR_1_RIGID" SID="708">
    <PortCounts lconn="2"/>
    <P Name="Position">[190, 75, 230, 115]</P>
    <P Name="ZOrder">10</P>
    <Mask>
      <Display/>
    </Mask>
    <System Ref="system_708"/>
  </Block>
  <Block BlockType="Reference" Name="ReferenceFrame" SID="709">
    <PortCounts rconn="1"/>
    <P Name="Position">[-140, 65, -100, 105]</P>
    <P Name="ZOrder">11</P>
    <P Name="LibraryVersion">7.71</P>
    <P Name="SourceBlock">sm_lib/Frames and
Transforms/Reference
Frame</P>
    <P Name="SourceType">Reference
Frame</P>
    <InstanceData>
      <P Name="LogSimulationData">off</P>
    </InstanceData>
  </Block>
  <Block BlockType="SubSystem" Name="Screws MountC BrkR" SID="1328">
    <PortCounts rconn="1"/>
    <P Name="Position">[35, 137, 80, 183]</P>
    <P Name="ZOrder">55</P>
    <P Name="ContentPreviewEnabled">on</P>
    <System Ref="system_1328"/>
  </Block>
  <Block BlockType="Reference" Name="Transform" SID="710">
    <PortCounts lconn="1" rconn="1"/>
    <P Name="Position">[40, 65, 80, 105]</P>
    <P Name="ZOrder">12</P>
    <P Name="LibraryVersion">7.71</P>
    <P Name="SourceBlock">sm_lib/Frames and
Transforms/Rigid
Transform</P>
    <P Name="SourceType">Rigid
Transform</P>
    <InstanceData>
      <P Name="LogSimulationData">off</P>
      <P Name="TranslationMethod">Cartesian</P>
      <P Name="TranslationStandardOffset">0</P>
      <P Name="TranslationStandardOffsetUnits">m</P>
      <P Name="TranslationStandardOffset_conf">compiletime</P>
      <P Name="TranslationStandardAxis">+Z</P>
      <P Name="TranslationCartesianOffset">smiData.RigidTransform(204).translation</P>
      <P Name="TranslationCartesianOffsetUnits">m</P>
      <P Name="TranslationCartesianOffset_conf">compiletime</P>
      <P Name="TranslationROffset">0</P>
      <P Name="TranslationROffsetUnits">m</P>
      <P Name="TranslationROffset_conf">compiletime</P>
      <P Name="TranslationZOffset">0</P>
      <P Name="TranslationZOffsetUnits">m</P>
      <P Name="TranslationZOffset_conf">compiletime</P>
      <P Name="TranslationThetaOffset">0</P>
      <P Name="TranslationThetaOffsetUnits">deg</P>
      <P Name="TranslationThetaOffset_conf">compiletime</P>
      <P Name="RotationMethod">ArbitraryAxis</P>
      <P Name="RotationAngleUnits">rad</P>
      <P Name="RotationStandardAxis">+Z</P>
      <P Name="RotationAngle">smiData.RigidTransform(204).angle</P>
      <P Name="RotationAngle_conf">compiletime</P>
      <P Name="RotationArbitraryAxis">smiData.RigidTransform(204).axis</P>
      <P Name="RotationArbitraryAxis_conf">compiletime</P>
      <P Name="FollAlignAxisA">+X</P>
      <P Name="BaseAlignAxisA">+Y</P>
      <P Name="FollAlignAxisB">+Y</P>
      <P Name="BaseAlignAxisB">+Z</P>
      <P Name="RotationSequenceAxes">FollowerAxes</P>
      <P Name="RotationSequence">XYX</P>
      <P Name="RotationSequenceAngles">[0 0 0]</P>
      <P Name="RotationSequenceAnglesUnits">deg</P>
      <P Name="RotationSequenceAngles_conf">compiletime</P>
      <P Name="RotationMatrix">[1 0 0; 0 1 0; 0 0 1]</P>
      <P Name="RotationMatrix_conf">compiletime</P>
      <P Name="Quaternion">[1 0 0 0]</P>
      <P Name="Quaternion_conf">compiletime</P>
    </InstanceData>
  </Block>
  <Block BlockType="PMIOPort" Name="F" SID="711">
    <P Name="Position">[-40, 35, -20, 55]</P>
    <P Name="ZOrder">13</P>
    <P Name="BlockMirror">on</P>
    <P Name="Side">Left</P>
  </Block>
  <Line LineType="Connection">
    <P Name="ZOrder">11</P>
    <P Name="Src">708#lconn:1</P>
    <P Name="Dst">710#rconn:1</P>
  </Line>
  <Line LineType="Connection">
    <P Name="ZOrder">12</P>
    <P Name="Points">[-70, 85; 95, 0]</P>
    <P Name="Dst">710#lconn:1</P>
    <Branch ConnectType="SRC_SRC">
      <P Name="Points">[0, -40]</P>
      <P Name="Dst">711#rconn:1</P>
    </Branch>
    <Branch ConnectType="SRC_DEST">
      <P Name="Src">709#rconn:1</P>
      <P Name="Points">[15, 0]</P>
    </Branch>
  </Line>
  <Line LineType="Connection">
    <P Name="ZOrder">53</P>
    <P Name="Src">1328#rconn:1</P>
    <P Name="Points">[38, 0; 0, -55]</P>
    <P Name="Dst">708#lconn:2</P>
  </Line>
</System>
