<?xml version="1.0" encoding="utf-8"?>
<System>
  <P Name="Location">[526, 94, 1340, 613]</P>
  <Block BlockType="Reference" Name="Diode" SID="1924:953">
    <PortCounts lconn="1" rconn="1"/>
    <P Name="Position">[301, 100, 329, 140]</P>
    <P Name="ZOrder">97</P>
    <P Name="BlockRotation">270</P>
    <P Name="NameLocation">left</P>
    <P Name="ShowName">off</P>
    <P Name="LibraryVersion">10006000.1</P>
    <P Name="SourceBlock">fl_lib/Electrical/Electrical Elements/Diode</P>
    <P Name="SourceType">Diode</P>
    <InstanceData>
      <P Name="LogSimulationData">off</P>
      <P Name="SourceFile">foundation.electrical.elements.pwl_diode</P>
      <P Name="InternalSimscapePortConfiguration">{&quot;Bottom&quot;:[],&quot;Left&quot;:[{&quot;id&quot;:&quot;p&quot;,&quot;label&quot;:&quot;+&quot;,&quot;type&quot;:&quot;foundation.electrical.electrical&quot;}],&quot;Right&quot;:[{&quot;id&quot;:&quot;n&quot;,&quot;label&quot;:&quot;-&quot;,&quot;type&quot;:&quot;foundation.electrical.electrical&quot;}],&quot;Top&quot;:[]}</P>
      <P Name="SscBlockScalableBuild">off</P>
      <P Name="ComponentPath">foundation.electrical.elements.pwl_diode</P>
      <P Name="ComponentVariants">foundation.electrical.elements.pwl_diode</P>
      <P Name="ComponentVariantNames">pwl_diode</P>
      <P Name="ClassName">pwl_diode</P>
      <P Name="SchemaVersion">1</P>
      <P Name="Vf">0.6</P>
      <P Name="Vf_unit">V</P>
      <P Name="Vf_conf">compiletime</P>
      <P Name="Ron">0.3</P>
      <P Name="Ron_unit">Ohm</P>
      <P Name="Ron_conf">compiletime</P>
      <P Name="Goff">1e-08</P>
      <P Name="Goff_unit">1/Ohm</P>
      <P Name="Goff_conf">compiletime</P>
      <P Name="i_specify">off</P>
      <P Name="i_priority">High</P>
      <P Name="i">0</P>
      <P Name="i_unit">A</P>
      <P Name="i_nominal_specify">off</P>
      <P Name="i_nominal_unit">A</P>
      <P Name="i_nominal_value">1</P>
      <P Name="v_specify">off</P>
      <P Name="v_priority">High</P>
      <P Name="v">0</P>
      <P Name="v_unit">V</P>
      <P Name="v_nominal_specify">off</P>
      <P Name="v_nominal_unit">V</P>
      <P Name="v_nominal_value">1</P>
    </InstanceData>
  </Block>
  <Block BlockType="Reference" Name="MOSFET" SID="1924:954">
    <PortCounts lconn="1" rconn="2"/>
    <P Name="Position">[240, 90, 270, 150]</P>
    <P Name="ZOrder">88</P>
    <P Name="NameLocation">top</P>
    <P Name="LibraryVersion">10006000.3</P>
    <P Name="SourceBlock">ee_lib/Semiconductors &amp;
Converters/N-Channel MOSFET</P>
    <P Name="SourceType">N-Channel MOSFET</P>
    <InstanceData>
      <P Name="LogSimulationData">off</P>
      <P Name="SourceFile">ee.semiconductors.n_mosfet</P>
      <P Name="InternalSimscapePortConfiguration">{&quot;Bottom&quot;:[],&quot;Left&quot;:[{&quot;id&quot;:&quot;G&quot;,&quot;label&quot;:&quot;&quot;,&quot;type&quot;:&quot;foundation.electrical.electrical&quot;}],&quot;Right&quot;:[{&quot;id&quot;:&quot;D&quot;,&quot;label&quot;:&quot;d&quot;,&quot;type&quot;:&quot;foundation.electrical.electrical&quot;},{&quot;id&quot;:&quot;S&quot;,&quot;label&quot;:&quot;s&quot;,&quot;type&quot;:&quot;foundation.electrical.electrical&quot;}],&quot;Top&quot;:[]}</P>
      <P Name="SscBlockScalableBuild">off</P>
      <P Name="ComponentPath">ee.semiconductors.n_mosfet</P>
      <P Name="ComponentVariants">[&quot;ee.semiconductors.n_mosfet&quot;,&quot;ee.semiconductors.n_mosfet_thermal&quot;,&quot;ee.semiconductors.sp_nmos&quot;,&quot;ee.semiconductors.sp_nmos_thermal&quot;]</P>
      <P Name="ComponentVariantNames">[&quot;physmod:ee:library:comments:semiconductors:n_mosfet_sscx:thresholdbased&quot;,&quot;physmod:ee:library:comments:semiconductors:n_mosfet_sscx:thresholdbasedWithThermal&quot;,&quot;physmod:ee:library:comments:semiconductors:n_mosfet_sscx:surfacepotentialbased&quot;,&quot;physmod:ee:library:comments:semiconductors:n_mosfet_sscx:surfacepotentialbasedWithThermal&quot;]</P>
      <P Name="ClassName">Simscape variant</P>
      <P Name="SchemaVersion">1</P>
      <P Name="paramTerminal">ee.enum.mosfet.numberOfTerminals.three</P>
      <P Name="paramTerminal_unit">1</P>
      <P Name="paramTerminal_conf">compiletime</P>
      <P Name="parameterization">2</P>
      <P Name="parameterization_unit">1</P>
      <P Name="parameterization_conf">compiletime</P>
      <P Name="Beta">5</P>
      <P Name="Beta_unit">A/V^2</P>
      <P Name="Beta_conf">compiletime</P>
      <P Name="Rds">0.025</P>
      <P Name="Rds_unit">Ohm</P>
      <P Name="Rds_conf">compiletime</P>
      <P Name="Id">6</P>
      <P Name="Id_unit">A</P>
      <P Name="Id_conf">compiletime</P>
      <P Name="Vgs">10</P>
      <P Name="Vgs_unit">V</P>
      <P Name="Vgs_conf">compiletime</P>
      <P Name="Vth">5</P>
      <P Name="Vth_unit">V</P>
      <P Name="Vth_conf">compiletime</P>
      <P Name="Vth0">1.7</P>
      <P Name="Vth0_unit">V</P>
      <P Name="Vth0_conf">compiletime</P>
      <P Name="lam">0</P>
      <P Name="lam_unit">1/V</P>
      <P Name="lam_conf">compiletime</P>
      <P Name="gamma_vth">0.5</P>
      <P Name="gamma_vth_unit">V^0.50000</P>
      <P Name="gamma_vth_conf">compiletime</P>
      <P Name="phib">0.5</P>
      <P Name="phib_unit">V</P>
      <P Name="phib_conf">compiletime</P>
      <P Name="Vth1">1.9071</P>
      <P Name="Vth1_unit">V</P>
      <P Name="Vth1_conf">compiletime</P>
      <P Name="Vbs1">-1</P>
      <P Name="Vbs1_unit">V</P>
      <P Name="Vbs1_conf">compiletime</P>
      <P Name="Vth2">2.066</P>
      <P Name="Vth2_unit">V</P>
      <P Name="Vth2_conf">compiletime</P>
      <P Name="Vbs2">-2</P>
      <P Name="Vbs2_unit">V</P>
      <P Name="Vbs2_conf">compiletime</P>
      <P Name="Tmeas">25</P>
      <P Name="Tmeas_unit">degC</P>
      <P Name="Tmeas_conf">compiletime</P>
      <P Name="Vgs_vec">[-.5, 2, 3, 4, 5]</P>
      <P Name="Vgs_vec_unit">V</P>
      <P Name="Vgs_vec_conf">compiletime</P>
      <P Name="Vds_vec">[0, 2, 4, 8, 12, 16, 20]</P>
      <P Name="Vds_vec_unit">V</P>
      <P Name="Vds_vec_conf">compiletime</P>
      <P Name="Vbs_vec">[0, -4, -6, -12]</P>
      <P Name="Vbs_vec_unit">V</P>
      <P Name="Vbs_vec_conf">compiletime</P>
      <P Name="T_vec">[25, 125]</P>
      <P Name="T_vec_unit">degC</P>
      <P Name="T_vec_conf">compiletime</P>
      <P Name="Vth_vec">[.4, 1.2, 1.4, 1.45]</P>
      <P Name="Vth_vec_unit">V</P>
      <P Name="Vth_vec_conf">compiletime</P>
      <P Name="Vth_mat">[.4, .35; 1.2, 1.15; 1.4, 1.35; 1.45, 1.4]</P>
      <P Name="Vth_mat_unit">V</P>
      <P Name="Vth_mat_conf">compiletime</P>
      <P Name="Ids_mat">[0, 0, 0, 0, 0, 0, 0; 0, .003, .0038, .0043, .0046, .0048, .0049; 0, .0055, .008, .009, .0095, .01, .0101; 0, .0115, .016, .018, .019, .0195, .02; 0, .0152, .0225, .0265, .028, .0295, .03]</P>
      <P Name="Ids_mat_unit">A</P>
      <P Name="Ids_mat_conf">compiletime</P>
      <P Name="Ids_mat0">[0, 0, 0, 0, 0, 0, 0; 0, .003, .0038, .0043, .0046, .0048, .0049; 0, .0055, .008, .009, .0095, .01, .0101; 0, .0115, .016, .018, .019, .0195, .02; 0, .0152, .0225, .0265, .028, .0295, .03]</P>
      <P Name="Ids_mat0_unit">A</P>
      <P Name="Ids_mat0_conf">compiletime</P>
      <P Name="Ids_mat_3D">zeros(5, 7, 2)</P>
      <P Name="Ids_mat_3D_unit">A</P>
      <P Name="Ids_mat_3D_conf">compiletime</P>
      <P Name="Ids_mat_3D0">zeros(5, 7, 2)</P>
      <P Name="Ids_mat_3D0_unit">A</P>
      <P Name="Ids_mat_3D0_conf">compiletime</P>
      <P Name="IV_table_symmetry">ee.enum.mosfet.symmetricNIV.no</P>
      <P Name="IV_table_symmetry_unit">1</P>
      <P Name="IV_table_symmetry_conf">compiletime</P>
      <P Name="RS">0.001</P>
      <P Name="RS_unit">Ohm</P>
      <P Name="RS_conf">compiletime</P>
      <P Name="RD">0.001</P>
      <P Name="RD_unit">Ohm</P>
      <P Name="RD_conf">compiletime</P>
      <P Name="RB">0.001</P>
      <P Name="RB_unit">Ohm</P>
      <P Name="RB_conf">compiletime</P>
      <P Name="C_param">1</P>
      <P Name="C_param_unit">1</P>
      <P Name="C_param_conf">compiletime</P>
      <P Name="C_GS">270</P>
      <P Name="C_GS_unit">pF</P>
      <P Name="C_GS_conf">compiletime</P>
      <P Name="C_GD">80</P>
      <P Name="C_GD_unit">pF</P>
      <P Name="C_GD_conf">compiletime</P>
      <P Name="C_GB">0</P>
      <P Name="C_GB_unit">pF</P>
      <P Name="C_GB_conf">compiletime</P>
      <P Name="C_DS">0</P>
      <P Name="C_DS_unit">pF</P>
      <P Name="C_DS_conf">compiletime</P>
      <P Name="C_iss">350</P>
      <P Name="C_iss_unit">pF</P>
      <P Name="C_iss_conf">compiletime</P>
      <P Name="C_rss">80</P>
      <P Name="C_rss_unit">pF</P>
      <P Name="C_rss_conf">compiletime</P>
      <P Name="C_oss">0</P>
      <P Name="C_oss_unit">pF</P>
      <P Name="C_oss_conf">compiletime</P>
      <P Name="C_iss_vec">[ 720 700 590 470 390 310 ]</P>
      <P Name="C_iss_vec_unit">pF</P>
      <P Name="C_iss_vec_conf">compiletime</P>
      <P Name="C_rss_vec">[ 450 400 300 190 95 55 ]</P>
      <P Name="C_rss_vec_unit">pF</P>
      <P Name="C_rss_vec_conf">compiletime</P>
      <P Name="C_oss_vec">[ 900 810 690 420 270 170 ]</P>
      <P Name="C_oss_vec_unit">pF</P>
      <P Name="C_oss_vec_conf">compiletime</P>
      <P Name="C_GS_vec">[ 270 300 290 280 295 255 ]</P>
      <P Name="C_GS_vec_unit">pF</P>
      <P Name="C_GS_vec_conf">compiletime</P>
      <P Name="C_GD_vec">[ 450 400 300 190 95 55 ]</P>
      <P Name="C_GD_vec_unit">pF</P>
      <P Name="C_GD_vec_conf">compiletime</P>
      <P Name="C_GB_vec">[270, 300, 290, 280, 295, 255]</P>
      <P Name="C_GB_vec_unit">pF</P>
      <P Name="C_GB_vec_conf">compiletime</P>
      <P Name="C_Vgs_vec">0</P>
      <P Name="C_Vgs_vec_unit">V</P>
      <P Name="C_Vgs_vec_conf">compiletime</P>
      <P Name="C_DS_vec">[ 450 410 390 230 175 115 ]</P>
      <P Name="C_DS_vec_unit">pF</P>
      <P Name="C_DS_vec_conf">compiletime</P>
      <P Name="C_Vds_vec">[ 0.1 0.3 1 3 10 30 ]</P>
      <P Name="C_Vds_vec_unit">V</P>
      <P Name="C_Vds_vec_conf">compiletime</P>
      <P Name="V_GS_for_cap_data">NaN</P>
      <P Name="V_GS_for_cap_data_unit">V</P>
      <P Name="V_GS_for_cap_data_conf">compiletime</P>
      <P Name="charge_linearity_param">1</P>
      <P Name="charge_linearity_param_unit">1</P>
      <P Name="charge_linearity_param_conf">compiletime</P>
      <P Name="C_OX">200</P>
      <P Name="C_OX_unit">pF</P>
      <P Name="C_OX_conf">compiletime</P>
      <P Name="V_C_OX">-0.5</P>
      <P Name="V_C_OX_unit">V</P>
      <P Name="V_C_OX_conf">compiletime</P>
      <P Name="charge_linearity_param_vgb">ee.enum.mosfet.cgbLinearity.instantly</P>
      <P Name="charge_linearity_param_vgb_unit">1</P>
      <P Name="charge_linearity_param_vgb_conf">compiletime</P>
      <P Name="charge_linearity_param_with_vgb">ee.enum.mosfet.cgbLinearityWithSeparateCgb.instantly</P>
      <P Name="charge_linearity_param_with_vgb_unit">1</P>
      <P Name="charge_linearity_param_with_vgb_conf">compiletime</P>
      <P Name="Di_param">ee.enum.mosfet.diodeParam.exponential</P>
      <P Name="Di_param_unit">1</P>
      <P Name="Di_param_conf">compiletime</P>
      <P Name="IsDiode">0</P>
      <P Name="IsDiode_unit">A</P>
      <P Name="IsDiode_conf">compiletime</P>
      <P Name="Vbi">0.6</P>
      <P Name="Vbi_unit">V</P>
      <P Name="Vbi_conf">compiletime</P>
      <P Name="n">1</P>
      <P Name="n_unit">1</P>
      <P Name="n_conf">compiletime</P>
      <P Name="Cj0Diode">0</P>
      <P Name="Cj0Diode_unit">pF</P>
      <P Name="Cj0Diode_conf">compiletime</P>
      <P Name="TT">50e-9</P>
      <P Name="TT_unit">s</P>
      <P Name="TT_conf">compiletime</P>
      <P Name="Tmeas_dio">25</P>
      <P Name="Tmeas_dio_unit">degC</P>
      <P Name="Tmeas_dio_conf">compiletime</P>
      <P Name="TableTypeNoT">ee.enum.mosfet.tableType.IfMat</P>
      <P Name="TableTypeNoT_unit">1</P>
      <P Name="TableTypeNoT_conf">compiletime</P>
      <P Name="TableType">ee.enum.diode.tableType.IfMat</P>
      <P Name="TableType_unit">1</P>
      <P Name="TableType_conf">compiletime</P>
      <P Name="IfVec">[.07, .12, .19, 1.75, 4.24, 7.32, 11.2]</P>
      <P Name="IfVec_unit">A</P>
      <P Name="IfVec_conf">compiletime</P>
      <P Name="IfMat">[.07, .12, .19, 1.75, 4.24, 7.32, 11.2; .16, .3, .72, 2.14, 4.02, 6.35, 9.12]</P>
      <P Name="IfMat_unit">A</P>
      <P Name="IfMat_conf">compiletime</P>
      <P Name="VfVecV">[.9, 1.15, 1.25, 1.5, 1.75, 2.17, 2.6, 2.85]</P>
      <P Name="VfVecV_unit">V</P>
      <P Name="VfVecV_conf">compiletime</P>
      <P Name="VfMatV">[.9, 1.15, 1.25, 1.5, 1.75, 2.17, 2.6, 2.85; .58, .68, .75, 1.1, 1.38, 1.77, 2.27, 2.7]</P>
      <P Name="VfMatV_unit">V</P>
      <P Name="VfMatV_conf">compiletime</P>
      <P Name="TjVec">[25, 125]</P>
      <P Name="TjVec_unit">degC</P>
      <P Name="TjVec_conf">compiletime</P>
      <P Name="VfVec">[.5, .7, .9, 1.3, 1.7, 2.1, 2.5]</P>
      <P Name="VfVec_unit">V</P>
      <P Name="VfVec_conf">compiletime</P>
      <P Name="IfVecV">[.1, .2, .5, 1, 2, 4, 7, 10]</P>
      <P Name="IfVecV_unit">A</P>
      <P Name="IfVecV_conf">compiletime</P>
      <P Name="prmDatasheet">1</P>
      <P Name="prmDatasheet_unit">1</P>
      <P Name="prmDatasheet_conf">compiletime</P>
      <P Name="prmEquCoeff">1</P>
      <P Name="prmEquCoeff_unit">1</P>
      <P Name="prmEquCoeff_conf">compiletime</P>
      <P Name="dVth_dT">-6</P>
      <P Name="dVth_dT_unit">mV/K</P>
      <P Name="dVth_dT_conf">compiletime</P>
      <P Name="dVth0_dT">-6</P>
      <P Name="dVth0_dT_unit">mV/K</P>
      <P Name="dVth0_dT_conf">compiletime</P>
      <P Name="Rds_T2">0.037</P>
      <P Name="Rds_T2_unit">Ohm</P>
      <P Name="Rds_T2_conf">compiletime</P>
      <P Name="BEXDatasheet">-1.5</P>
      <P Name="BEXDatasheet_unit">1</P>
      <P Name="BEXDatasheet_conf">compiletime</P>
      <P Name="BEXEquCoeff">-1.5</P>
      <P Name="BEXEquCoeff_unit">1</P>
      <P Name="BEXEquCoeff_conf">compiletime</P>
      <P Name="etaisDatasheet">3</P>
      <P Name="etaisDatasheet_unit">1</P>
      <P Name="etaisDatasheet_conf">compiletime</P>
      <P Name="etaisEquCoeff">3</P>
      <P Name="etaisEquCoeff_unit">1</P>
      <P Name="etaisEquCoeff_conf">compiletime</P>
      <P Name="Tmeas2">125</P>
      <P Name="Tmeas2_unit">degC</P>
      <P Name="Tmeas2_conf">compiletime</P>
      <P Name="etaisTabulated">3</P>
      <P Name="etaisTabulated_unit">1</P>
      <P Name="etaisTabulated_conf">compiletime</P>
      <P Name="TdeviceDatasheet">25</P>
      <P Name="TdeviceDatasheet_unit">degC</P>
      <P Name="TdeviceDatasheet_conf">compiletime</P>
      <P Name="TdeviceEquCoeff">25</P>
      <P Name="TdeviceEquCoeff_unit">degC</P>
      <P Name="TdeviceEquCoeff_conf">compiletime</P>
      <P Name="TdeviceTabulated">25</P>
      <P Name="TdeviceTabulated_unit">degC</P>
      <P Name="TdeviceTabulated_conf">compiletime</P>
      <P Name="enable_faults">simscape.enum.onoff.off</P>
      <P Name="enable_faults_unit">1</P>
      <P Name="enable_faults_conf">compiletime</P>
      <P Name="fault_trigger">ee.enum.faults.faultTrigger.temporal</P>
      <P Name="fault_trigger_unit">1</P>
      <P Name="fault_trigger_conf">compiletime</P>
      <P Name="t_fault">inf</P>
      <P Name="t_fault_unit">s</P>
      <P Name="t_fault_conf">compiletime</P>
      <P Name="max_permissible_Vgs">inf</P>
      <P Name="max_permissible_Vgs_unit">V</P>
      <P Name="max_permissible_Vgs_conf">compiletime</P>
      <P Name="max_permissible_Vds">inf</P>
      <P Name="max_permissible_Vds_unit">V</P>
      <P Name="max_permissible_Vds_conf">compiletime</P>
      <P Name="max_permissible_Vdb">inf</P>
      <P Name="max_permissible_Vdb_unit">V</P>
      <P Name="max_permissible_Vdb_conf">compiletime</P>
      <P Name="max_permissible_Ids">inf</P>
      <P Name="max_permissible_Ids_unit">A</P>
      <P Name="max_permissible_Ids_conf">compiletime</P>
      <P Name="t_fail_on_Ids">1</P>
      <P Name="t_fail_on_Ids_unit">s</P>
      <P Name="t_fail_on_Ids_conf">compiletime</P>
      <P Name="max_permissible_Idiode">inf</P>
      <P Name="max_permissible_Idiode_unit">A</P>
      <P Name="max_permissible_Idiode_conf">compiletime</P>
      <P Name="t_fail_on_Idiode">1</P>
      <P Name="t_fail_on_Idiode_unit">s</P>
      <P Name="t_fail_on_Idiode_conf">compiletime</P>
      <P Name="max_permissible_dVdt">inf</P>
      <P Name="max_permissible_dVdt_unit">V/s</P>
      <P Name="max_permissible_dVdt_conf">compiletime</P>
      <P Name="tau_fault">1e-3</P>
      <P Name="tau_fault_unit">s</P>
      <P Name="tau_fault_conf">compiletime</P>
      <P Name="fault_types">ee.enum.mosfet.faults.open</P>
      <P Name="fault_types_unit">1</P>
      <P Name="fault_types_conf">compiletime</P>
      <P Name="fault_types_4T">ee.enum.mosfet.faultsFourTerminals.open</P>
      <P Name="fault_types_4T_unit">1</P>
      <P Name="fault_types_4T_conf">compiletime</P>
      <P Name="RG_open">1e6</P>
      <P Name="RG_open_unit">Ohm</P>
      <P Name="RG_open_conf">compiletime</P>
      <P Name="RD_open">1000</P>
      <P Name="RD_open_unit">Ohm</P>
      <P Name="RD_open_conf">compiletime</P>
      <P Name="RS_open">1000</P>
      <P Name="RS_open_unit">Ohm</P>
      <P Name="RS_open_conf">compiletime</P>
      <P Name="RB_open">1000</P>
      <P Name="RB_open_unit">Ohm</P>
      <P Name="RB_open_conf">compiletime</P>
      <P Name="GDS_short">1000</P>
      <P Name="GDS_short_unit">1/Ohm</P>
      <P Name="GDS_short_conf">compiletime</P>
      <P Name="GDB_short">1000</P>
      <P Name="GDB_short_unit">1/Ohm</P>
      <P Name="GDB_short_conf">compiletime</P>
      <P Name="GSB_short">1000</P>
      <P Name="GSB_short_unit">1/Ohm</P>
      <P Name="GSB_short_conf">compiletime</P>
      <P Name="location_GOS">0</P>
      <P Name="location_GOS_unit">1</P>
      <P Name="location_GOS_conf">compiletime</P>
      <P Name="G_GOS">1000</P>
      <P Name="G_GOS_unit">1/Ohm</P>
      <P Name="G_GOS_conf">compiletime</P>
      <P Name="D_GOS">ee.enum.include.no</P>
      <P Name="D_GOS_unit">1</P>
      <P Name="D_GOS_conf">compiletime</P>
      <P Name="Is_GOS">0</P>
      <P Name="Is_GOS_unit">A</P>
      <P Name="Is_GOS_conf">compiletime</P>
      <P Name="Vbi_GOS">0.6</P>
      <P Name="Vbi_GOS_unit">V</P>
      <P Name="Vbi_GOS_conf">compiletime</P>
      <P Name="n_GOS">1</P>
      <P Name="n_GOS_unit">1</P>
      <P Name="n_GOS_conf">compiletime</P>
      <P Name="Cj0_GOS">0</P>
      <P Name="Cj0_GOS_unit">pF</P>
      <P Name="Cj0_GOS_conf">compiletime</P>
      <P Name="TT_GOS">50e-9</P>
      <P Name="TT_GOS_unit">s</P>
      <P Name="TT_GOS_conf">compiletime</P>
      <P Name="Beta_scale">100</P>
      <P Name="Beta_scale_unit">1</P>
      <P Name="Beta_scale_conf">compiletime</P>
      <P Name="dVth_faulted">0</P>
      <P Name="dVth_faulted_unit">V</P>
      <P Name="dVth_faulted_conf">compiletime</P>
      <P Name="lam_faulted">0</P>
      <P Name="lam_faulted_unit">1/V</P>
      <P Name="lam_faulted_conf">compiletime</P>
      <P Name="gamma_scale">100</P>
      <P Name="gamma_scale_unit">1</P>
      <P Name="gamma_scale_conf">compiletime</P>
      <P Name="dPhib_faulted">0</P>
      <P Name="dPhib_faulted_unit">V</P>
      <P Name="dPhib_faulted_conf">compiletime</P>
      <P Name="Vgs_vec_faulted">[-.5, 2, 3, 4, 5]</P>
      <P Name="Vgs_vec_faulted_unit">V</P>
      <P Name="Vgs_vec_faulted_conf">compiletime</P>
      <P Name="Vds_vec_faulted">[0, 2, 4, 8, 12, 16, 20]</P>
      <P Name="Vds_vec_faulted_unit">V</P>
      <P Name="Vds_vec_faulted_conf">compiletime</P>
      <P Name="Vbs_vec_faulted">[0, -4, -6, -12]</P>
      <P Name="Vbs_vec_faulted_unit">V</P>
      <P Name="Vbs_vec_faulted_conf">compiletime</P>
      <P Name="Vth_vec_faulted">[.4, 1.2, 1.4, 1.45]</P>
      <P Name="Vth_vec_faulted_unit">V</P>
      <P Name="Vth_vec_faulted_conf">compiletime</P>
      <P Name="Vth_mat_faulted">[.4, .35; 1.2, 1.15; 1.4, 1.35; 1.45, 1.4]</P>
      <P Name="Vth_mat_faulted_unit">V</P>
      <P Name="Vth_mat_faulted_conf">compiletime</P>
      <P Name="Ids_mat_faulted">[0, 0, 0, 0, 0, 0, 0; 0, .003, .0038, .0043, .0046, .0048, .0049; 0, .0055, .008, .009, .0095, .01, .0101; 0, .0115, .016, .018, .019, .0195, .02; 0, .0152, .0225, .0265, .028, .0295, .03]</P>
      <P Name="Ids_mat_faulted_unit">A</P>
      <P Name="Ids_mat_faulted_conf">compiletime</P>
      <P Name="Ids_mat0_faulted">[0, 0, 0, 0, 0, 0, 0; 0, .003, .0038, .0043, .0046, .0048, .0049; 0, .0055, .008, .009, .0095, .01, .0101; 0, .0115, .016, .018, .019, .0195, .02; 0, .0152, .0225, .0265, .028, .0295, .03]</P>
      <P Name="Ids_mat0_faulted_unit">A</P>
      <P Name="Ids_mat0_faulted_conf">compiletime</P>
      <P Name="Ids_mat_3D_faulted">zeros(5, 7, 2)</P>
      <P Name="Ids_mat_3D_faulted_unit">A</P>
      <P Name="Ids_mat_3D_faulted_conf">compiletime</P>
      <P Name="Ids_mat_3D0_faulted">zeros(5, 7, 2)</P>
      <P Name="Ids_mat_3D0_faulted_unit">A</P>
      <P Name="Ids_mat_3D0_faulted_conf">compiletime</P>
      <P Name="RS_faulted">0.0001</P>
      <P Name="RS_faulted_unit">Ohm</P>
      <P Name="RS_faulted_conf">compiletime</P>
      <P Name="RD_faulted">0.01</P>
      <P Name="RD_faulted_unit">Ohm</P>
      <P Name="RD_faulted_conf">compiletime</P>
      <P Name="RB_faulted">0.001</P>
      <P Name="RB_faulted_unit">Ohm</P>
      <P Name="RB_faulted_conf">compiletime</P>
      <P Name="IsDiode_faulted">0</P>
      <P Name="IsDiode_faulted_unit">A</P>
      <P Name="IsDiode_faulted_conf">compiletime</P>
      <P Name="Vbi_faulted">0.6</P>
      <P Name="Vbi_faulted_unit">V</P>
      <P Name="Vbi_faulted_conf">compiletime</P>
      <P Name="n_faulted">1</P>
      <P Name="n_faulted_unit">1</P>
      <P Name="n_faulted_conf">compiletime</P>
      <P Name="Cj0Diode_scale">100</P>
      <P Name="Cj0Diode_scale_unit">1</P>
      <P Name="Cj0Diode_scale_conf">compiletime</P>
      <P Name="TT_faulted">50e-9</P>
      <P Name="TT_faulted_unit">s</P>
      <P Name="TT_faulted_conf">compiletime</P>
      <P Name="IfVec_faulted">[.07, .12, .19, 1.75, 4.24, 7.32, 11.2]</P>
      <P Name="IfVec_faulted_unit">A</P>
      <P Name="IfVec_faulted_conf">compiletime</P>
      <P Name="IfMat_faulted">[.07, .12, .19, 1.75, 4.24, 7.32, 11.2; .16, .3, .72, 2.14, 4.02, 6.35, 9.12]</P>
      <P Name="IfMat_faulted_unit">A</P>
      <P Name="IfMat_faulted_conf">compiletime</P>
      <P Name="VfVecV_faulted">[.9, 1.15, 1.25, 1.5, 1.75, 2.17, 2.6, 2.85]</P>
      <P Name="VfVecV_faulted_unit">V</P>
      <P Name="VfVecV_faulted_conf">compiletime</P>
      <P Name="VfMatV_faulted">[.9, 1.15, 1.25, 1.5, 1.75, 2.17, 2.6, 2.85; .58, .68, .75, 1.1, 1.38, 1.77, 2.27, 2.7]</P>
      <P Name="VfMatV_faulted_unit">V</P>
      <P Name="VfMatV_faulted_conf">compiletime</P>
      <P Name="VfVec_faulted">[.5, .7, .9, 1.3, 1.7, 2.1, 2.5]</P>
      <P Name="VfVec_faulted_unit">V</P>
      <P Name="VfVec_faulted_conf">compiletime</P>
      <P Name="IfVecV_faulted">[.1, .2, .5, 1, 2, 4, 7, 10]</P>
      <P Name="IfVecV_faulted_unit">A</P>
      <P Name="IfVecV_faulted_conf">compiletime</P>
      <P Name="C_GS_scale">100</P>
      <P Name="C_GS_scale_unit">1</P>
      <P Name="C_GS_scale_conf">compiletime</P>
      <P Name="C_GD_scale">100</P>
      <P Name="C_GD_scale_unit">1</P>
      <P Name="C_GD_scale_conf">compiletime</P>
      <P Name="C_GB_scale">100</P>
      <P Name="C_GB_scale_unit">1</P>
      <P Name="C_GB_scale_conf">compiletime</P>
      <P Name="C_DS_scale">100</P>
      <P Name="C_DS_scale_unit">1</P>
      <P Name="C_DS_scale_conf">compiletime</P>
      <P Name="C_OX_scale">100</P>
      <P Name="C_OX_scale_unit">1</P>
      <P Name="C_OX_scale_conf">compiletime</P>
      <P Name="V_C_OX_faulted">-0.5</P>
      <P Name="V_C_OX_faulted_unit">V</P>
      <P Name="V_C_OX_faulted_conf">compiletime</P>
      <P Name="C_iss_vec_faulted">[720, 700, 590, 470, 390, 310]</P>
      <P Name="C_iss_vec_faulted_unit">pF</P>
      <P Name="C_iss_vec_faulted_conf">compiletime</P>
      <P Name="C_rss_vec_faulted">[450, 400, 300, 190, 95, 55]</P>
      <P Name="C_rss_vec_faulted_unit">pF</P>
      <P Name="C_rss_vec_faulted_conf">compiletime</P>
      <P Name="C_oss_vec_faulted">[900, 810, 690, 420, 270, 170]</P>
      <P Name="C_oss_vec_faulted_unit">pF</P>
      <P Name="C_oss_vec_faulted_conf">compiletime</P>
      <P Name="C_GS_vec_faulted">[270, 300, 290, 280, 295, 255]</P>
      <P Name="C_GS_vec_faulted_unit">pF</P>
      <P Name="C_GS_vec_faulted_conf">compiletime</P>
      <P Name="C_GD_vec_faulted">[450, 400, 300, 190, 95, 55]</P>
      <P Name="C_GD_vec_faulted_unit">pF</P>
      <P Name="C_GD_vec_faulted_conf">compiletime</P>
      <P Name="C_GB_vec_faulted">[270, 300, 290, 280, 295, 255]</P>
      <P Name="C_GB_vec_faulted_unit">pF</P>
      <P Name="C_GB_vec_faulted_conf">compiletime</P>
      <P Name="C_Vgs_vec_faulted">0</P>
      <P Name="C_Vgs_vec_faulted_unit">V</P>
      <P Name="C_Vgs_vec_faulted_conf">compiletime</P>
      <P Name="C_DS_vec_faulted">[450, 410, 390, 230, 175, 115]</P>
      <P Name="C_DS_vec_faulted_unit">pF</P>
      <P Name="C_DS_vec_faulted_conf">compiletime</P>
      <P Name="C_Vds_vec_faulted">[.1, .3, 1, 3, 10, 30]</P>
      <P Name="C_Vds_vec_faulted_unit">V</P>
      <P Name="C_Vds_vec_faulted_conf">compiletime</P>
      <P Name="V_GS_for_cap_data_faulted">0</P>
      <P Name="V_GS_for_cap_data_faulted_unit">V</P>
      <P Name="V_GS_for_cap_data_faulted_conf">compiletime</P>
      <P Name="i_g_specify">off</P>
      <P Name="i_g_priority">None</P>
      <P Name="i_g">0</P>
      <P Name="i_g_unit">A</P>
      <P Name="i_g_nominal_specify">off</P>
      <P Name="i_g_nominal_unit">A</P>
      <P Name="i_g_nominal_value">1</P>
      <P Name="i_d_specify">off</P>
      <P Name="i_d_priority">None</P>
      <P Name="i_d">0</P>
      <P Name="i_d_unit">A</P>
      <P Name="i_d_nominal_specify">off</P>
      <P Name="i_d_nominal_unit">A</P>
      <P Name="i_d_nominal_value">1</P>
      <P Name="i_b_specify">off</P>
      <P Name="i_b_priority">None</P>
      <P Name="i_b">0</P>
      <P Name="i_b_unit">A</P>
      <P Name="i_b_nominal_specify">off</P>
      <P Name="i_b_nominal_unit">A</P>
      <P Name="i_b_nominal_value">1</P>
      <P Name="voltage_gs_specify">off</P>
      <P Name="voltage_gs_priority">None</P>
      <P Name="voltage_gs">0</P>
      <P Name="voltage_gs_unit">V</P>
      <P Name="voltage_gs_nominal_specify">off</P>
      <P Name="voltage_gs_nominal_unit">V</P>
      <P Name="voltage_gs_nominal_value">1</P>
      <P Name="voltage_ds_specify">off</P>
      <P Name="voltage_ds_priority">None</P>
      <P Name="voltage_ds">0</P>
      <P Name="voltage_ds_unit">V</P>
      <P Name="voltage_ds_nominal_specify">off</P>
      <P Name="voltage_ds_nominal_unit">V</P>
      <P Name="voltage_ds_nominal_value">1</P>
      <P Name="voltage_bs_specify">off</P>
      <P Name="voltage_bs_priority">None</P>
      <P Name="voltage_bs">0</P>
      <P Name="voltage_bs_unit">V</P>
      <P Name="voltage_bs_nominal_specify">off</P>
      <P Name="voltage_bs_nominal_unit">V</P>
      <P Name="voltage_bs_nominal_value">1</P>
      <P Name="v_Cgs_specify">off</P>
      <P Name="v_Cgs_priority">High</P>
      <P Name="v_Cgs">0</P>
      <P Name="v_Cgs_unit">V</P>
      <P Name="v_Cgs_nominal_specify">off</P>
      <P Name="v_Cgs_nominal_unit">V</P>
      <P Name="v_Cgs_nominal_value">1</P>
      <P Name="v_Cds_specify">off</P>
      <P Name="v_Cds_priority">High</P>
      <P Name="v_Cds">0</P>
      <P Name="v_Cds_unit">V</P>
      <P Name="v_Cds_nominal_specify">off</P>
      <P Name="v_Cds_nominal_unit">V</P>
      <P Name="v_Cds_nominal_value">1</P>
      <P Name="v_Cbs_specify">off</P>
      <P Name="v_Cbs_priority">High</P>
      <P Name="v_Cbs">0</P>
      <P Name="v_Cbs_unit">V</P>
      <P Name="v_Cbs_nominal_specify">off</P>
      <P Name="v_Cbs_nominal_unit">V</P>
      <P Name="v_Cbs_nominal_value">1</P>
      <P Name="thermal_network_parameterization">ee.enum.thermalNetworkTopology.junctionCase</P>
      <P Name="thermal_network_parameterization_unit">1</P>
      <P Name="thermal_network_parameterization_conf">compiletime</P>
      <P Name="Rth">[0, 10]</P>
      <P Name="Rth_unit">K/W</P>
      <P Name="Rth_conf">compiletime</P>
      <P Name="Rth_Cauer">[1, 3, 10]</P>
      <P Name="Rth_Cauer_unit">K/W</P>
      <P Name="Rth_Cauer_conf">compiletime</P>
      <P Name="Rth_Foster">[4, 6]</P>
      <P Name="Rth_Foster_unit">K/W</P>
      <P Name="Rth_Foster_conf">compiletime</P>
      <P Name="thermal_mass_parameterization">ee.enum.thermalNetwork.timeconstant</P>
      <P Name="thermal_mass_parameterization_unit">1</P>
      <P Name="thermal_mass_parameterization_conf">compiletime</P>
      <P Name="thermal_mass">[0, 1]</P>
      <P Name="thermal_mass_unit">J/K</P>
      <P Name="thermal_mass_conf">compiletime</P>
      <P Name="thermal_mass_Cauer">[.1, .3, 1]</P>
      <P Name="thermal_mass_Cauer_unit">J/K</P>
      <P Name="thermal_mass_Cauer_conf">compiletime</P>
      <P Name="thermal_mass_Foster">[1.5, 3]</P>
      <P Name="thermal_mass_Foster_unit">J/K</P>
      <P Name="thermal_mass_Foster_conf">compiletime</P>
      <P Name="thermal_time_constant">[0, 10]</P>
      <P Name="thermal_time_constant_unit">s</P>
      <P Name="thermal_time_constant_conf">compiletime</P>
      <P Name="thermal_time_constant_Cauer">[1, 3, 10]</P>
      <P Name="thermal_time_constant_Cauer_unit">s</P>
      <P Name="thermal_time_constant_Cauer_conf">compiletime</P>
      <P Name="thermal_time_constant_Foster">[6, 18]</P>
      <P Name="thermal_time_constant_Foster_unit">s</P>
      <P Name="thermal_time_constant_Foster_conf">compiletime</P>
      <P Name="thermal_mass_initial_temperatures">[25, 25]</P>
      <P Name="thermal_mass_initial_temperatures_unit">degC</P>
      <P Name="thermal_mass_initial_temperatures_conf">compiletime</P>
      <P Name="thermal_mass_initial_temperatures_Cauer">[25, 25, 25]</P>
      <P Name="thermal_mass_initial_temperatures_Cauer_unit">degC</P>
      <P Name="thermal_mass_initial_temperatures_Cauer_conf">compiletime</P>
      <P Name="Tvec_initial_Foster">[25, 25, 25, 25]</P>
      <P Name="Tvec_initial_Foster_unit">degC</P>
      <P Name="Tvec_initial_Foster_conf">compiletime</P>
      <P Name="max_permissible_temperature">inf</P>
      <P Name="max_permissible_temperature_unit">K</P>
      <P Name="max_permissible_temperature_conf">compiletime</P>
      <P Name="t_fail_on_temperature">1</P>
      <P Name="t_fail_on_temperature_unit">s</P>
      <P Name="t_fail_on_temperature_conf">compiletime</P>
      <P Name="betaref">18</P>
      <P Name="betaref_unit">A/V^2</P>
      <P Name="betaref_conf">compiletime</P>
      <P Name="Vfbref">-1.1</P>
      <P Name="Vfbref_unit">V</P>
      <P Name="Vfbref_conf">compiletime</P>
      <P Name="gamma">3.5</P>
      <P Name="gamma_unit">V^(1/2)</P>
      <P Name="gamma_conf">compiletime</P>
      <P Name="phib2ref">1</P>
      <P Name="phib2ref_unit">V</P>
      <P Name="phib2ref_conf">compiletime</P>
      <P Name="thesatref">0.4</P>
      <P Name="thesatref_unit">1/V</P>
      <P Name="thesatref_conf">compiletime</P>
      <P Name="alpha">0</P>
      <P Name="alpha_unit">1</P>
      <P Name="alpha_conf">compiletime</P>
      <P Name="Vp">5e-2</P>
      <P Name="Vp_unit">V</P>
      <P Name="Vp_conf">compiletime</P>
      <P Name="thesrref">0</P>
      <P Name="thesrref_unit">1/V</P>
      <P Name="thesrref_conf">compiletime</P>
      <P Name="m">8</P>
      <P Name="m_unit">1</P>
      <P Name="m_conf">compiletime</P>
      <P Name="Tref">25</P>
      <P Name="Tref_unit">degC</P>
      <P Name="Tref_conf">compiletime</P>
      <P Name="Rsref">2e-3</P>
      <P Name="Rsref_unit">Ohm</P>
      <P Name="Rsref_conf">compiletime</P>
      <P Name="Rdref">0.17</P>
      <P Name="Rdref_unit">Ohm</P>
      <P Name="Rdref_conf">compiletime</P>
      <P Name="Rgref">8.4</P>
      <P Name="Rgref_unit">Ohm</P>
      <P Name="Rgref_conf">compiletime</P>
      <P Name="Rbref">2e-3</P>
      <P Name="Rbref_unit">Ohm</P>
      <P Name="Rbref_conf">compiletime</P>
      <P Name="Cox">1500</P>
      <P Name="Cox_unit">pF</P>
      <P Name="Cox_conf">compiletime</P>
      <P Name="Cgso">100</P>
      <P Name="Cgso_unit">pF</P>
      <P Name="Cgso_conf">compiletime</P>
      <P Name="Cgdo">14</P>
      <P Name="Cgdo_unit">pF</P>
      <P Name="Cgdo_conf">compiletime</P>
      <P Name="Isref">5.2e-13</P>
      <P Name="Isref_unit">A</P>
      <P Name="Isref_conf">compiletime</P>
      <P Name="Cj0">480</P>
      <P Name="Cj0_unit">pF</P>
      <P Name="Cj0_conf">compiletime</P>
      <P Name="Tprm">1</P>
      <P Name="Tprm_unit">1</P>
      <P Name="Tprm_conf">compiletime</P>
      <P Name="etabet">1.3</P>
      <P Name="etabet_unit">1</P>
      <P Name="etabet_conf">compiletime</P>
      <P Name="Stvfb">5e-4</P>
      <P Name="Stvfb_unit">V/K</P>
      <P Name="Stvfb_conf">compiletime</P>
      <P Name="Stphib">-8.5e-4</P>
      <P Name="Stphib_unit">V/K</P>
      <P Name="Stphib_conf">compiletime</P>
      <P Name="etasat">1.04</P>
      <P Name="etasat_unit">1</P>
      <P Name="etasat_conf">compiletime</P>
      <P Name="etasr">0.65</P>
      <P Name="etasr_unit">1</P>
      <P Name="etasr_conf">compiletime</P>
      <P Name="etar">0.95</P>
      <P Name="etar_unit">1</P>
      <P Name="etar_conf">compiletime</P>
      <P Name="etais">3</P>
      <P Name="etais_unit">1</P>
      <P Name="etais_conf">compiletime</P>
      <P Name="Tsim">25</P>
      <P Name="Tsim_unit">degC</P>
      <P Name="Tsim_conf">compiletime</P>
      <P Name="Ig_specify">off</P>
      <P Name="Ig_priority">None</P>
      <P Name="Ig">0</P>
      <P Name="Ig_unit">A</P>
      <P Name="Ig_nominal_specify">off</P>
      <P Name="Ig_nominal_unit">A</P>
      <P Name="Ig_nominal_value">1</P>
      <P Name="Ids_specify">off</P>
      <P Name="Ids_priority">None</P>
      <P Name="Ids">0</P>
      <P Name="Ids_unit">A</P>
      <P Name="Ids_nominal_specify">off</P>
      <P Name="Ids_nominal_unit">A</P>
      <P Name="Ids_nominal_value">1</P>
      <P Name="Ib_specify">off</P>
      <P Name="Ib_priority">None</P>
      <P Name="Ib">0</P>
      <P Name="Ib_unit">A</P>
      <P Name="Ib_nominal_specify">off</P>
      <P Name="Ib_nominal_unit">A</P>
      <P Name="Ib_nominal_value">1</P>
      <P Name="V_gs_specify">off</P>
      <P Name="V_gs_priority">None</P>
      <P Name="V_gs">0</P>
      <P Name="V_gs_unit">V</P>
      <P Name="V_gs_nominal_specify">off</P>
      <P Name="V_gs_nominal_unit">V</P>
      <P Name="V_gs_nominal_value">1</P>
      <P Name="V_ds_specify">off</P>
      <P Name="V_ds_priority">None</P>
      <P Name="V_ds">0</P>
      <P Name="V_ds_unit">V</P>
      <P Name="V_ds_nominal_specify">off</P>
      <P Name="V_ds_nominal_unit">V</P>
      <P Name="V_ds_nominal_value">1</P>
      <P Name="V_bs_specify">off</P>
      <P Name="V_bs_priority">None</P>
      <P Name="V_bs">0</P>
      <P Name="V_bs_unit">V</P>
      <P Name="V_bs_nominal_specify">off</P>
      <P Name="V_bs_nominal_unit">V</P>
      <P Name="V_bs_nominal_value">1</P>
      <P Name="QGoverCox_specify">off</P>
      <P Name="QGoverCox_priority">None</P>
      <P Name="QGoverCox">0</P>
      <P Name="QGoverCox_unit">V</P>
      <P Name="QGoverCox_nominal_specify">off</P>
      <P Name="QGoverCox_nominal_unit">V</P>
      <P Name="QGoverCox_nominal_value">1</P>
      <P Name="QDoverCox_specify">off</P>
      <P Name="QDoverCox_priority">None</P>
      <P Name="QDoverCox">0</P>
      <P Name="QDoverCox_unit">V</P>
      <P Name="QDoverCox_nominal_specify">off</P>
      <P Name="QDoverCox_nominal_unit">V</P>
      <P Name="QDoverCox_nominal_value">1</P>
      <P Name="QBoverCox_specify">off</P>
      <P Name="QBoverCox_priority">None</P>
      <P Name="QBoverCox">0</P>
      <P Name="QBoverCox_unit">V</P>
      <P Name="QBoverCox_nominal_specify">off</P>
      <P Name="QBoverCox_nominal_unit">V</P>
      <P Name="QBoverCox_nominal_value">1</P>
      <P Name="T0">[25, 25]</P>
      <P Name="T0_unit">degC</P>
      <P Name="T0_conf">compiletime</P>
      <P Name="T0_Cauer">[25, 25, 25]</P>
      <P Name="T0_Cauer_unit">degC</P>
      <P Name="T0_Cauer_conf">compiletime</P>
    </InstanceData>
  </Block>
  <Block BlockType="Reference" Name="R Mg" SID="1924:955">
    <PortCounts lconn="1" rconn="1"/>
    <P Name="Position">[170, 106, 210, 134]</P>
    <P Name="ZOrder">74</P>
    <P Name="NameLocation">top</P>
    <P Name="ShowName">off</P>
    <P Name="LibraryVersion">10006000.1</P>
    <P Name="SourceBlock">fl_lib/Electrical/Electrical Elements/Resistor</P>
    <P Name="SourceType">Resistor</P>
    <InstanceData>
      <P Name="LogSimulationData">off</P>
      <P Name="SourceFile">foundation.electrical.elements.resistor</P>
      <P Name="InternalSimscapePortConfiguration">{&quot;Bottom&quot;:[],&quot;Left&quot;:[{&quot;id&quot;:&quot;p&quot;,&quot;label&quot;:&quot;+&quot;,&quot;type&quot;:&quot;foundation.electrical.electrical&quot;}],&quot;Right&quot;:[{&quot;id&quot;:&quot;n&quot;,&quot;label&quot;:&quot;-&quot;,&quot;type&quot;:&quot;foundation.electrical.electrical&quot;}],&quot;Top&quot;:[]}</P>
      <P Name="SscBlockScalableBuild">off</P>
      <P Name="ComponentPath">foundation.electrical.elements.resistor</P>
      <P Name="ComponentVariants">foundation.electrical.elements.resistor</P>
      <P Name="ComponentVariantNames">resistor</P>
      <P Name="ClassName">resistor</P>
      <P Name="SchemaVersion">1</P>
      <P Name="R">1e3</P>
      <P Name="R_unit">Ohm</P>
      <P Name="R_conf">compiletime</P>
      <P Name="i_specify">off</P>
      <P Name="i_priority">High</P>
      <P Name="i">0</P>
      <P Name="i_unit">A</P>
      <P Name="i_nominal_specify">off</P>
      <P Name="i_nominal_unit">A</P>
      <P Name="i_nominal_value">1</P>
      <P Name="v_specify">off</P>
      <P Name="v_priority">High</P>
      <P Name="v">0</P>
      <P Name="v_unit">V</P>
      <P Name="v_nominal_specify">off</P>
      <P Name="v_nominal_unit">V</P>
      <P Name="v_nominal_value">1</P>
    </InstanceData>
  </Block>
  <Block BlockType="Reference" Name="R Msg" SID="1924:956">
    <PortCounts lconn="1" rconn="1"/>
    <P Name="Position">[211, 130, 239, 170]</P>
    <P Name="ZOrder">81</P>
    <P Name="BlockRotation">270</P>
    <P Name="BlockMirror">on</P>
    <P Name="NameLocation">left</P>
    <P Name="ShowName">off</P>
    <P Name="LibraryVersion">10006000.1</P>
    <P Name="SourceBlock">fl_lib/Electrical/Electrical Elements/Resistor</P>
    <P Name="SourceType">Resistor</P>
    <InstanceData>
      <P Name="LogSimulationData">off</P>
      <P Name="SourceFile">foundation.electrical.elements.resistor</P>
      <P Name="InternalSimscapePortConfiguration">{&quot;Bottom&quot;:[],&quot;Left&quot;:[{&quot;id&quot;:&quot;p&quot;,&quot;label&quot;:&quot;+&quot;,&quot;type&quot;:&quot;foundation.electrical.electrical&quot;}],&quot;Right&quot;:[{&quot;id&quot;:&quot;n&quot;,&quot;label&quot;:&quot;-&quot;,&quot;type&quot;:&quot;foundation.electrical.electrical&quot;}],&quot;Top&quot;:[]}</P>
      <P Name="SscBlockScalableBuild">off</P>
      <P Name="ComponentPath">foundation.electrical.elements.resistor</P>
      <P Name="ComponentVariants">foundation.electrical.elements.resistor</P>
      <P Name="ComponentVariantNames">resistor</P>
      <P Name="ClassName">resistor</P>
      <P Name="SchemaVersion">1</P>
      <P Name="R">10e3</P>
      <P Name="R_unit">Ohm</P>
      <P Name="R_conf">compiletime</P>
      <P Name="i_specify">off</P>
      <P Name="i_priority">High</P>
      <P Name="i">0</P>
      <P Name="i_unit">A</P>
      <P Name="i_nominal_specify">off</P>
      <P Name="i_nominal_unit">A</P>
      <P Name="i_nominal_value">1</P>
      <P Name="v_specify">off</P>
      <P Name="v_priority">High</P>
      <P Name="v">0</P>
      <P Name="v_unit">V</P>
      <P Name="v_nominal_specify">off</P>
      <P Name="v_nominal_unit">V</P>
      <P Name="v_nominal_value">1</P>
    </InstanceData>
  </Block>
  <Block BlockType="SubSystem" Name="Sensor&#xA;Voltage" SID="1924:957">
    <PortCounts lconn="1" rconn="1"/>
    <P Name="Position">[335, 110, 345, 130]</P>
    <P Name="ZOrder">103</P>
    <P Name="BlockRotation">270</P>
    <P Name="BlockMirror">on</P>
    <P Name="NameLocation">right</P>
    <P Name="ShowName">off</P>
    <Mask>
      <Display IconOpaque="transparent">%disp(&apos;S&apos;)</Display>
    </Mask>
    <System Ref="system_1924_957"/>
  </Block>
  <Block BlockType="PMIOPort" Name="d" SID="1924:963">
    <P Name="Position">[283, 30, 297, 60]</P>
    <P Name="ZOrder">104</P>
    <P Name="BlockRotation">270</P>
    <P Name="BlockMirror">on</P>
    <P Name="NameLocation">right</P>
    <P Name="Side">Right</P>
  </Block>
  <Block BlockType="PMIOPort" Name="s" SID="1924:964">
    <P Name="Position">[283, 205, 297, 235]</P>
    <P Name="ZOrder">105</P>
    <P Name="BlockRotation">270</P>
    <P Name="NameLocation">right</P>
    <P Name="Port">2</P>
    <P Name="Side">Right</P>
  </Block>
  <Block BlockType="PMIOPort" Name="g" SID="1924:965">
    <P Name="Position">[125, 113, 155, 127]</P>
    <P Name="ZOrder">106</P>
    <P Name="NameLocation">top</P>
    <P Name="Port">3</P>
    <P Name="Side">Left</P>
  </Block>
  <Line LineType="Connection">
    <P Name="ZOrder">1</P>
    <P Name="Src">1924:954#rconn:1</P>
    <P Name="Points">[5, 0; 0, -20]</P>
    <Branch ConnectType="DEST_DEST">
      <P Name="Points">[315, 85; -25, 0]</P>
      <Branch ConnectType="SRC_DEST">
        <P Name="Src">1924:957#lconn:1</P>
        <P Name="Points">[0, -10; -25, 0]</P>
      </Branch>
      <Branch ConnectType="SRC_SRC">
        <P Name="Dst">1924:953#rconn:1</P>
      </Branch>
    </Branch>
    <Branch ConnectType="DEST_SRC">
      <P Name="Dst">1924:963#rconn:1</P>
    </Branch>
  </Line>
  <Line LineType="Connection">
    <P Name="ZOrder">6</P>
    <P Name="Src">1924:956#rconn:1</P>
    <P Name="Points">[0, 5; 65, 0]</P>
    <Branch ConnectType="DEST_DEST">
      <P Name="Points">[290, 155; 0, 35]</P>
      <Branch ConnectType="SRC_DEST">
        <P Name="Src">1924:954#rconn:2</P>
        <P Name="Points">[5, 0; 0, 20]</P>
      </Branch>
      <Branch ConnectType="SRC_DEST">
        <P Name="Points">[315, 155; -25, 0]</P>
        <Branch ConnectType="SRC_SRC">
          <P Name="Dst">1924:953#lconn:1</P>
        </Branch>
        <Branch ConnectType="SRC_DEST">
          <P Name="Src">1924:957#rconn:1</P>
          <P Name="Points">[0, 10; -25, 0]</P>
        </Branch>
      </Branch>
    </Branch>
    <Branch ConnectType="DEST_DEST">
      <P Name="Src">1924:964#rconn:1</P>
      <P Name="Points">[0, 0]</P>
    </Branch>
  </Line>
  <Line LineType="Connection">
    <P Name="FontSize">12</P>
    <P Name="ZOrder">13</P>
    <P Name="Points">[225, 120; 0, -5]</P>
    <P Name="Dst">1924:956#lconn:1</P>
    <Branch ConnectType="SRC_SRC">
      <P Name="Dst">1924:955#rconn:1</P>
    </Branch>
    <Branch ConnectType="SRC_DEST">
      <P Name="Src">1924:954#lconn:1</P>
      <P Name="Points">[0, 0]</P>
    </Branch>
  </Line>
  <Line LineType="Connection">
    <P Name="ZOrder">16</P>
    <P Name="Src">1924:965#rconn:1</P>
    <P Name="Dst">1924:955#lconn:1</P>
  </Line>
</System>
