<?xml version="1.0" encoding="utf-8"?>
<System>
  <P Name="Location">[-1, -7, 1537, 825]</P>
  <Block BlockType="SubSystem" Name="Bracket C" SID="1258">
    <PortCounts lconn="1" rconn="1"/>
    <P Name="Position">[-130, 759, 0, 931]</P>
    <P Name="ZOrder">44</P>
    <P Name="ContentPreviewEnabled">on</P>
    <Mask>
      <Display IconOpaque="opaque-with-ports" RunInitForIconRedraw="off" IconRotate="port" PortRotate="physical">image(&apos;sm_aileron_actuator_aileron_bracketC_IMAGE.png&apos;);</Display>
    </Mask>
    <System Ref="system_1258"/>
  </Block>
  <Block BlockType="SubSystem" Name="Bracket L" SID="1261">
    <PortCounts rconn="1"/>
    <P Name="Position">[-260, 880, -150, 970]</P>
    <P Name="ZOrder">45</P>
    <P Name="BlockRotation">270</P>
    <P Name="BlockMirror">on</P>
    <P Name="NameLocation">left</P>
    <P Name="ContentPreviewEnabled">on</P>
    <Mask>
      <Display IconOpaque="opaque-with-ports" RunInitForIconRedraw="off" IconRotate="port" PortRotate="physical">image(&apos;sm_aileron_actuator_aileron_bracketL_IMAGE.png&apos;);</Display>
    </Mask>
    <System Ref="system_1261"/>
  </Block>
  <Block BlockType="SubSystem" Name="Bracket R" SID="1263">
    <PortCounts rconn="1"/>
    <P Name="Position">[-265, 725, -155, 815]</P>
    <P Name="ZOrder">46</P>
    <P Name="BlockRotation">270</P>
    <P Name="NameLocation">left</P>
    <P Name="ContentPreviewEnabled">on</P>
    <Mask>
      <Display IconOpaque="opaque-with-ports" RunInitForIconRedraw="off" IconRotate="port" PortRotate="physical">image(&apos;sm_aileron_actuator_aileron_bracketR_IMAGE.png&apos;);</Display>
    </Mask>
    <System Ref="system_1263"/>
  </Block>
  <Block BlockType="PMIOPort" Name="A" SID="449">
    <P Name="Position">[-175, 835, -155, 855]</P>
    <P Name="ZOrder">31</P>
    <P Name="Side">Left</P>
  </Block>
  <Block BlockType="PMIOPort" Name="RBrk" SID="450">
    <P Name="Position">[30, 700, 50, 720]</P>
    <P Name="ZOrder">32</P>
    <P Name="BlockMirror">on</P>
    <P Name="Port">2</P>
    <P Name="Side">Right</P>
  </Block>
  <Block BlockType="PMIOPort" Name="CBrk" SID="452">
    <P Name="Position">[30, 835, 50, 855]</P>
    <P Name="ZOrder">34</P>
    <P Name="BlockMirror">on</P>
    <P Name="Port">3</P>
    <P Name="Side">Right</P>
  </Block>
  <Block BlockType="PMIOPort" Name="LBrk" SID="451">
    <P Name="Position">[30, 975, 50, 995]</P>
    <P Name="ZOrder">33</P>
    <P Name="BlockMirror">on</P>
    <P Name="Port">4</P>
    <P Name="Side">Right</P>
  </Block>
  <Line LineType="Connection">
    <P Name="ZOrder">210</P>
    <P Name="Src">1258#rconn:1</P>
    <P Name="Dst">452#rconn:1</P>
  </Line>
  <Line LineType="Connection">
    <P Name="ZOrder">211</P>
    <P Name="Src">1258#lconn:1</P>
    <P Name="Dst">449#rconn:1</P>
  </Line>
  <Line LineType="Connection">
    <P Name="ZOrder">212</P>
    <P Name="Src">1261#rconn:1</P>
    <P Name="Dst">451#rconn:1</P>
  </Line>
  <Line LineType="Connection">
    <P Name="ZOrder">213</P>
    <P Name="Src">1263#rconn:1</P>
    <P Name="Dst">450#rconn:1</P>
  </Line>
</System>
