<?xml version="1.0" encoding="utf-8"?>
<System>
  <P Name="Location">[21, 14, 874, 552]</P>
  <Block BlockType="SubSystem" Name="Hex_Bolt_M10_2_RIGID" SID="423">
    <PortCounts lconn="1"/>
    <P Name="Position">[-55, 15, -15, 55]</P>
    <P Name="ZOrder">5</P>
    <Mask>
      <Display/>
    </Mask>
    <System Ref="system_423"/>
  </Block>
  <Block BlockType="SubSystem" Name="Washer_3_RIGID" SID="447">
    <PortCounts lconn="1"/>
    <P Name="Position">[-55, -50, -15, -10]</P>
    <P Name="ZOrder">29</P>
    <Mask>
      <Display/>
    </Mask>
    <System Ref="system_447"/>
  </Block>
  <Block BlockType="PMIOPort" Name="G" SID="1251">
    <P Name="Position">[-175, -7, -145, 7]</P>
    <P Name="ZOrder">30</P>
    <P Name="Side">Left</P>
  </Block>
  <Line LineType="Connection">
    <P Name="ZOrder">11</P>
    <P Name="Src">1251#rconn:1</P>
    <P Name="Points">[27, 0]</P>
    <Branch ConnectType="DEST_SRC">
      <P Name="Points">[0, -30]</P>
      <P Name="Dst">447#lconn:1</P>
    </Branch>
    <Branch ConnectType="DEST_SRC">
      <P Name="Points">[0, 35]</P>
      <P Name="Dst">423#lconn:1</P>
    </Branch>
  </Line>
</System>
