<?xml version="1.0" encoding="utf-8"?>
<System>
  <P Name="Location">[-1, -7, 1537, 825]</P>
  <P Name="ZoomFactor">198</P>
  <Block BlockType="SubSystem" Name="Brackets" SID="1063">
    <PortCounts lconn="1"/>
    <P Name="Position">[135, 87, 175, 123]</P>
    <P Name="ZOrder">35</P>
    <P Name="ContentPreviewEnabled">on</P>
    <System Ref="system_1063"/>
  </Block>
  <Block BlockType="SubSystem" Name="Config" SID="1061">
    <PortCounts lconn="1"/>
    <P Name="Position">[30, 114, 65, 136]</P>
    <P Name="ZOrder">34</P>
    <P Name="BlockMirror">on</P>
    <P Name="ContentPreviewEnabled">on</P>
    <System Ref="system_1061"/>
  </Block>
  <Block BlockType="SubSystem" Name="MountC_1" SID="577">
    <PortCounts lconn="1" rconn="1"/>
    <P Name="Position">[225, 186, 295, 234]</P>
    <P Name="ZOrder">1</P>
    <Mask>
      <Display IconOpaque="opaque-with-ports" RunInitForIconRedraw="off" IconRotate="port">image(&apos;sm_aileron_actuator_aileron_mount_IMAGE.png&apos;);</Display>
    </Mask>
    <System Ref="system_577"/>
  </Block>
  <Block BlockType="SubSystem" Name="MountC_BrkL_1" SID="578">
    <PortCounts lconn="1" rconn="1"/>
    <P Name="Position">[300, 50, 380, 90]</P>
    <P Name="ZOrder">2</P>
    <Mask>
      <Display IconOpaque="opaque-with-ports" RunInitForIconRedraw="off" IconRotate="port" PortRotate="physical">image(&apos;sm_aileron_actuator_aileron_mount_armL_IMAGE.png&apos;);</Display>
    </Mask>
    <System Ref="system_578"/>
  </Block>
  <Block BlockType="SubSystem" Name="MountL_1" SID="580">
    <PortCounts lconn="1" rconn="1"/>
    <P Name="Position">[225, 261, 295, 309]</P>
    <P Name="ZOrder">4</P>
    <Mask>
      <Display IconOpaque="opaque-with-ports" RunInitForIconRedraw="off" IconRotate="port" PortRotate="physical">image(&apos;sm_aileron_actuator_aileron_mount_IMAGE.png&apos;);</Display>
    </Mask>
    <System Ref="system_580"/>
  </Block>
  <Block BlockType="SubSystem" Name="MountR_1" SID="583">
    <PortCounts lconn="1" rconn="1"/>
    <P Name="Position">[225, 111, 295, 159]</P>
    <P Name="ZOrder">7</P>
    <Mask>
      <Display IconOpaque="opaque-with-ports" IconRotate="port" PortRotate="physical">image(&apos;sm_aileron_actuator_aileron_mount_IMAGE.png&apos;);</Display>
    </Mask>
    <System Ref="system_583"/>
  </Block>
  <Block BlockType="Reference" Name="World" SID="16">
    <PortCounts rconn="1"/>
    <P Name="Position">[25, 160, 65, 200]</P>
    <P Name="ZOrder">31</P>
    <P Name="LibraryVersion">7.71</P>
    <P Name="SourceBlock">sm_lib/Frames and
Transforms/World Frame</P>
    <P Name="SourceType">World Frame</P>
    <InstanceData>
      <P Name="LogSimulationData">off</P>
    </InstanceData>
  </Block>
  <Block BlockType="PMIOPort" Name="M2L" SID="599">
    <P Name="Position">[430, 60, 450, 80]</P>
    <P Name="ZOrder">26</P>
    <P Name="BlockMirror">on</P>
    <P Name="Side">Right</P>
  </Block>
  <Block BlockType="PMIOPort" Name="A1" SID="601">
    <P Name="Position">[430, 125, 450, 145]</P>
    <P Name="ZOrder">28</P>
    <P Name="BlockMirror">on</P>
    <P Name="Port">2</P>
    <P Name="Side">Right</P>
  </Block>
  <Block BlockType="PMIOPort" Name="A2" SID="600">
    <P Name="Position">[430, 200, 450, 220]</P>
    <P Name="ZOrder">27</P>
    <P Name="BlockMirror">on</P>
    <P Name="Port">3</P>
    <P Name="Side">Right</P>
  </Block>
  <Block BlockType="PMIOPort" Name="A3" SID="598">
    <P Name="Position">[430, 275, 450, 295]</P>
    <P Name="ZOrder">25</P>
    <P Name="BlockMirror">on</P>
    <P Name="Port">4</P>
    <P Name="Side">Right</P>
  </Block>
  <Line LineType="Connection">
    <P Name="ZOrder">1</P>
    <P Name="Src">583#rconn:1</P>
    <P Name="Dst">601#rconn:1</P>
  </Line>
  <Line LineType="Connection">
    <P Name="ZOrder">2</P>
    <P Name="Src">577#rconn:1</P>
    <P Name="Dst">600#rconn:1</P>
  </Line>
  <Line LineType="Connection">
    <P Name="ZOrder">8</P>
    <P Name="Src">580#rconn:1</P>
    <P Name="Dst">598#rconn:1</P>
  </Line>
  <Line LineType="Connection">
    <P Name="ZOrder">9</P>
    <P Name="Src">578#rconn:1</P>
    <P Name="Dst">599#rconn:1</P>
  </Line>
  <Line LineType="Connection">
    <P Name="ZOrder">36</P>
    <P Name="Src">578#lconn:1</P>
    <P Name="Points">[-92, 0; 0, 65]</P>
    <Branch ConnectType="DEST_DEST">
      <P Name="Src">583#lconn:1</P>
      <P Name="Points">[-17, 0]</P>
    </Branch>
    <Branch ConnectType="DEST_SRC">
      <P Name="Points">[0, 45]</P>
      <Branch ConnectType="DEST_DEST">
        <P Name="Points">[193, 210; 0, -30]</P>
        <Branch ConnectType="SRC_DEST">
          <P Name="Src">580#lconn:1</P>
          <P Name="Points">[-17, 0; 0, -75]</P>
        </Branch>
        <Branch ConnectType="SRC_DEST">
          <P Name="Src">577#lconn:1</P>
          <P Name="Points">[-17, 0]</P>
        </Branch>
      </Branch>
      <Branch ConnectType="DEST_SRC">
        <P Name="Points">[-89, 0]</P>
        <Branch ConnectType="DEST_SRC">
          <P Name="Points">[0, -75]</P>
          <P Name="Dst">1063#lconn:1</P>
        </Branch>
        <Branch ConnectType="DEST_SRC">
          <P Name="Points">[-14, 0]</P>
          <Branch ConnectType="DEST_DEST">
            <P Name="Src">1061#lconn:1</P>
            <P Name="Points">[10, 0; 0, 55]</P>
          </Branch>
          <Branch ConnectType="DEST_SRC">
            <P Name="Dst">16#rconn:1</P>
          </Branch>
        </Branch>
      </Branch>
    </Branch>
  </Line>
</System>
