<?xml version="1.0" encoding="utf-8"?>
<System>
  <P Name="Location">[-7, -7, 1543, 841]</P>
  <Block BlockType="SubSystem" Name="Mount_BrkL_1_RIGID" SID="955">
    <PortCounts lconn="2"/>
    <P Name="Position">[15, 70, 55, 110]</P>
    <P Name="ZOrder">10</P>
    <Mask>
      <Display/>
    </Mask>
    <System Ref="system_955"/>
  </Block>
  <Block BlockType="Reference" Name="ReferenceFrame" SID="956">
    <PortCounts rconn="1"/>
    <P Name="Position">[-275, 60, -235, 100]</P>
    <P Name="ZOrder">11</P>
    <P Name="LibraryVersion">7.71</P>
    <P Name="SourceBlock">sm_lib/Frames and
Transforms/Reference
Frame</P>
    <P Name="SourceType">Reference
Frame</P>
    <InstanceData>
      <P Name="LogSimulationData">off</P>
    </InstanceData>
  </Block>
  <Block BlockType="SubSystem" Name="Screws MountR ArmL" SID="1319">
    <PortCounts rconn="1"/>
    <P Name="Position">[-100, 147, -55, 193]</P>
    <P Name="ZOrder">49</P>
    <P Name="ContentPreviewEnabled">on</P>
    <System Ref="system_1319"/>
  </Block>
  <Block BlockType="Reference" Name="Transform" SID="957">
    <PortCounts lconn="1" rconn="1"/>
    <P Name="Position">[-95, 60, -55, 100]</P>
    <P Name="ZOrder">12</P>
    <P Name="LibraryVersion">7.71</P>
    <P Name="SourceBlock">sm_lib/Frames and
Transforms/Rigid
Transform</P>
    <P Name="SourceType">Rigid
Transform</P>
    <InstanceData>
      <P Name="LogSimulationData">off</P>
      <P Name="TranslationMethod">Cartesian</P>
      <P Name="TranslationStandardOffset">0</P>
      <P Name="TranslationStandardOffsetUnits">m</P>
      <P Name="TranslationStandardOffset_conf">compiletime</P>
      <P Name="TranslationStandardAxis">+Z</P>
      <P Name="TranslationCartesianOffset">smiData.RigidTransform(210).translation</P>
      <P Name="TranslationCartesianOffsetUnits">m</P>
      <P Name="TranslationCartesianOffset_conf">compiletime</P>
      <P Name="TranslationROffset">0</P>
      <P Name="TranslationROffsetUnits">m</P>
      <P Name="TranslationROffset_conf">compiletime</P>
      <P Name="TranslationZOffset">0</P>
      <P Name="TranslationZOffsetUnits">m</P>
      <P Name="TranslationZOffset_conf">compiletime</P>
      <P Name="TranslationThetaOffset">0</P>
      <P Name="TranslationThetaOffsetUnits">deg</P>
      <P Name="TranslationThetaOffset_conf">compiletime</P>
      <P Name="RotationMethod">ArbitraryAxis</P>
      <P Name="RotationAngleUnits">rad</P>
      <P Name="RotationStandardAxis">+Z</P>
      <P Name="RotationAngle">smiData.RigidTransform(210).angle</P>
      <P Name="RotationAngle_conf">compiletime</P>
      <P Name="RotationArbitraryAxis">smiData.RigidTransform(210).axis</P>
      <P Name="RotationArbitraryAxis_conf">compiletime</P>
      <P Name="FollAlignAxisA">+X</P>
      <P Name="BaseAlignAxisA">+Y</P>
      <P Name="FollAlignAxisB">+Y</P>
      <P Name="BaseAlignAxisB">+Z</P>
      <P Name="RotationSequenceAxes">FollowerAxes</P>
      <P Name="RotationSequence">XYX</P>
      <P Name="RotationSequenceAngles">[0 0 0]</P>
      <P Name="RotationSequenceAnglesUnits">deg</P>
      <P Name="RotationSequenceAngles_conf">compiletime</P>
      <P Name="RotationMatrix">[1 0 0; 0 1 0; 0 0 1]</P>
      <P Name="RotationMatrix_conf">compiletime</P>
      <P Name="Quaternion">[1 0 0 0]</P>
      <P Name="Quaternion_conf">compiletime</P>
    </InstanceData>
  </Block>
  <Block BlockType="PMIOPort" Name="F" SID="958">
    <P Name="Position">[-175, 50, -155, 70]</P>
    <P Name="ZOrder">13</P>
    <P Name="BlockMirror">on</P>
    <P Name="NameLocation">top</P>
    <P Name="Side">Left</P>
  </Block>
  <Line LineType="Connection">
    <P Name="ZOrder">11</P>
    <P Name="Src">955#lconn:1</P>
    <P Name="Dst">957#rconn:1</P>
  </Line>
  <Line LineType="Connection">
    <P Name="ZOrder">12</P>
    <P Name="Points">[-205, 80; 95, 0]</P>
    <P Name="Dst">957#lconn:1</P>
    <Branch ConnectType="SRC_DEST">
      <P Name="Src">956#rconn:1</P>
      <P Name="Points">[15, 0]</P>
    </Branch>
    <Branch ConnectType="SRC_SRC">
      <P Name="Points">[0, -20]</P>
      <P Name="Dst">958#rconn:1</P>
    </Branch>
  </Line>
  <Line LineType="Connection">
    <P Name="ZOrder">61</P>
    <P Name="Src">1319#rconn:1</P>
    <P Name="Points">[3, 0; 0, -70]</P>
    <P Name="Dst">955#lconn:2</P>
  </Line>
</System>
