<?xml version="1.0" encoding="utf-8"?>
<System>
  <P Name="Location">[13, 5, 890, 717]</P>
  <Block BlockType="From" Name="From1" SID="2347:1625">
    <P Name="Position">[20, 22, 90, 38]</P>
    <P Name="ZOrder">46</P>
    <P Name="ShowName">off</P>
    <P Name="GotoTag">Vds_M1</P>
    <P Name="TagVisibility">global</P>
  </Block>
  <Block BlockType="From" Name="From2" SID="2347:1626">
    <P Name="Position">[20, 42, 90, 58]</P>
    <P Name="ZOrder">47</P>
    <P Name="ShowName">off</P>
    <P Name="GotoTag">Vds_M2</P>
    <P Name="TagVisibility">global</P>
  </Block>
  <Block BlockType="From" Name="From3" SID="2347:1627">
    <P Name="Position">[20, 62, 90, 78]</P>
    <P Name="ZOrder">48</P>
    <P Name="ShowName">off</P>
    <P Name="GotoTag">Vds_M3</P>
    <P Name="TagVisibility">global</P>
  </Block>
  <Block BlockType="From" Name="From4" SID="2347:1628">
    <P Name="Position">[20, 82, 90, 98]</P>
    <P Name="ZOrder">49</P>
    <P Name="ShowName">off</P>
    <P Name="GotoTag">Vds_M4</P>
    <P Name="TagVisibility">global</P>
  </Block>
  <Block BlockType="From" Name="From5" SID="2347:1629">
    <P Name="Position">[20, 102, 90, 118]</P>
    <P Name="ZOrder">56</P>
    <P Name="ShowName">off</P>
    <P Name="GotoTag">Power_M4</P>
  </Block>
  <Block BlockType="Mux" Name="Mux" SID="2347:1630">
    <PortCounts in="5" out="1"/>
    <P Name="Position">[105, 20, 110, 120]</P>
    <P Name="ZOrder">50</P>
    <P Name="ShowName">off</P>
    <P Name="Inputs">5</P>
    <P Name="DisplayOption">bar</P>
  </Block>
  <Block BlockType="Outport" Name="Data" SID="2347:1631">
    <P Name="Position">[145, 63, 175, 77]</P>
    <P Name="ZOrder">57</P>
    <P Name="VectorParamsAs1DForOutWhenUnconnected">off</P>
  </Block>
  <Line>
    <P Name="ZOrder">1</P>
    <P Name="Src">2347:1627#out:1</P>
    <P Name="Dst">2347:1630#in:3</P>
  </Line>
  <Line>
    <P Name="ZOrder">2</P>
    <P Name="Src">2347:1628#out:1</P>
    <P Name="Dst">2347:1630#in:4</P>
  </Line>
  <Line>
    <P Name="ZOrder">3</P>
    <P Name="Src">2347:1626#out:1</P>
    <P Name="Dst">2347:1630#in:2</P>
  </Line>
  <Line>
    <P Name="ZOrder">4</P>
    <P Name="Src">2347:1625#out:1</P>
    <P Name="Dst">2347:1630#in:1</P>
  </Line>
  <Line>
    <P Name="ZOrder">5</P>
    <P Name="Src">2347:1630#out:1</P>
    <P Name="Dst">2347:1631#in:1</P>
  </Line>
  <Line>
    <P Name="ZOrder">6</P>
    <P Name="Src">2347:1629#out:1</P>
    <P Name="Dst">2347:1630#in:5</P>
  </Line>
</System>
