<?xml version="1.0" encoding="utf-8"?>
<System>
  <P Name="Location">[-1, -7, 1537, 825]</P>
  <Block BlockType="SubSystem" Name="AilBrk_C_1_RIGID" SID="261">
    <PortCounts lconn="2" rconn="1"/>
    <P Name="Position">[145, 220, 185, 260]</P>
    <P Name="ZOrder">1</P>
    <Mask>
      <Display/>
    </Mask>
    <System Ref="system_261"/>
  </Block>
  <Block BlockType="SubSystem" Name="Bolt CBrk" SID="1267">
    <PortCounts lconn="1"/>
    <P Name="Position">[135, 130, 195, 190]</P>
    <P Name="ZOrder">36</P>
    <P Name="ContentPreviewEnabled">on</P>
    <System Ref="system_1267"/>
  </Block>
  <Block BlockType="SubSystem" Name="Screws CBrk" SID="1265">
    <PortCounts lconn="1"/>
    <P Name="Position">[135, 20, 195, 80]</P>
    <P Name="ZOrder">35</P>
    <P Name="ContentPreviewEnabled">on</P>
    <System Ref="system_1265"/>
  </Block>
  <Block BlockType="PMIOPort" Name="Ail" SID="1278">
    <P Name="Position">[255, 233, 285, 247]</P>
    <P Name="ZOrder">37</P>
    <P Name="BlockMirror">on</P>
    <P Name="Side">Right</P>
  </Block>
  <Block BlockType="PMIOPort" Name="Act" SID="1279">
    <P Name="Position">[20, 243, 50, 257]</P>
    <P Name="ZOrder">38</P>
    <P Name="Port">2</P>
    <P Name="Side">Left</P>
  </Block>
  <Line LineType="Connection">
    <P Name="ZOrder">32</P>
    <P Name="Src">261#lconn:1</P>
    <P Name="Points">[-36, 0; 0, -70]</P>
    <Branch ConnectType="DEST_SRC">
      <P Name="Points">[0, -110]</P>
      <P Name="Dst">1265#lconn:1</P>
    </Branch>
    <Branch ConnectType="DEST_SRC">
      <P Name="Dst">1267#lconn:1</P>
    </Branch>
  </Line>
  <Line LineType="Connection">
    <P Name="ZOrder">155</P>
    <P Name="Src">261#lconn:2</P>
    <P Name="Dst">1279#rconn:1</P>
  </Line>
  <Line LineType="Connection">
    <P Name="ZOrder">154</P>
    <P Name="Src">261#rconn:1</P>
    <P Name="Dst">1278#rconn:1</P>
  </Line>
</System>
