<?xml version="1.0" encoding="utf-8"?>
<System>
  <P Name="Location">[-1, -7, 1537, 825]</P>
  <Block BlockType="Inport" Name="q" SID="1961">
    <P Name="Position">[530, -2, 560, 12]</P>
    <P Name="ZOrder">114</P>
    <P Name="BlockMirror">on</P>
    <PortProperties>
      <Port Type="out" Index="1">
        <P Name="PropagatedSignals">Angle</P>
      </Port>
    </PortProperties>
  </Block>
  <Block BlockType="Inport" Name="AoA" SID="1962">
    <P Name="Position">[530, 38, 560, 52]</P>
    <P Name="ZOrder">115</P>
    <P Name="BlockMirror">on</P>
    <P Name="Port">2</P>
  </Block>
  <Block BlockType="Inport" Name="spd" SID="1963">
    <P Name="Position">[530, 78, 560, 92]</P>
    <P Name="ZOrder">116</P>
    <P Name="BlockMirror">on</P>
    <P Name="Port">3</P>
  </Block>
  <Block BlockType="Inport" Name="Elev" SID="1972">
    <P Name="Position">[530, 118, 560, 132]</P>
    <P Name="ZOrder">123</P>
    <P Name="BlockMirror">on</P>
    <P Name="Port">4</P>
  </Block>
  <Block BlockType="Reference" Name="Aerodynamic&#xA;Hinge Moment" SID="1097">
    <PortCounts lconn="1" rconn="1"/>
    <P Name="Position">[75, 45, 115, 85]</P>
    <P Name="ZOrder">109</P>
    <P Name="BlockMirror">on</P>
    <P Name="LibraryVersion">7.71</P>
    <P Name="SourceBlock">sm_lib/Forces and
Torques/External Force
and Torque</P>
    <P Name="SourceType">External Force
and Torque</P>
    <InstanceData>
      <P Name="LogSimulationData">off</P>
      <P Name="ForceResolutionFrame">AttachedFrame</P>
      <P Name="EnableForceX">off</P>
      <P Name="EnableForceY">off</P>
      <P Name="EnableForceZ">off</P>
      <P Name="EnableForce">off</P>
      <P Name="TorqueResolutionFrame">AttachedFrame</P>
      <P Name="EnableTorqueX">off</P>
      <P Name="EnableTorqueY">on</P>
      <P Name="EnableTorqueZ">off</P>
      <P Name="EnableTorque">off</P>
    </InstanceData>
  </Block>
  <Block BlockType="Gain" Name="Gain" SID="1970">
    <P Name="Position">[295, 50, 335, 80]</P>
    <P Name="ZOrder">121</P>
    <P Name="BlockMirror">on</P>
    <P Name="Gain">0.5</P>
  </Block>
  <Block BlockType="Math" Name="Math&#xA;Function" SID="1969">
    <PortCounts in="1" out="1"/>
    <P Name="Position">[450, 74, 505, 96]</P>
    <P Name="ZOrder">120</P>
    <P Name="BlockMirror">on</P>
    <P Name="Operator">square</P>
    <P Name="SignedPower">on</P>
  </Block>
  <Block BlockType="Product" Name="Product" SID="1974">
    <PortCounts in="4" out="1"/>
    <P Name="Position">[360, -15, 390, 145]</P>
    <P Name="ZOrder">125</P>
    <P Name="BlockMirror">on</P>
    <P Name="Inputs">4</P>
  </Block>
  <Block BlockType="Gain" Name="Scaling" SID="1975">
    <P Name="Position">[210, 50, 265, 80]</P>
    <P Name="ZOrder">126</P>
    <P Name="BlockMirror">on</P>
    <P Name="Gain">1e-6</P>
  </Block>
  <Block BlockType="Reference" Name="Simulink-PS&#xA;Converter" SID="1098">
    <PortCounts in="1" rconn="1"/>
    <P Name="Position">[160, 57, 175, 73]</P>
    <P Name="ZOrder">110</P>
    <P Name="BlockMirror">on</P>
    <P Name="ShowName">off</P>
    <P Name="LibraryVersion">7.0</P>
    <P Name="FontSize">9</P>
    <P Name="SourceBlock">nesl_utility/Simulink-PS
Converter</P>
    <P Name="SourceType">Simulink-PS
Converter</P>
    <InstanceData>
      <P Name="RTWMemSecFuncInitTerm">Inherit from model</P>
      <P Name="RTWMemSecFuncExecute">Inherit from model</P>
      <P Name="RTWMemSecDataConstants">Inherit from model</P>
      <P Name="RTWMemSecDataInternal">Inherit from model</P>
      <P Name="RTWMemSecDataParameters">Inherit from model</P>
      <P Name="ContentPreviewEnabled">on</P>
      <P Name="PhysicalDomain">network_engine_domain</P>
      <P Name="SubClassName">ps_input</P>
      <P Name="LeftPortType">input</P>
      <P Name="RightPortType">output</P>
      <P Name="PseudoPeriodic">off</P>
      <P Name="Frequencies">[]</P>
      <P Name="NoiseDistribution">none</P>
      <P Name="NoiseParameters">[]</P>
      <P Name="Unit">1</P>
      <P Name="AffineConversion">off</P>
      <P Name="FilteringAndDerivatives">provide</P>
      <P Name="SimscapeFilterOrder">1</P>
      <P Name="InputFilterTimeConstant">0.005</P>
      <P Name="UdotUserProvided">0</P>
    </InstanceData>
  </Block>
  <Block BlockType="Lookup_n-D" Name="Table AoA" SID="1966">
    <PortCounts in="1" out="1"/>
    <P Name="Position">[450, 37, 505, 53]</P>
    <P Name="ZOrder">117</P>
    <P Name="BlockMirror">on</P>
    <P Name="InputPortMap">u0</P>
    <P Name="NumberOfTableDimensions">1</P>
    <P Name="BreakpointsForDimension1">[-5:5]</P>
    <P Name="Table">tanh([-5:5])</P>
    <P Name="InternalRulePriority">Speed</P>
    <P Name="RndMeth">Simplest</P>
  </Block>
  <Block BlockType="Lookup_n-D" Name="Table Elev" SID="1973">
    <PortCounts in="1" out="1"/>
    <P Name="Position">[450, 117, 505, 133]</P>
    <P Name="ZOrder">124</P>
    <P Name="BlockMirror">on</P>
    <P Name="InputPortMap">u0</P>
    <P Name="NumberOfTableDimensions">1</P>
    <P Name="BreakpointsForDimension1">[-5:5]</P>
    <P Name="Table">tanh([-5:5])</P>
    <P Name="InternalRulePriority">Speed</P>
    <P Name="RndMeth">Simplest</P>
    <PortProperties>
      <Port Type="out" Index="1">
        <P Name="Name">rho</P>
      </Port>
    </PortProperties>
  </Block>
  <Block BlockType="Lookup_n-D" Name="Table q" SID="1967">
    <PortCounts in="1" out="1"/>
    <P Name="Position">[450, -3, 505, 13]</P>
    <P Name="ZOrder">118</P>
    <P Name="BlockMirror">on</P>
    <P Name="InputPortMap">u0</P>
    <P Name="NumberOfTableDimensions">1</P>
    <P Name="BreakpointsForDimension1">[-5:5]</P>
    <P Name="Table">tanh([-5:5])</P>
    <P Name="InternalRulePriority">Speed</P>
    <P Name="RndMeth">Simplest</P>
  </Block>
  <Block BlockType="PMIOPort" Name="A" SID="1957">
    <P Name="Position">[10, 58, 40, 72]</P>
    <P Name="ZOrder">113</P>
    <P Name="Side">Right</P>
  </Block>
  <Line>
    <P Name="ZOrder">80</P>
    <P Name="Src">1970#out:1</P>
    <P Name="Dst">1975#in:1</P>
  </Line>
  <Line LineType="Connection">
    <P Name="ZOrder">70</P>
    <P Name="Src">1098#rconn:1</P>
    <P Name="Dst">1097#lconn:1</P>
  </Line>
  <Line LineType="Connection">
    <P Name="ZOrder">75</P>
    <P Name="Src">1097#rconn:1</P>
    <P Name="Dst">1957#rconn:1</P>
  </Line>
  <Line>
    <P Name="ZOrder">77</P>
    <P Name="Src">1962#out:1</P>
    <P Name="Dst">1966#in:1</P>
  </Line>
  <Line>
    <P Name="ZOrder">78</P>
    <P Name="Src">1961#out:1</P>
    <P Name="Dst">1967#in:1</P>
  </Line>
  <Line>
    <P Name="ZOrder">79</P>
    <P Name="Src">1963#out:1</P>
    <P Name="Dst">1969#in:1</P>
  </Line>
  <Line>
    <P Name="ZOrder">81</P>
    <P Name="Src">1972#out:1</P>
    <P Name="Dst">1973#in:1</P>
  </Line>
  <Line>
    <P Name="ZOrder">82</P>
    <P Name="Src">1967#out:1</P>
    <P Name="Dst">1974#in:1</P>
  </Line>
  <Line>
    <P Name="ZOrder">83</P>
    <P Name="Src">1966#out:1</P>
    <P Name="Dst">1974#in:2</P>
  </Line>
  <Line>
    <P Name="ZOrder">84</P>
    <P Name="Src">1969#out:1</P>
    <P Name="Dst">1974#in:3</P>
  </Line>
  <Line>
    <P Name="Name">rho</P>
    <P Name="ZOrder">85</P>
    <P Name="Labels">[1, 0]</P>
    <P Name="Src">1973#out:1</P>
    <P Name="Dst">1974#in:4</P>
  </Line>
  <Line>
    <P Name="ZOrder">86</P>
    <P Name="Src">1974#out:1</P>
    <P Name="Dst">1970#in:1</P>
  </Line>
  <Line>
    <P Name="ZOrder">87</P>
    <P Name="Src">1975#out:1</P>
    <P Name="Dst">1098#in:1</P>
  </Line>
  <Annotation SID="1976">
    <P Name="Name">Proof of concept calculation only.
Realistic values must be obtained from literature or experimentation.</P>
    <P Name="Position">[144, 111, 332, 156]</P>
    <P Name="InternalMargins">[0, 0, 0, 0]</P>
    <P Name="FixedHeight">on</P>
    <P Name="FixedWidth">on</P>
    <P Name="ZOrder">-1</P>
  </Annotation>
</System>
