<?xml version="1.0" encoding="utf-8"?>
<System>
  <P Name="Location">[480, 85, 980, 386]</P>
  <P Name="SIDHighWatermark">5</P>
  <Block BlockType="Demux" Name="Demux" SID="1965:1">
    <P Name="Tag">STV Demux</P>
    <PortCounts in="1" out="3"/>
    <P Name="Position">[150, 34, 160, 606]</P>
    <P Name="ZOrder">-1</P>
    <P Name="Outputs">3</P>
    <P Name="DisplayOption">none</P>
  </Block>
  <Block BlockType="FromWorkspace" Name="FromWs" SID="1965:2">
    <P Name="Tag">STV FromWs</P>
    <P Name="Position">[30, 300, 115, 350]</P>
    <P Name="ZOrder">-2</P>
    <P Name="VariableName">tuvar</P>
    <P Name="SigBuilderData" Ref="bdmxdata:SigBuilderData_1965_2"/>
    <P Name="VnvData" Ref="bdmxdata:VnvData_1965_2"/>
  </Block>
  <Block BlockType="Outport" Name="AoA" SID="1965:3">
    <P Name="Tag">STV Outport</P>
    <P Name="Position">[280, 30, 300, 40]</P>
    <P Name="ZOrder">-3</P>
    <P Name="VectorParamsAs1DForOutWhenUnconnected">off</P>
  </Block>
  <Block BlockType="Outport" Name="Spd" SID="1965:4">
    <P Name="Tag">STV Outport</P>
    <P Name="Position">[320, 30, 340, 40]</P>
    <P Name="ZOrder">1</P>
    <P Name="Port">2</P>
    <P Name="VectorParamsAs1DForOutWhenUnconnected">off</P>
  </Block>
  <Block BlockType="Outport" Name="Elev" SID="1965:5">
    <P Name="Tag">STV Outport</P>
    <P Name="Position">[320, 30, 340, 40]</P>
    <P Name="ZOrder">2</P>
    <P Name="Port">3</P>
    <P Name="VectorParamsAs1DForOutWhenUnconnected">off</P>
  </Block>
  <Line>
    <P Name="ZOrder">1</P>
    <P Name="Src">1965:1#out:1</P>
    <P Name="Points">[50, 0; 0, -95]</P>
    <P Name="Dst">1965:3#in:1</P>
  </Line>
  <Line>
    <P Name="ZOrder">2</P>
    <P Name="Src">1965:2#out:1</P>
    <P Name="Points">[5, 0; 0, -5]</P>
    <P Name="Dst">1965:1#in:1</P>
  </Line>
  <Line>
    <P Name="ZOrder">3</P>
    <P Name="Src">1965:1#out:2</P>
    <P Name="Dst">1965:4#in:1</P>
  </Line>
  <Line>
    <P Name="ZOrder">4</P>
    <P Name="Src">1965:1#out:3</P>
    <P Name="Dst">1965:5#in:1</P>
  </Line>
</System>
