<?xml version="1.0" encoding="utf-8"?>
<System>
  <P Name="Location">[-1, -7, 1537, 825]</P>
  <P Name="ZoomFactor">87</P>
  <Block BlockType="Inport" Name="In1" SID="2494">
    <P Name="Position">[505, 33, 535, 47]</P>
    <P Name="ZOrder">100000</P>
    <P Name="BlockMirror">on</P>
  </Block>
  <Block BlockType="Delay" Name="Delay" SID="2178">
    <PortCounts in="1" out="1"/>
    <P Name="Position">[445, -242, 480, -208]</P>
    <P Name="ZOrder">100000</P>
    <P Name="BlockMirror">on</P>
    <P Name="Commented">on</P>
    <P Name="InputPortMap">u0</P>
    <P Name="DelayLength">1</P>
  </Block>
  <Block BlockType="Reference" Name="Discrete Derivative1" SID="2516">
    <PortCounts in="1" out="1"/>
    <P Name="Position">[385, 22, 445, 58]</P>
    <P Name="ZOrder">100000</P>
    <P Name="BlockMirror">on</P>
    <P Name="LibraryVersion">4.1</P>
    <P Name="SourceBlock">simulink/Discrete/Discrete Derivative</P>
    <P Name="SourceType">Discrete Derivative</P>
    <InstanceData>
      <P Name="RTWMemSecFuncInitTerm">Inherit from model</P>
      <P Name="RTWMemSecFuncExecute">Inherit from model</P>
      <P Name="RTWMemSecDataConstants">Inherit from model</P>
      <P Name="RTWMemSecDataInternal">Inherit from model</P>
      <P Name="RTWMemSecDataParameters">Inherit from model</P>
      <P Name="ContentPreviewEnabled">on</P>
      <P Name="gainval">1.0</P>
      <P Name="ICPrevScaledInput">0.0</P>
      <P Name="InputProcessing">Elements as channels (sample based)</P>
      <P Name="OutMin">[]</P>
      <P Name="OutMax">[]</P>
      <P Name="OutDataTypeStr">Inherit: Inherit via internal rule</P>
      <P Name="OutputDataTypeScalingMode">Inherit via internal rule</P>
      <P Name="OutDataType">fixdt(1, 16)</P>
      <P Name="OutScaling">2^-10</P>
      <P Name="LockScale">off</P>
      <P Name="RndMeth">Floor</P>
      <P Name="DoSatur">off</P>
    </InstanceData>
  </Block>
  <Block BlockType="Scope" Name="Scope" SID="2518">
    <PortCounts in="1"/>
    <P Name="Position">[155, -61, 185, -29]</P>
    <P Name="ZOrder">100000</P>
    <P Name="BlockMirror">on</P>
    <P Name="ScopeSpecificationString">Simulink.scopes.TimeScopeBlockCfg(&apos;CurrentConfiguration&apos;, extmgr.ConfigurationSet(extmgr.Configuration(&apos;Core&apos;,&apos;General UI&apos;,true),extmgr.Configuration(&apos;Core&apos;,&apos;Source UI&apos;,true),extmgr.Configuration(&apos;Sources&apos;,&apos;WiredSimulink&apos;,true,&apos;DataLoggingVariableName&apos;,&apos;ScopeData2&apos;),extmgr.Configuration(&apos;Visuals&apos;,&apos;Time Domain&apos;,true,&apos;SerializedDisplays&apos;,{struct(&apos;MinYLimReal&apos;,&apos;-7.8125&apos;,&apos;MaxYLimReal&apos;,&apos;20.3125&apos;,&apos;YLabelReal&apos;,&apos;&apos;,&apos;MinYLimMag&apos;,&apos;0.00000&apos;,&apos;MaxYLimMag&apos;,&apos;20.3125&apos;,&apos;LegendVisibility&apos;,&apos;off&apos;,&apos;XGrid&apos;,true,&apos;YGrid&apos;,true,&apos;PlotMagPhase&apos;,false,&apos;AxesColor&apos;,[0 0 0],&apos;AxesTickColor&apos;,[0.686274509803922 0.686274509803922 0.686274509803922],&apos;ColorOrder&apos;,[1 1 0.0666666666666667;0.0745098039215686 0.623529411764706 1;1 0.411764705882353 0.16078431372549;0.392156862745098 0.831372549019608 0.0745098039215686;0.717647058823529 0.274509803921569 1;0.0588235294117647 1 1;1 0.0745098039215686 0.650980392156863],&apos;Title&apos;,&apos;%&lt;SignalLabel&gt;&apos;,&apos;LinePropertiesCache&apos;,{{}},&apos;UserDefinedChannelNames&apos;,{{}},&apos;NumLines&apos;,1,&apos;LineNames&apos;,{{&apos;Discrete Derivative1&apos;}},&apos;ShowContent&apos;,true,&apos;Placement&apos;,1)},&apos;DisplayPropertyDefaults&apos;,struct(&apos;MinYLimReal&apos;,&apos;-7.8125&apos;,&apos;MaxYLimReal&apos;,&apos;20.3125&apos;,&apos;YLabelReal&apos;,&apos;&apos;,&apos;MinYLimMag&apos;,&apos;0.00000&apos;,&apos;MaxYLimMag&apos;,&apos;20.3125&apos;,&apos;LegendVisibility&apos;,&apos;off&apos;,&apos;XGrid&apos;,true,&apos;YGrid&apos;,true,&apos;PlotMagPhase&apos;,false,&apos;AxesColor&apos;,[0 0 0],&apos;AxesTickColor&apos;,[0.686274509803922 0.686274509803922 0.686274509803922],&apos;ColorOrder&apos;,[0.0745098039215686 0.623529411764706 1;1 0.411764705882353 0.16078431372549;1 1 0.0666666666666667;0.717647058823529 0.274509803921569 1;0.392156862745098 0.831372549019608 0.0745098039215686;0.0588235294117647 1 1;1 0.0745098039215686 0.650980392156863])),extmgr.Configuration(&apos;Tools&apos;,&apos;Plot Navigation&apos;,true),extmgr.Configuration(&apos;Tools&apos;,&apos;Measurements&apos;,true,&apos;Measurements&apos;,struct(&apos;tcursors&apos;,struct(&apos;XCoordinates&apos;,[40.0513950073423 41.9603524229076],&apos;YCoordinates&apos;,[17.5000000000091 17.5000000000082],&apos;CursorChannels&apos;,[1 1],&apos;WaveformCursors&apos;,true,&apos;ShowHorizontal&apos;,false,&apos;ShowVertical&apos;,true,&apos;LockCursorSpacing&apos;,false,&apos;SnapToData&apos;,false,&apos;SettingsPanelOpen&apos;,0,&apos;MeasurementsPanelOpen&apos;,1)),&apos;Version&apos;,&apos;2023a&apos;)),&apos;Version&apos;,&apos;2023a&apos;,&apos;Position&apos;,[4.2 41.8 859.2 740.8])</P>
    <P Name="NumInputPorts">1</P>
    <P Name="Floating">off</P>
  </Block>
  <Block BlockType="Sum" Name="Subtract2" SID="2169">
    <PortCounts in="2" out="1"/>
    <P Name="Position">[385, -258, 415, -227]</P>
    <P Name="ZOrder">100000</P>
    <P Name="BlockMirror">on</P>
    <P Name="Commented">on</P>
    <P Name="IconShape">rectangular</P>
    <P Name="Inputs">+-</P>
    <PortProperties>
      <Port Type="out" Index="1">
        <P Name="Name">del_qCmd</P>
      </Port>
    </PortProperties>
  </Block>
  <Block BlockType="Outport" Name="del_qCmd" SID="2496">
    <P Name="Position">[195, 33, 225, 47]</P>
    <P Name="ZOrder">100000</P>
    <P Name="BlockMirror">on</P>
  </Block>
  <Line>
    <P Name="ZOrder">690</P>
    <P Name="Src">2178#out:1</P>
    <P Name="Points">[-10, 0]</P>
    <P Name="Dst">2169#in:2</P>
  </Line>
  <Line>
    <P Name="ZOrder">2541</P>
    <P Name="Src">2516#out:1</P>
    <P Name="Points">[-79, 0]</P>
    <Branch>
      <P Name="ZOrder">2549</P>
      <P Name="Points">[0, -85]</P>
      <P Name="Dst">2518#in:1</P>
    </Branch>
    <Branch>
      <P Name="ZOrder">2542</P>
      <P Name="Dst">2496#in:1</P>
    </Branch>
  </Line>
  <Line>
    <P Name="ZOrder">2548</P>
    <P Name="Src">2494#out:1</P>
    <P Name="Dst">2516#in:1</P>
  </Line>
</System>
