<?xml version="1.0" encoding="utf-8"?>
<System>
  <P Name="Location">[-1, -7, 1537, 825]</P>
  <Block BlockType="SubSystem" Name="Bracket C" SID="1309">
    <PortCounts lconn="1" rconn="1"/>
    <P Name="Position">[-1905, 354, -1775, 526]</P>
    <P Name="ZOrder">66</P>
    <P Name="ContentPreviewEnabled">on</P>
    <Mask>
      <Display IconOpaque="opaque-with-ports" RunInitForIconRedraw="off" IconRotate="port" PortRotate="physical">image(&apos;sm_aileron_actuator_aileron_bracketC_IMAGE.png&apos;);</Display>
    </Mask>
    <System Ref="system_1309"/>
  </Block>
  <Block BlockType="SubSystem" Name="Bracket L" SID="1306">
    <PortCounts lconn="1" rconn="1"/>
    <P Name="Position">[-2028, 485, -1922, 575]</P>
    <P Name="ZOrder">64</P>
    <P Name="BlockRotation">270</P>
    <P Name="BlockMirror">on</P>
    <P Name="NameLocation">left</P>
    <P Name="ContentPreviewEnabled">on</P>
    <Mask>
      <Display IconOpaque="opaque-with-ports" RunInitForIconRedraw="off" IconRotate="port" PortRotate="physical">image(&apos;sm_aileron_actuator_aileron_bracketL_IMAGE.png&apos;);</Display>
    </Mask>
    <System Ref="system_1306"/>
  </Block>
  <Block BlockType="SubSystem" Name="Bracket R" SID="1312">
    <PortCounts rconn="1"/>
    <P Name="Position">[-2028, 305, -1922, 395]</P>
    <P Name="ZOrder">67</P>
    <P Name="BlockRotation">270</P>
    <P Name="NameLocation">left</P>
    <P Name="ContentPreviewEnabled">on</P>
    <Mask>
      <Display IconOpaque="opaque-with-ports" RunInitForIconRedraw="off" IconRotate="port" PortRotate="physical">image(&apos;sm_aileron_actuator_aileron_bracketR_IMAGE.png&apos;);</Display>
    </Mask>
    <System Ref="system_1312"/>
  </Block>
  <Block BlockType="PMIOPort" Name="RBrk" SID="132">
    <P Name="Position">[-1750, 288, -1720, 302]</P>
    <P Name="ZOrder">33</P>
    <P Name="BlockMirror">on</P>
    <P Name="Side">Right</P>
  </Block>
  <Block BlockType="PMIOPort" Name="CBrk" SID="130">
    <P Name="Position">[-1750, 433, -1720, 447]</P>
    <P Name="ZOrder">31</P>
    <P Name="BlockMirror">on</P>
    <P Name="Port">2</P>
    <P Name="Side">Right</P>
  </Block>
  <Block BlockType="PMIOPort" Name="LBrk" SID="131">
    <P Name="Position">[-1750, 583, -1720, 597]</P>
    <P Name="ZOrder">32</P>
    <P Name="BlockMirror">on</P>
    <P Name="Port">3</P>
    <P Name="Side">Right</P>
  </Block>
  <Block BlockType="PMIOPort" Name="M" SID="133">
    <P Name="Position">[-2110, 463, -2080, 477]</P>
    <P Name="ZOrder">34</P>
    <P Name="Port">4</P>
    <P Name="Side">Left</P>
  </Block>
  <Block BlockType="PMIOPort" Name="A" SID="134">
    <P Name="Position">[-2110, 433, -2080, 447]</P>
    <P Name="ZOrder">35</P>
    <P Name="NameLocation">top</P>
    <P Name="Port">5</P>
    <P Name="Side">Left</P>
  </Block>
  <Line LineType="Connection">
    <P Name="ZOrder">142</P>
    <P Name="Src">1306#lconn:1</P>
    <P Name="Dst">133#rconn:1</P>
  </Line>
  <Line LineType="Connection">
    <P Name="ZOrder">143</P>
    <P Name="Src">1306#rconn:1</P>
    <P Name="Dst">131#rconn:1</P>
  </Line>
  <Line LineType="Connection">
    <P Name="ZOrder">145</P>
    <P Name="Src">1309#rconn:1</P>
    <P Name="Dst">130#rconn:1</P>
  </Line>
  <Line LineType="Connection">
    <P Name="ZOrder">146</P>
    <P Name="Src">1309#lconn:1</P>
    <P Name="Dst">134#rconn:1</P>
  </Line>
  <Line LineType="Connection">
    <P Name="ZOrder">147</P>
    <P Name="Src">1312#rconn:1</P>
    <P Name="Points">[0, 5]</P>
    <P Name="Dst">132#rconn:1</P>
  </Line>
</System>
