<?xml version="1.0" encoding="utf-8"?>
<System>
  <P Name="Location">[-1, -7, 1537, 825]</P>
  <P Name="Open">on</P>
  <P Name="ZoomFactor">86</P>
  <P Name="SIDHighWatermark">1581</P>
  <P Name="SIDPrevWatermark">1315</P>
  <Block BlockType="Inport" Name="Err" SID="2349:871">
    <P Name="Position">[-405, -42, -375, -28]</P>
    <P Name="ZOrder">11625</P>
  </Block>
  <Block BlockType="Reference" Name="Bearing Friction" SID="2349:1310">
    <PortCounts lconn="1" rconn="1"/>
    <P Name="Position">[-60, -224, -20, -196]</P>
    <P Name="ZOrder">11634</P>
    <P Name="NameLocation">top</P>
    <P Name="HideAutomaticName">off</P>
    <P Name="LibraryVersion">10007000.1</P>
    <P Name="SourceBlock">sdl_lib/Couplings &amp; Drives/Springs &amp; Dampers/Rotational Damper</P>
    <P Name="SourceType">Rotational Damper</P>
    <InstanceData>
      <P Name="LogSimulationData">off</P>
      <P Name="SourceFile">sdl.couplings.springs.rot_damper</P>
      <P Name="InternalSimscapePortConfiguration">{&quot;Bottom&quot;:[],&quot;Left&quot;:[{&quot;id&quot;:&quot;R&quot;,&quot;label&quot;:&quot;R&quot;,&quot;type&quot;:&quot;foundation.mechanical.rotational.rotational&quot;}],&quot;Right&quot;:[{&quot;id&quot;:&quot;C&quot;,&quot;label&quot;:&quot;C&quot;,&quot;type&quot;:&quot;foundation.mechanical.rotational.rotational&quot;}],&quot;Top&quot;:[]}</P>
      <P Name="SscBlockScalableBuild">off</P>
      <P Name="ComponentPath">sdl.couplings.springs.rot_damper</P>
      <P Name="ComponentVariants">[&quot;sdl.couplings.springs.rot_damper&quot;]</P>
      <P Name="ComponentVariantNames">[&quot;rot_damper&quot;]</P>
      <P Name="ClassName">rot_damper</P>
      <P Name="SchemaVersion">1</P>
      <P Name="D">motor_friction</P>
      <P Name="D_unit">N*m/(rad/s)</P>
      <P Name="D_conf">runtime</P>
      <P Name="enable_faults">simscape.enum.onoff.on</P>
      <P Name="enable_faults_unit">1</P>
      <P Name="enable_faults_conf">compiletime</P>
      <P Name="b_fault">10</P>
      <P Name="b_fault_unit">N*m/(rad/s)</P>
      <P Name="b_fault_conf">compiletime</P>
      <P Name="temporal_fault">simscape.enum.onoff.on</P>
      <P Name="temporal_fault_unit">1</P>
      <P Name="temporal_fault_conf">compiletime</P>
      <P Name="fault_time">25</P>
      <P Name="fault_time_unit">s</P>
      <P Name="fault_time_conf">compiletime</P>
      <P Name="shock_fault">0</P>
      <P Name="shock_fault_unit">1</P>
      <P Name="shock_fault_conf">compiletime</P>
      <P Name="acceleration_limit">100</P>
      <P Name="acceleration_limit_unit">rad/s^2</P>
      <P Name="acceleration_limit_conf">compiletime</P>
      <P Name="shock_limit">1</P>
      <P Name="shock_limit_unit">1</P>
      <P Name="shock_limit_conf">compiletime</P>
      <P Name="report_fault">(1)-1</P>
      <P Name="report_fault_unit">1</P>
      <P Name="report_fault_conf">compiletime</P>
      <P Name="thermal_port">simscape.enum.thermaleffects.omit</P>
      <P Name="thermal_port_unit">1</P>
      <P Name="thermal_port_conf">compiletime</P>
      <P Name="thermal_mass">50</P>
      <P Name="thermal_mass_unit">kJ/K</P>
      <P Name="thermal_mass_conf">compiletime</P>
      <P Name="temperature_specify">off</P>
      <P Name="temperature_priority">High</P>
      <P Name="temperature">300</P>
      <P Name="temperature_unit">K</P>
      <P Name="temperature_nominal_specify">off</P>
      <P Name="temperature_nominal_unit">K</P>
      <P Name="temperature_nominal_value">1</P>
    </InstanceData>
  </Block>
  <Block BlockType="Constant" Name="Constant" SID="2349:1462">
    <P Name="Position">[315, -25, 345, 5]</P>
    <P Name="ZOrder">100000</P>
    <P Name="BlockMirror">on</P>
    <P Name="NameLocation">top</P>
    <P Name="Value">0</P>
  </Block>
  <Block BlockType="Constant" Name="Constant1" SID="2349:1579">
    <P Name="Position">[315, -75, 345, -45]</P>
    <P Name="ZOrder">100000</P>
    <P Name="BlockMirror">on</P>
    <P Name="NameLocation">top</P>
  </Block>
  <Block BlockType="SubSystem" Name="Control" SID="2349:1039">
    <PortCounts in="1" lconn="2" rconn="2"/>
    <P Name="Position">[-325, -51, -140, 31]</P>
    <P Name="ZOrder">11631</P>
    <P Name="AttributesFormatString">%&lt;ActiveVariant&gt;</P>
    <P Name="Variant">on</P>
    <P Name="VariantControlMode">label</P>
    <P Name="VariantControl">Simulink</P>
    <P Name="LabelModeActiveChoice">Simulink</P>
    <Mask>
      <Display IconOpaque="opaque-with-ports" RunInitForIconRedraw="off" IconRotate="port" PortRotate="physical">blk = sm_aileron_activeVariantBlock(gcb);
eval(get_param(blk, &apos;MaskDisplay&apos;));</Display>
    </Mask>
    <System Ref="system_2349_1039"/>
  </Block>
  <Block BlockType="SubSystem" Name="Current&#xA;Sensor" SID="2349:1204">
    <PortCounts lconn="1" rconn="2"/>
    <P Name="Position">[-154, -125, -120, -105]</P>
    <P Name="ZOrder">11614</P>
    <P Name="BlockRotation">270</P>
    <P Name="BlockMirror">on</P>
    <P Name="NameLocation">left</P>
    <P Name="PortSchema">{&quot;entries&quot;:[{&quot;content&quot;:{&quot;sides&quot;:[{&quot;content&quot;:{&quot;connectorIds&quot;:[&quot;LConn1&quot;]},&quot;type&quot;:&quot;ConnectorPlacement.EquallySpacedRectSide&quot;,&quot;uuid&quot;:&quot;5feb4248-90dc-4cee-8196-02bda42ef121&quot;},{&quot;content&quot;:{&quot;connectorIds&quot;:[&quot;RConn1&quot;],&quot;side&quot;:&quot;RIGHT&quot;},&quot;type&quot;:&quot;ConnectorPlacement.EquallySpacedRectSide&quot;,&quot;uuid&quot;:&quot;25f76114-653d-4a38-be11-d9b248b35b72&quot;},{&quot;content&quot;:{&quot;side&quot;:&quot;TOP&quot;},&quot;type&quot;:&quot;ConnectorPlacement.EquallySpacedRectSide&quot;,&quot;uuid&quot;:&quot;52875a3d-5ee7-46bf-ae28-5e1f3e15fabf&quot;},{&quot;content&quot;:{&quot;connectorIds&quot;:[&quot;RConn2&quot;],&quot;side&quot;:&quot;BOTTOM&quot;},&quot;type&quot;:&quot;ConnectorPlacement.EquallySpacedRectSide&quot;,&quot;uuid&quot;:&quot;a29111bf-3c6d-452a-8ba2-8f3bc451fda1&quot;}]},&quot;type&quot;:&quot;ConnectorPlacement.EquallySpacedConnector&quot;,&quot;uuid&quot;:&quot;758a35e0-fe82-4a92-848b-3f8074545680&quot;}],&quot;packageUris&quot;:[&quot;http://schema.mathworks.com/mf0/Connector/R2020b&quot;],&quot;version&quot;:&quot;1.0&quot;}</P>
    <System Ref="system_2349_1204"/>
  </Block>
  <Block BlockType="Reference" Name="DC Motor" SID="2349:1212">
    <PortCounts lconn="2" rconn="2"/>
    <P Name="Position">[-60, -185, -15, -110]</P>
    <P Name="ZOrder">11607</P>
    <P Name="BlockRotation">180</P>
    <P Name="BlockMirror">on</P>
    <P Name="NameLocation">left</P>
    <P Name="HideAutomaticName">off</P>
    <P Name="LibraryVersion">10007000.3</P>
    <P Name="SourceBlock">ee_lib/Electromechanical/Brushed Motors/DC Motor</P>
    <P Name="SourceType">DC Motor</P>
    <InstanceData>
      <P Name="LogSimulationData">off</P>
      <P Name="SourceFile">ee.electromech.brushed.dc_motor</P>
      <P Name="InternalSimscapePortConfiguration">{&quot;Bottom&quot;:[],&quot;Left&quot;:[{&quot;id&quot;:&quot;p&quot;,&quot;label&quot;:&quot;+&quot;,&quot;type&quot;:&quot;foundation.electrical.electrical&quot;},{&quot;id&quot;:&quot;R&quot;,&quot;label&quot;:&quot;R&quot;,&quot;type&quot;:&quot;foundation.mechanical.rotational.rotational&quot;}],&quot;Right&quot;:[{&quot;id&quot;:&quot;n&quot;,&quot;label&quot;:&quot;-&quot;,&quot;type&quot;:&quot;foundation.electrical.electrical&quot;},{&quot;id&quot;:&quot;C&quot;,&quot;label&quot;:&quot;C&quot;,&quot;type&quot;:&quot;foundation.mechanical.rotational.rotational&quot;}],&quot;Top&quot;:[]}</P>
      <P Name="SscBlockScalableBuild">off</P>
      <P Name="ComponentPath">ee.electromech.brushed.dc_motor</P>
      <P Name="ComponentVariants">[&quot;ee.electromech.brushed.dc_motor&quot;,&quot;ee.electromech.brushed.dc_motor_thermal&quot;]</P>
      <P Name="ComponentVariantNames">[&quot;physmod:ee:library:comments:electromech:brushed:dc_motor_sscx:noThermalPort&quot;,&quot;physmod:ee:library:comments:electromech:brushed:dc_motor_sscx:showThermalPort&quot;]</P>
      <P Name="ClassName">Simscape variant</P>
      <P Name="SchemaVersion">1</P>
      <P Name="field_option">ee.enum.field_option.pm</P>
      <P Name="field_option_unit">1</P>
      <P Name="field_option_conf">compiletime</P>
      <P Name="Rf">100</P>
      <P Name="Rf_unit">Ohm</P>
      <P Name="Rf_conf">compiletime</P>
      <P Name="Lf">1</P>
      <P Name="Lf_unit">H</P>
      <P Name="Lf_conf">compiletime</P>
      <P Name="Laf">0.15</P>
      <P Name="Laf_unit">H</P>
      <P Name="Laf_conf">compiletime</P>
      <P Name="If0">0</P>
      <P Name="If0_unit">A</P>
      <P Name="If0_conf">compiletime</P>
      <P Name="parameterization">1</P>
      <P Name="parameterization_unit">1</P>
      <P Name="parameterization_conf">compiletime</P>
      <P Name="Ra">3.9</P>
      <P Name="Ra_unit">Ohm</P>
      <P Name="Ra_conf">compiletime</P>
      <P Name="La">12e-6</P>
      <P Name="La_unit">H</P>
      <P Name="La_conf">compiletime</P>
      <P Name="emf_or_torque">1</P>
      <P Name="emf_or_torque_unit">1</P>
      <P Name="emf_or_torque_conf">compiletime</P>
      <P Name="Kv">AAC_Param.Act.El.motk</P>
      <P Name="Kv_unit">V/rpm</P>
      <P Name="Kv_conf">compiletime</P>
      <P Name="Ki">6.876e-4</P>
      <P Name="Ki_unit">N*m/A</P>
      <P Name="Ki_conf">compiletime</P>
      <P Name="T_stall">0.24e-3</P>
      <P Name="T_stall_unit">N*m</P>
      <P Name="T_stall_conf">compiletime</P>
      <P Name="w_max">19100</P>
      <P Name="w_max_unit">rpm</P>
      <P Name="w_max_conf">compiletime</P>
      <P Name="w_rated">15000</P>
      <P Name="w_rated_unit">rpm</P>
      <P Name="w_rated_conf">compiletime</P>
      <P Name="P_rated">0.08</P>
      <P Name="P_rated_unit">W</P>
      <P Name="P_rated_conf">compiletime</P>
      <P Name="V_rated">1.5</P>
      <P Name="V_rated_unit">V</P>
      <P Name="V_rated_conf">compiletime</P>
      <P Name="lam_param">1</P>
      <P Name="lam_param_unit">1</P>
      <P Name="lam_param_conf">compiletime</P>
      <P Name="i_noload">0</P>
      <P Name="i_noload_unit">A</P>
      <P Name="i_noload_conf">compiletime</P>
      <P Name="V_i_noload">1.5</P>
      <P Name="V_i_noload_unit">V</P>
      <P Name="V_i_noload_conf">compiletime</P>
      <P Name="J">0.01</P>
      <P Name="J_unit">g*cm^2</P>
      <P Name="J_conf">compiletime</P>
      <P Name="lam">0</P>
      <P Name="lam_unit">N*m/(rad/s)</P>
      <P Name="lam_conf">compiletime</P>
      <P Name="speed0">0</P>
      <P Name="speed0_unit">rpm</P>
      <P Name="speed0_conf">compiletime</P>
      <P Name="enable_fault_armature">simscape.enum.onoff.off</P>
      <P Name="enable_fault_armature_unit">1</P>
      <P Name="enable_fault_armature_conf">compiletime</P>
      <P Name="rev_faulted">1/3</P>
      <P Name="rev_faulted_unit">1</P>
      <P Name="rev_faulted_conf">compiletime</P>
      <P Name="G_faulted_armature">1e-3</P>
      <P Name="G_faulted_armature_unit">S</P>
      <P Name="G_faulted_armature_conf">compiletime</P>
      <P Name="fault_trigger_armature">ee.enum.faults.faultTrigger.temporal</P>
      <P Name="fault_trigger_armature_unit">1</P>
      <P Name="fault_trigger_armature_conf">compiletime</P>
      <P Name="t_fault_armature">25</P>
      <P Name="t_fault_armature_unit">s</P>
      <P Name="t_fault_armature_conf">compiletime</P>
      <P Name="max_permissible_current_armature">inf</P>
      <P Name="max_permissible_current_armature_unit">A</P>
      <P Name="max_permissible_current_armature_conf">compiletime</P>
      <P Name="t_fail_on_current_armature">1</P>
      <P Name="t_fail_on_current_armature_unit">s</P>
      <P Name="t_fail_on_current_armature_conf">compiletime</P>
      <P Name="enable_fault_field">simscape.enum.onoff.off</P>
      <P Name="enable_fault_field_unit">1</P>
      <P Name="enable_fault_field_conf">compiletime</P>
      <P Name="G_faulted_field">1e-5</P>
      <P Name="G_faulted_field_unit">S</P>
      <P Name="G_faulted_field_conf">compiletime</P>
      <P Name="fault_trigger_field">ee.enum.faults.faultTrigger.temporal</P>
      <P Name="fault_trigger_field_unit">1</P>
      <P Name="fault_trigger_field_conf">compiletime</P>
      <P Name="t_fault_field">1</P>
      <P Name="t_fault_field_unit">s</P>
      <P Name="t_fault_field_conf">compiletime</P>
      <P Name="max_permissible_current_field">inf</P>
      <P Name="max_permissible_current_field_unit">A</P>
      <P Name="max_permissible_current_field_conf">compiletime</P>
      <P Name="t_fail_on_current_field">1</P>
      <P Name="t_fail_on_current_field_unit">s</P>
      <P Name="t_fail_on_current_field_conf">compiletime</P>
      <P Name="fault_action">simscape.enum.assert.action.none</P>
      <P Name="fault_action_unit">1</P>
      <P Name="fault_action_conf">compiletime</P>
      <P Name="alpha">3.93e-3</P>
      <P Name="alpha_unit">1/K</P>
      <P Name="alpha_conf">compiletime</P>
      <P Name="Tmeas">25</P>
      <P Name="Tmeas_unit">degC</P>
      <P Name="Tmeas_conf">compiletime</P>
      <P Name="thermal_mass">100</P>
      <P Name="thermal_mass_unit">J/K</P>
      <P Name="thermal_mass_conf">compiletime</P>
      <P Name="initial_temperature">25</P>
      <P Name="initial_temperature_unit">degC</P>
      <P Name="initial_temperature_conf">compiletime</P>
    </InstanceData>
  </Block>
  <Block BlockType="Delay" Name="Delay" SID="2349:1580">
    <PortCounts in="1" out="1"/>
    <P Name="Position">[190, -52, 225, -18]</P>
    <P Name="ZOrder">100000</P>
    <P Name="BlockMirror">on</P>
    <P Name="NameLocation">top</P>
    <P Name="InputPortMap">u0</P>
    <P Name="DelayLength">1</P>
  </Block>
  <Block BlockType="Reference" Name="Electrical Reference1" SID="2349:1440">
    <PortCounts lconn="1"/>
    <P Name="Position">[20, 60, 40, 80]</P>
    <P Name="ZOrder">100000</P>
    <P Name="BlockRotation">270</P>
    <P Name="BlockMirror">on</P>
    <P Name="NameLocation">right</P>
    <P Name="LibraryVersion">10007000.1</P>
    <P Name="SourceBlock">fl_lib/Electrical/Electrical Elements/Electrical Reference</P>
    <P Name="SourceType">Electrical Reference</P>
    <InstanceData>
      <P Name="LogSimulationData">off</P>
      <P Name="SourceFile">foundation.electrical.elements.reference</P>
      <P Name="InternalSimscapePortConfiguration">{&quot;Bottom&quot;:[],&quot;Left&quot;:[{&quot;id&quot;:&quot;V&quot;,&quot;label&quot;:&quot;&quot;,&quot;type&quot;:&quot;foundation.electrical.electrical&quot;}],&quot;Right&quot;:[],&quot;Top&quot;:[]}</P>
      <P Name="SscBlockScalableBuild">off</P>
      <P Name="ComponentPath">foundation.electrical.elements.reference</P>
      <P Name="ComponentVariants">foundation.electrical.elements.reference</P>
      <P Name="ComponentVariantNames">reference</P>
      <P Name="ClassName">reference</P>
      <P Name="SchemaVersion">1</P>
    </InstanceData>
  </Block>
  <Block BlockType="Reference" Name="Gear Box" SID="2349:1214">
    <PortCounts lconn="1" rconn="1"/>
    <P Name="Position">[-475, -125, -440, -85]</P>
    <P Name="ZOrder">11608</P>
    <P Name="BlockMirror">on</P>
    <P Name="HideAutomaticName">off</P>
    <P Name="LibraryVersion">10007000.1</P>
    <P Name="SourceBlock">fl_lib/Mechanical/Mechanisms/Gear Box</P>
    <P Name="SourceType">Gear Box</P>
    <InstanceData>
      <P Name="LogSimulationData">off</P>
      <P Name="SourceFile">foundation.mechanical.mechanisms.gear_box</P>
      <P Name="InternalSimscapePortConfiguration">{&quot;Bottom&quot;:[],&quot;Left&quot;:[{&quot;id&quot;:&quot;S&quot;,&quot;label&quot;:&quot;S&quot;,&quot;type&quot;:&quot;foundation.mechanical.rotational.rotational&quot;}],&quot;Right&quot;:[{&quot;id&quot;:&quot;O&quot;,&quot;label&quot;:&quot;O&quot;,&quot;type&quot;:&quot;foundation.mechanical.rotational.rotational&quot;}],&quot;Top&quot;:[]}</P>
      <P Name="SscBlockScalableBuild">off</P>
      <P Name="ComponentPath">foundation.mechanical.mechanisms.gear_box</P>
      <P Name="ComponentVariants">foundation.mechanical.mechanisms.gear_box</P>
      <P Name="ComponentVariantNames">gear_box</P>
      <P Name="ClassName">gear_box</P>
      <P Name="SchemaVersion">1</P>
      <P Name="ratio">motor_gear_ratio</P>
      <P Name="ratio_unit">1</P>
      <P Name="ratio_conf">compiletime</P>
      <P Name="t_in_specify">off</P>
      <P Name="t_in_priority">None</P>
      <P Name="t_in">0</P>
      <P Name="t_in_unit">N*m</P>
      <P Name="t_in_nominal_specify">off</P>
      <P Name="t_in_nominal_unit">N*m</P>
      <P Name="t_in_nominal_value">1</P>
      <P Name="t_out_specify">off</P>
      <P Name="t_out_priority">None</P>
      <P Name="t_out">0</P>
      <P Name="t_out_unit">N*m</P>
      <P Name="t_out_nominal_specify">off</P>
      <P Name="t_out_nominal_unit">N*m</P>
      <P Name="t_out_nominal_value">1</P>
    </InstanceData>
  </Block>
  <Block BlockType="SubSystem" Name="Hall Effect Sensor" SID="2349:1215">
    <PortCounts lconn="1" rconn="1"/>
    <P Name="Position">[-490, -62, -440, -38]</P>
    <P Name="ZOrder">11616</P>
    <P Name="BlockMirror">on</P>
    <System Ref="system_2349_1215"/>
  </Block>
  <Block BlockType="Reference" Name="Lead Screw" SID="2349:1282">
    <PortCounts lconn="1" rconn="1"/>
    <P Name="Position">[-550, -125, -510, -85]</P>
    <P Name="ZOrder">11609</P>
    <P Name="BlockMirror">on</P>
    <P Name="LibraryVersion">10007000.1</P>
    <P Name="SourceBlock">fl_lib/Mechanical/Mechanisms/Wheel and Axle</P>
    <P Name="SourceType">Wheel and Axle</P>
    <InstanceData>
      <P Name="LogSimulationData">off</P>
      <P Name="SourceFile">foundation.mechanical.mechanisms.wheel_axle</P>
      <P Name="InternalSimscapePortConfiguration">{&quot;Bottom&quot;:[],&quot;Left&quot;:[{&quot;id&quot;:&quot;A&quot;,&quot;label&quot;:&quot;A&quot;,&quot;type&quot;:&quot;foundation.mechanical.rotational.rotational&quot;}],&quot;Right&quot;:[{&quot;id&quot;:&quot;P&quot;,&quot;label&quot;:&quot;P&quot;,&quot;type&quot;:&quot;foundation.mechanical.translational.translational&quot;}],&quot;Top&quot;:[]}</P>
      <P Name="SscBlockScalableBuild">off</P>
      <P Name="ComponentPath">foundation.mechanical.mechanisms.wheel_axle</P>
      <P Name="ComponentVariants">foundation.mechanical.mechanisms.wheel_axle</P>
      <P Name="ComponentVariantNames">wheel_axle</P>
      <P Name="ClassName">wheel_axle</P>
      <P Name="SchemaVersion">1</P>
      <P Name="R">15e-3/(2*pi)</P>
      <P Name="R_unit">m</P>
      <P Name="R_conf">compiletime</P>
      <P Name="or">2</P>
      <P Name="or_unit">1</P>
      <P Name="or_conf">compiletime</P>
      <P Name="t_specify">off</P>
      <P Name="t_priority">High</P>
      <P Name="t">0</P>
      <P Name="t_unit">N*m</P>
      <P Name="t_nominal_specify">off</P>
      <P Name="t_nominal_unit">N*m</P>
      <P Name="t_nominal_value">1</P>
      <P Name="f_specify">off</P>
      <P Name="f_priority">High</P>
      <P Name="f">0</P>
      <P Name="f_unit">N</P>
      <P Name="f_nominal_specify">off</P>
      <P Name="f_nominal_unit">N</P>
      <P Name="f_nominal_value">1</P>
    </InstanceData>
  </Block>
  <Block BlockType="ManualSwitch" Name="Manual Switch" SID="2349:1514">
    <P Name="Position">[245, -53, 275, -17]</P>
    <P Name="ZOrder">100000</P>
    <P Name="BlockMirror">on</P>
    <P Name="NameLocation">top</P>
  </Block>
  <Block BlockType="Reference" Name="Mechanical&#xA;Rotational Reference" SID="2349:1283">
    <PortCounts lconn="1"/>
    <P Name="Position">[35, -220, 55, -200]</P>
    <P Name="ZOrder">11617</P>
    <P Name="BlockRotation">180</P>
    <P Name="BlockMirror">on</P>
    <P Name="ShowName">off</P>
    <P Name="LibraryVersion">10007000.1</P>
    <P Name="SourceBlock">fl_lib/Mechanical/Rotational Elements/Mechanical
Rotational Reference</P>
    <P Name="SourceType">Mechanical
Rotational Reference</P>
    <InstanceData>
      <P Name="LogSimulationData">off</P>
      <P Name="SourceFile">foundation.mechanical.rotational.reference</P>
      <P Name="InternalSimscapePortConfiguration">{&quot;Bottom&quot;:[],&quot;Left&quot;:[{&quot;id&quot;:&quot;W&quot;,&quot;label&quot;:&quot;&quot;,&quot;type&quot;:&quot;foundation.mechanical.rotational.rotational&quot;}],&quot;Right&quot;:[],&quot;Top&quot;:[]}</P>
      <P Name="SscBlockScalableBuild">off</P>
      <P Name="ComponentPath">foundation.mechanical.rotational.reference</P>
      <P Name="ComponentVariants">foundation.mechanical.rotational.reference</P>
      <P Name="ComponentVariantNames">reference</P>
      <P Name="ClassName">reference_rot</P>
      <P Name="SchemaVersion">1</P>
    </InstanceData>
  </Block>
  <Block BlockType="Reference" Name="Mechanical Translational Reference" SID="2349:1284">
    <PortCounts lconn="1"/>
    <P Name="Position">[-705, -115, -685, -95]</P>
    <P Name="ZOrder">11611</P>
    <P Name="BlockRotation">180</P>
    <P Name="NameLocation">top</P>
    <P Name="ShowName">off</P>
    <P Name="LibraryVersion">10007000.1</P>
    <P Name="SourceBlock">fl_lib/Mechanical/Translational
Elements/Mechanical
Translational
Reference</P>
    <P Name="SourceType">Mechanical
Translational
Reference</P>
    <InstanceData>
      <P Name="LogSimulationData">off</P>
      <P Name="SourceFile">foundation.mechanical.translational.reference</P>
      <P Name="InternalSimscapePortConfiguration">{&quot;Bottom&quot;:[],&quot;Left&quot;:[{&quot;id&quot;:&quot;V&quot;,&quot;label&quot;:&quot;&quot;,&quot;type&quot;:&quot;foundation.mechanical.translational.translational&quot;}],&quot;Right&quot;:[],&quot;Top&quot;:[]}</P>
      <P Name="SscBlockScalableBuild">off</P>
      <P Name="ComponentPath">foundation.mechanical.translational.reference</P>
      <P Name="ComponentVariants">foundation.mechanical.translational.reference</P>
      <P Name="ComponentVariantNames">reference</P>
      <P Name="ClassName">reference</P>
      <P Name="SchemaVersion">1</P>
    </InstanceData>
  </Block>
  <Block BlockType="SubSystem" Name="Motor Driver" SID="2349:872">
    <PortCounts lconn="2" rconn="2"/>
    <P Name="Position">[-120, -48, -20, 28]</P>
    <P Name="ZOrder">11633</P>
    <P Name="AttributesFormatString">%&lt;ActiveVariant&gt;</P>
    <P Name="Variant">on</P>
    <P Name="VariantControlMode">label</P>
    <P Name="VariantControl">Abstract</P>
    <P Name="LabelModeActiveChoice">Abstract</P>
    <Mask>
      <Display IconOpaque="opaque-with-ports" RunInitForIconRedraw="off" IconRotate="port" PortRotate="physical">if(strcmp(get_param(gcb,&apos;ActiveVariant&apos;),&apos;Abstract&apos;))
    temp_modenum = get_param([gcb &apos;/Abstract/Controlled PWM Voltage&apos;],&apos;pwm_or_av&apos;);
    if(strcmp(temp_modenum,&apos;1&apos;))
        image(&apos;sm_aileron_actuator_driver_pwm_IMAGE.png&apos;);
    else
        image(&apos;sm_aileron_actuator_driver_averaged_IMAGE.png&apos;);
    end
    clear temp_modenum
else
    image(&apos;sm_aileron_actuator_driver_circuit_IMAGE.png&apos;);
end</Display>
    </Mask>
    <System Ref="system_2349_872"/>
  </Block>
  <Block BlockType="SubSystem" Name="Network" SID="2349:1285">
    <PortCounts out="1" lconn="2" rconn="1"/>
    <P Name="Position">[95, -198, 135, -107]</P>
    <P Name="ZOrder">11621</P>
    <System Ref="system_2349_1285"/>
  </Block>
  <Block BlockType="Reference" Name="SPST Switch" SID="2349:1578">
    <PortCounts lconn="2" rconn="1"/>
    <P Name="Position">[50, -90, 105, -10]</P>
    <P Name="ZOrder">100000</P>
    <P Name="LibraryVersion">10007000.3</P>
    <P Name="SourceBlock">ee_lib/Switches &amp; Breakers/SPST Switch</P>
    <P Name="SourceType">SPST Switch</P>
    <InstanceData>
      <P Name="LogSimulationData">off</P>
      <P Name="SourceFile">ee.switches.spst_ps</P>
      <P Name="InternalSimscapePortConfiguration">{&quot;Bottom&quot;:[],&quot;Left&quot;:[{&quot;id&quot;:&quot;vT&quot;,&quot;label&quot;:&quot;vT&quot;,&quot;type&quot;:&quot;input&quot;},{&quot;id&quot;:&quot;p&quot;,&quot;label&quot;:&quot;&quot;,&quot;type&quot;:&quot;foundation.electrical.electrical&quot;}],&quot;Right&quot;:[{&quot;id&quot;:&quot;n&quot;,&quot;label&quot;:&quot;&quot;,&quot;type&quot;:&quot;foundation.electrical.electrical&quot;}],&quot;Top&quot;:[]}</P>
      <P Name="SscBlockScalableBuild">off</P>
      <P Name="ComponentPath">ee.switches.spst_ps</P>
      <P Name="ComponentVariants">[&quot;ee.switches.spst_ps&quot;,&quot;ee.switches.spst_elec&quot;]</P>
      <P Name="ComponentVariantNames">[&quot;physmod:ee:library:comments:switches:spst_sscx:pSControlPort&quot;,&quot;physmod:ee:library:comments:switches:spst_sscx:electricalControlPort&quot;]</P>
      <P Name="ClassName">Simscape variant</P>
      <P Name="SchemaVersion">1</P>
      <P Name="R_closed">1e-25</P>
      <P Name="R_closed_unit">mOhm</P>
      <P Name="R_closed_conf">compiletime</P>
      <P Name="G_open">1e-25</P>
      <P Name="G_open_unit">nS</P>
      <P Name="G_open_conf">compiletime</P>
      <P Name="Threshold">0.1</P>
      <P Name="Threshold_unit">V</P>
      <P Name="Threshold_conf">compiletime</P>
      <P Name="Width">0</P>
      <P Name="Width_unit">V</P>
      <P Name="Width_conf">compiletime</P>
      <P Name="model_dynamics">0</P>
      <P Name="model_dynamics_unit">1</P>
      <P Name="model_dynamics_conf">compiletime</P>
      <P Name="t_on">1e-3</P>
      <P Name="t_on_unit">s</P>
      <P Name="t_on_conf">compiletime</P>
      <P Name="t_off">1e-3</P>
      <P Name="t_off_unit">s</P>
      <P Name="t_off_conf">compiletime</P>
      <P Name="initial_vT">0</P>
      <P Name="initial_vT_unit">V</P>
      <P Name="initial_vT_conf">compiletime</P>
    </InstanceData>
  </Block>
  <Block BlockType="Reference" Name="Simulink-PS&#xA;Converter" SID="2349:1473">
    <PortCounts in="1" rconn="1"/>
    <P Name="Position">[150, -43, 165, -27]</P>
    <P Name="ZOrder">100000</P>
    <P Name="BlockMirror">on</P>
    <P Name="NameLocation">top</P>
    <P Name="LibraryVersion">7.0</P>
    <P Name="SourceBlock">nesl_utility/Simulink-PS
Converter</P>
    <P Name="SourceType">Simulink-PS
Converter</P>
    <InstanceData>
      <P Name="RTWMemSecFuncInitTerm">Inherit from model</P>
      <P Name="RTWMemSecFuncExecute">Inherit from model</P>
      <P Name="RTWMemSecDataConstants">Inherit from model</P>
      <P Name="RTWMemSecDataInternal">Inherit from model</P>
      <P Name="RTWMemSecDataParameters">Inherit from model</P>
      <P Name="ContentPreviewEnabled">on</P>
      <P Name="PhysicalDomain">network_engine_domain</P>
      <P Name="SubClassName">ps_input</P>
      <P Name="LeftPortType">input</P>
      <P Name="RightPortType">output</P>
      <P Name="PseudoPeriodic">off</P>
      <P Name="Frequencies">[]</P>
      <P Name="NoiseDistribution">none</P>
      <P Name="NoiseParameters">[]</P>
      <P Name="Unit">1</P>
      <P Name="AffineConversion">off</P>
      <P Name="FilteringAndDerivatives">provide</P>
      <P Name="SimscapeFilterOrder">1</P>
      <P Name="InputFilterTimeConstant">0.001</P>
      <P Name="UdotUserProvided">0</P>
    </InstanceData>
  </Block>
  <Block BlockType="SubSystem" Name="Translational&#xA;Simscape Intf" SID="2349:1295">
    <PortCounts lconn="2" rconn="2"/>
    <P Name="Position">[-670, -136, -635, -94]</P>
    <P Name="ZOrder">11612</P>
    <System Ref="system_2349_1295"/>
  </Block>
  <Block BlockType="PMIOPort" Name="f" SID="2349:1296">
    <P Name="Position">[-730, -132, -700, -118]</P>
    <P Name="ZOrder">11618</P>
    <P Name="NameLocation">top</P>
    <P Name="Side">Left</P>
  </Block>
  <Block BlockType="PMIOPort" Name="v" SID="2349:1297">
    <P Name="Position">[-590, -132, -560, -118]</P>
    <P Name="ZOrder">100000</P>
    <P Name="BlockMirror">on</P>
    <P Name="NameLocation">top</P>
    <P Name="Port">2</P>
    <P Name="Side">Right</P>
  </Block>
  <Block BlockType="PMIOPort" Name="+" SID="2349:1298">
    <P Name="Position">[20, -137, 50, -123]</P>
    <P Name="ZOrder">11623</P>
    <P Name="Port">3</P>
    <P Name="Side">Left</P>
  </Block>
  <Block BlockType="PMIOPort" Name="-" SID="2349:1299">
    <P Name="Position">[185, -137, 215, -123]</P>
    <P Name="ZOrder">11624</P>
    <P Name="BlockMirror">on</P>
    <P Name="Port">4</P>
    <P Name="Side">Right</P>
  </Block>
  <Block BlockType="Outport" Name="i" SID="2349:1312">
    <P Name="Position">[185, -182, 215, -168]</P>
    <P Name="ZOrder">11635</P>
    <P Name="VectorParamsAs1DForOutWhenUnconnected">off</P>
  </Block>
  <Line>
    <P Name="ZOrder">1</P>
    <P Name="Src">2349:1285#out:1</P>
    <P Name="Points">[45, 0]</P>
    <P Name="Dst">2349:1312#in:1</P>
  </Line>
  <Line LineType="Connection">
    <P Name="ZOrder">2</P>
    <P Name="Src">2349:872#lconn:2</P>
    <P Name="Dst">2349:1039#rconn:2</P>
  </Line>
  <Line LineType="Connection">
    <P Name="ZOrder">3</P>
    <P Name="Src">2349:872#lconn:1</P>
    <P Name="Dst">2349:1039#rconn:1</P>
  </Line>
  <Line LineType="Connection">
    <P Name="ZOrder">4</P>
    <P Name="Src">2349:1039#lconn:2</P>
    <P Name="Points">[-190, 0; 0, -65]</P>
    <P Name="Dst">2349:1215#rconn:1</P>
  </Line>
  <Line LineType="Connection">
    <P Name="ZOrder">5</P>
    <P Name="Src">2349:1039#lconn:1</P>
    <P Name="Points">[-9, 0; 0, -140; 214, 0]</P>
    <P Name="Dst">2349:1204#lconn:1</P>
  </Line>
  <Line>
    <P Name="ZOrder">6</P>
    <P Name="Src">2349:871#out:1</P>
    <P Name="Dst">2349:1039#in:1</P>
  </Line>
  <Line LineType="Connection">
    <P Name="ZOrder">7</P>
    <P Name="Src">2349:1299#rconn:1</P>
    <P Name="Points">[16, 0]</P>
    <P Name="Dst">2349:1285#rconn:1</P>
  </Line>
  <Line LineType="Connection">
    <P Name="ZOrder">8</P>
    <P Name="Src">2349:1298#rconn:1</P>
    <P Name="Dst">2349:1285#lconn:2</P>
  </Line>
  <Line LineType="Connection">
    <P Name="ZOrder">9</P>
    <P Name="Src">2349:1295#rconn:2</P>
    <P Name="Dst">2349:1282#rconn:1</P>
  </Line>
  <Line LineType="Connection">
    <P Name="ZOrder">12</P>
    <P Name="Src">2349:1283#lconn:1</P>
    <P Name="Points">[-25, 0]</P>
    <Branch ConnectType="DEST_SRC">
      <P Name="Dst">2349:1310#rconn:1</P>
    </Branch>
    <Branch ConnectType="DEST_SRC">
      <P Name="Points">[-1, 0; -1, 45]</P>
      <P Name="Dst">2349:1212#rconn:2</P>
    </Branch>
  </Line>
  <Line LineType="Connection">
    <P Name="ZOrder">16</P>
    <P Name="Src">2349:1284#lconn:1</P>
    <P Name="Dst">2349:1295#lconn:2</P>
  </Line>
  <Line LineType="Connection">
    <P Name="ZOrder">17</P>
    <P Name="Src">2349:1212#rconn:1</P>
    <P Name="Points">[3, 0; 0, -45; 93, 0]</P>
    <P Name="Dst">2349:1285#lconn:1</P>
  </Line>
  <Line LineType="Connection">
    <P Name="ZOrder">18</P>
    <P Name="Src">2349:1204#rconn:2</P>
    <P Name="Points">[15, 0; 0, -15]</P>
    <P Name="Dst">2349:1212#lconn:1</P>
  </Line>
  <Line LineType="Connection">
    <P Name="ZOrder">19</P>
    <P Name="Src">2349:1295#rconn:1</P>
    <P Name="Dst">2349:1297#rconn:1</P>
  </Line>
  <Line LineType="Connection">
    <P Name="ZOrder">22</P>
    <P Name="Src">2349:1295#lconn:1</P>
    <P Name="Dst">2349:1296#rconn:1</P>
  </Line>
  <Line LineType="Connection">
    <P Name="ZOrder">27</P>
    <P Name="Src">2349:1440#lconn:1</P>
    <P Name="Points">[0, -35]</P>
    <P Name="Dst">2349:872#rconn:2</P>
  </Line>
  <Line LineType="Connection">
    <P Name="ZOrder">213</P>
    <P Name="Src">2349:1282#lconn:1</P>
    <P Name="Dst">2349:1214#rconn:1</P>
  </Line>
  <Line LineType="Connection">
    <P Name="ZOrder">184</P>
    <P Name="Src">2349:1310#lconn:1</P>
    <P Name="Points">[-76, 0; 0, 22]</P>
    <Branch ConnectType="DEST_SRC">
      <P Name="Points">[-259, 0; 0, 83]</P>
      <Branch ConnectType="DEST_SRC">
        <P Name="Points">[0, 55]</P>
        <P Name="Dst">2349:1215#lconn:1</P>
      </Branch>
      <Branch ConnectType="DEST_SRC">
        <P Name="Dst">2349:1214#lconn:1</P>
      </Branch>
    </Branch>
    <Branch ConnectType="DEST_SRC">
      <P Name="Points">[0, 23]</P>
      <P Name="Dst">2349:1212#lconn:2</P>
    </Branch>
  </Line>
  <Line>
    <P Name="ZOrder">300</P>
    <P Name="Src">2349:1462#out:1</P>
    <P Name="Points">[-11, 0; 0, -15]</P>
    <P Name="Dst">2349:1514#in:2</P>
  </Line>
  <Line>
    <P Name="ZOrder">446</P>
    <P Name="Src">2349:1580#out:1</P>
    <P Name="Dst">2349:1473#in:1</P>
  </Line>
  <Line>
    <P Name="ZOrder">447</P>
    <P Name="Src">2349:1514#out:1</P>
    <P Name="Dst">2349:1580#in:1</P>
  </Line>
  <Line LineType="Connection">
    <P Name="ZOrder">401</P>
    <P Name="Src">2349:872#rconn:1</P>
    <P Name="Dst">2349:1578#lconn:2</P>
  </Line>
  <Line LineType="Connection">
    <P Name="ZOrder">439</P>
    <P Name="Src">2349:1473#rconn:1</P>
    <P Name="Points">[-7, 0; 0, 36; -102, 0; 0, -71]</P>
    <P Name="Dst">2349:1578#lconn:1</P>
  </Line>
  <Line LineType="Connection">
    <P Name="ZOrder">444</P>
    <P Name="Src">2349:1578#rconn:1</P>
    <P Name="Points">[-16, 0; 19, 0; 0, -30; -258, 0]</P>
    <P Name="Dst">2349:1204#rconn:1</P>
  </Line>
  <Line>
    <P Name="ZOrder">445</P>
    <P Name="Src">2349:1579#out:1</P>
    <P Name="Points">[-15, 0; 0, 15]</P>
    <P Name="Dst">2349:1514#in:1</P>
  </Line>
</System>
