<?xml version="1.0" encoding="utf-8"?>
<System>
  <P Name="Location">[21, 14, 874, 552]</P>
  <Block BlockType="SubSystem" Name="Mount_BrkL_1_RIGID" SID="803">
    <PortCounts lconn="2"/>
    <P Name="Position">[-40, 70, 0, 110]</P>
    <P Name="ZOrder">10</P>
    <Mask>
      <Display/>
    </Mask>
    <System Ref="system_803"/>
  </Block>
  <Block BlockType="Reference" Name="ReferenceFrame" SID="804">
    <PortCounts rconn="1"/>
    <P Name="Position">[-330, 60, -290, 100]</P>
    <P Name="ZOrder">11</P>
    <P Name="LibraryVersion">7.71</P>
    <P Name="SourceBlock">sm_lib/Frames and
Transforms/Reference
Frame</P>
    <P Name="SourceType">Reference
Frame</P>
    <InstanceData>
      <P Name="LogSimulationData">off</P>
    </InstanceData>
  </Block>
  <Block BlockType="SubSystem" Name="Screws MountL BrkL" SID="1330">
    <PortCounts rconn="1"/>
    <P Name="Position">[-170, 142, -125, 188]</P>
    <P Name="ZOrder">55</P>
    <P Name="ContentPreviewEnabled">on</P>
    <System Ref="system_1330"/>
  </Block>
  <Block BlockType="Reference" Name="Transform" SID="805">
    <PortCounts lconn="1" rconn="1"/>
    <P Name="Position">[-170, 60, -130, 100]</P>
    <P Name="ZOrder">12</P>
    <P Name="LibraryVersion">7.71</P>
    <P Name="SourceBlock">sm_lib/Frames and
Transforms/Rigid
Transform</P>
    <P Name="SourceType">Rigid
Transform</P>
    <InstanceData>
      <P Name="LogSimulationData">off</P>
      <P Name="TranslationMethod">Cartesian</P>
      <P Name="TranslationStandardOffset">0</P>
      <P Name="TranslationStandardOffsetUnits">m</P>
      <P Name="TranslationStandardOffset_conf">compiletime</P>
      <P Name="TranslationStandardAxis">+Z</P>
      <P Name="TranslationCartesianOffset">smiData.RigidTransform(203).translation</P>
      <P Name="TranslationCartesianOffsetUnits">m</P>
      <P Name="TranslationCartesianOffset_conf">compiletime</P>
      <P Name="TranslationROffset">0</P>
      <P Name="TranslationROffsetUnits">m</P>
      <P Name="TranslationROffset_conf">compiletime</P>
      <P Name="TranslationZOffset">0</P>
      <P Name="TranslationZOffsetUnits">m</P>
      <P Name="TranslationZOffset_conf">compiletime</P>
      <P Name="TranslationThetaOffset">0</P>
      <P Name="TranslationThetaOffsetUnits">deg</P>
      <P Name="TranslationThetaOffset_conf">compiletime</P>
      <P Name="RotationMethod">ArbitraryAxis</P>
      <P Name="RotationAngleUnits">rad</P>
      <P Name="RotationStandardAxis">+Z</P>
      <P Name="RotationAngle">smiData.RigidTransform(203).angle</P>
      <P Name="RotationAngle_conf">compiletime</P>
      <P Name="RotationArbitraryAxis">smiData.RigidTransform(203).axis</P>
      <P Name="RotationArbitraryAxis_conf">compiletime</P>
      <P Name="FollAlignAxisA">+X</P>
      <P Name="BaseAlignAxisA">+Y</P>
      <P Name="FollAlignAxisB">+Y</P>
      <P Name="BaseAlignAxisB">+Z</P>
      <P Name="RotationSequenceAxes">FollowerAxes</P>
      <P Name="RotationSequence">XYX</P>
      <P Name="RotationSequenceAngles">[0 0 0]</P>
      <P Name="RotationSequenceAnglesUnits">deg</P>
      <P Name="RotationSequenceAngles_conf">compiletime</P>
      <P Name="RotationMatrix">[1 0 0; 0 1 0; 0 0 1]</P>
      <P Name="RotationMatrix_conf">compiletime</P>
      <P Name="Quaternion">[1 0 0 0]</P>
      <P Name="Quaternion_conf">compiletime</P>
    </InstanceData>
  </Block>
  <Block BlockType="PMIOPort" Name="F" SID="806">
    <P Name="Position">[-230, 30, -210, 50]</P>
    <P Name="ZOrder">13</P>
    <P Name="BlockMirror">on</P>
    <P Name="Side">Left</P>
  </Block>
  <Line LineType="Connection">
    <P Name="ZOrder">11</P>
    <P Name="Src">803#lconn:1</P>
    <P Name="Dst">805#rconn:1</P>
  </Line>
  <Line LineType="Connection">
    <P Name="ZOrder">12</P>
    <P Name="Points">[-260, 80; 75, 0]</P>
    <P Name="Dst">805#lconn:1</P>
    <Branch ConnectType="SRC_SRC">
      <P Name="Points">[0, -40]</P>
      <P Name="Dst">806#rconn:1</P>
    </Branch>
    <Branch ConnectType="SRC_DEST">
      <P Name="Src">804#rconn:1</P>
      <P Name="Points">[15, 0]</P>
    </Branch>
  </Line>
  <Line LineType="Connection">
    <P Name="ZOrder">50</P>
    <P Name="Src">1330#rconn:1</P>
    <P Name="Points">[12, 0; 0, -65]</P>
    <P Name="Dst">803#lconn:2</P>
  </Line>
</System>
