<?xml version="1.0" encoding="utf-8"?>
<System>
  <P Name="Location">[-7, -7, 1543, 937]</P>
  <P Name="ZoomFactor">78</P>
  <Block BlockType="SubSystem" Name="Hex_Bolt_M10_1_RIGID" SID="103">
    <PortCounts lconn="1"/>
    <P Name="Position">[235, 90, 275, 130]</P>
    <P Name="ZOrder">4</P>
    <Mask>
      <Display/>
    </Mask>
    <System Ref="system_103"/>
  </Block>
  <Block BlockType="SubSystem" Name="Washer_2_RIGID" SID="127">
    <PortCounts lconn="1"/>
    <P Name="Position">[235, 20, 275, 60]</P>
    <P Name="ZOrder">28</P>
    <Mask>
      <Display/>
    </Mask>
    <System Ref="system_127"/>
  </Block>
  <Block BlockType="PMIOPort" Name="G" SID="1302">
    <P Name="Position">[20, 68, 50, 82]</P>
    <P Name="ZOrder">29</P>
    <P Name="Side">Left</P>
  </Block>
  <Line LineType="Connection">
    <P Name="ZOrder">135</P>
    <P Name="Points">[192, 77; 0, 33; 28, 0]</P>
    <P Name="Dst">103#lconn:1</P>
    <Branch ConnectType="SRC_DEST">
      <P Name="Src">1302#rconn:1</P>
      <P Name="Points">[63, 0; 0, 2; 64, 0]</P>
    </Branch>
    <Branch ConnectType="SRC_SRC">
      <P Name="Points">[0, -37]</P>
      <P Name="Dst">127#lconn:1</P>
    </Branch>
  </Line>
</System>
