<?xml version="1.0" encoding="utf-8"?>
<System>
  <P Name="Location">[-1, -7, 1537, 825]</P>
  <P Name="Open">on</P>
  <P Name="ZoomFactor">160</P>
  <Block BlockType="SubSystem" Name="Aileron_Att_1" SID="4">
    <P Name="Tag">PublishSubsystem</P>
    <PortCounts lconn="4" rconn="1"/>
    <P Name="Position">[835, 23, 920, 282]</P>
    <P Name="ZOrder">88</P>
    <Mask>
      <Display IconOpaque="opaque-with-ports" IconRotate="port" PortRotate="physical">image(&apos;sm_aileron_actuator_aileron_assy_IMAGE.png&apos;);</Display>
    </Mask>
    <System Ref="system_4"/>
  </Block>
  <Block BlockType="SubSystem" Name="Cyl1" SID="18">
    <PortCounts lconn="1" rconn="1"/>
    <P Name="Position">[405, 100, 495, 140]</P>
    <P Name="ZOrder">17</P>
    <Mask>
      <Display IconOpaque="opaque-with-ports" RunInitForIconRedraw="off" IconRotate="port" PortRotate="physical">image(&apos;sm_aileron_actuator_aileron_cylinder_IMAGE.png&apos;);</Display>
    </Mask>
    <System Ref="system_18"/>
  </Block>
  <Block BlockType="SubSystem" Name="Cyl2" SID="36">
    <PortCounts lconn="1" rconn="1"/>
    <P Name="Position">[405, 165, 495, 205]</P>
    <P Name="ZOrder">46</P>
    <Mask>
      <Display IconOpaque="opaque-with-ports" RunInitForIconRedraw="off" IconRotate="port" PortRotate="physical">image(&apos;sm_aileron_actuator_aileron_cylinder_IMAGE.png&apos;);</Display>
    </Mask>
    <System Ref="system_36"/>
  </Block>
  <Block BlockType="SubSystem" Name="Cyl3" SID="54">
    <PortCounts lconn="1" rconn="1"/>
    <P Name="Position">[405, 230, 495, 270]</P>
    <P Name="ZOrder">83</P>
    <Mask>
      <Display IconOpaque="opaque-with-ports" RunInitForIconRedraw="off" IconRotate="port" PortRotate="physical">image(&apos;sm_aileron_actuator_aileron_cylinder_IMAGE.png&apos;);</Display>
    </Mask>
    <System Ref="system_54"/>
  </Block>
  <Block BlockType="Reference" Name="Cyl_MC_ActAil" SID="5">
    <PortCounts lconn="1" rconn="1"/>
    <P Name="Position">[765, 165, 805, 205]</P>
    <P Name="ZOrder">110</P>
    <P Name="LibraryVersion">7.71</P>
    <P Name="SourceBlock">sm_lib/Joints/Cylindrical
Joint</P>
    <P Name="SourceType">Cylindrical
Joint</P>
    <InstanceData>
      <P Name="LogSimulationData">off</P>
      <P Name="JointMode">Normal</P>
      <P Name="SenseConstraintForce">off</P>
      <P Name="SenseConstraintForceX">off</P>
      <P Name="SenseConstraintForceY">off</P>
      <P Name="SenseConstraintForceZ">off</P>
      <P Name="SenseConstraintTorque">off</P>
      <P Name="SenseConstraintTorqueX">off</P>
      <P Name="SenseConstraintTorqueY">off</P>
      <P Name="SenseConstraintTorqueZ">off</P>
      <P Name="SenseTotalForce">off</P>
      <P Name="SenseTotalForceX">off</P>
      <P Name="SenseTotalForceY">off</P>
      <P Name="SenseTotalForceZ">off</P>
      <P Name="SenseTotalTorque">off</P>
      <P Name="SenseTotalTorqueX">off</P>
      <P Name="SenseTotalTorqueY">off</P>
      <P Name="SenseTotalTorqueZ">off</P>
      <P Name="CompositeWrenchDir">FollowerOnBase</P>
      <P Name="CompositeWrenchFrame">BaseFrame</P>
      <P Name="PzEquilibriumPosition">0</P>
      <P Name="PzEquilibriumPositionUnits">m</P>
      <P Name="PzEquilibriumPosition_conf">compiletime</P>
      <P Name="PzSpringStiffness">0</P>
      <P Name="PzSpringStiffnessUnits">N/m</P>
      <P Name="PzSpringStiffness_conf">compiletime</P>
      <P Name="PzDampingCoefficient">0</P>
      <P Name="PzDampingCoefficientUnits">N/(m/s)</P>
      <P Name="PzDampingCoefficient_conf">compiletime</P>
      <P Name="PzTorqueActuationMode">NoTorque</P>
      <P Name="PzMotionActuationMode">ComputedMotion</P>
      <P Name="PzSensePosition">off</P>
      <P Name="PzSenseVelocity">off</P>
      <P Name="PzSenseAcceleration">off</P>
      <P Name="PzSenseTorqueForce">off</P>
      <P Name="PzSenseLowerLimitTorqueForce">off</P>
      <P Name="PzSenseUpperLimitTorqueForce">off</P>
      <P Name="PzLowerLimitSpecify">off</P>
      <P Name="PzLowerLimitBound">-1</P>
      <P Name="PzLowerLimitBoundUnits">m</P>
      <P Name="PzLowerLimitBound_conf">compiletime</P>
      <P Name="PzLowerLimitStiffness">1e6</P>
      <P Name="PzLowerLimitStiffnessUnits">N/m</P>
      <P Name="PzLowerLimitStiffness_conf">compiletime</P>
      <P Name="PzLowerLimitDamping">1e3</P>
      <P Name="PzLowerLimitDampingUnits">N/(m/s)</P>
      <P Name="PzLowerLimitDamping_conf">compiletime</P>
      <P Name="PzLowerLimitTransitionRegionWidth">1e-4</P>
      <P Name="PzLowerLimitTransitionRegionWidthUnits">m</P>
      <P Name="PzLowerLimitTransitionRegionWidth_conf">compiletime</P>
      <P Name="PzUpperLimitSpecify">off</P>
      <P Name="PzUpperLimitBound">1</P>
      <P Name="PzUpperLimitBoundUnits">m</P>
      <P Name="PzUpperLimitBound_conf">compiletime</P>
      <P Name="PzUpperLimitStiffness">1e6</P>
      <P Name="PzUpperLimitStiffnessUnits">N/m</P>
      <P Name="PzUpperLimitStiffness_conf">compiletime</P>
      <P Name="PzUpperLimitDamping">1e3</P>
      <P Name="PzUpperLimitDampingUnits">N/(m/s)</P>
      <P Name="PzUpperLimitDamping_conf">compiletime</P>
      <P Name="PzUpperLimitTransitionRegionWidth">1e-4</P>
      <P Name="PzUpperLimitTransitionRegionWidthUnits">m</P>
      <P Name="PzUpperLimitTransitionRegionWidth_conf">compiletime</P>
      <P Name="PzPositionTargetSpecify">on</P>
      <P Name="PzPositionTargetPriority">Low</P>
      <P Name="PzPositionTargetValue">smiData.CylindricalJoint(5).Pz.Pos</P>
      <P Name="PzPositionTargetValueUnits">m</P>
      <P Name="PzPositionTargetValue_conf">compiletime</P>
      <P Name="PzVelocityTargetSpecify">off</P>
      <P Name="PzVelocityTargetPriority">High</P>
      <P Name="PzVelocityTargetValue">0</P>
      <P Name="PzVelocityTargetValueUnits">m/s</P>
      <P Name="PzVelocityTargetValue_conf">compiletime</P>
      <P Name="RzEquilibriumPosition">0</P>
      <P Name="RzEquilibriumPositionUnits">rad</P>
      <P Name="RzEquilibriumPosition_conf">compiletime</P>
      <P Name="RzSpringStiffness">0</P>
      <P Name="RzSpringStiffnessUnits">N*m/rad</P>
      <P Name="RzSpringStiffness_conf">compiletime</P>
      <P Name="RzDampingCoefficient">0</P>
      <P Name="RzDampingCoefficientUnits">N*m/(rad/s)</P>
      <P Name="RzDampingCoefficient_conf">compiletime</P>
      <P Name="RzTorqueActuationMode">NoTorque</P>
      <P Name="RzMotionActuationMode">ComputedMotion</P>
      <P Name="RzSensePosition">off</P>
      <P Name="RzSenseVelocity">off</P>
      <P Name="RzSenseAcceleration">off</P>
      <P Name="RzSenseTorqueForce">off</P>
      <P Name="RzSenseLowerLimitTorqueForce">off</P>
      <P Name="RzSenseUpperLimitTorqueForce">off</P>
      <P Name="RzLowerLimitSpecify">off</P>
      <P Name="RzLowerLimitBound">-90</P>
      <P Name="RzLowerLimitBoundUnits">deg</P>
      <P Name="RzLowerLimitBound_conf">compiletime</P>
      <P Name="RzLowerLimitStiffness">1e4</P>
      <P Name="RzLowerLimitStiffnessUnits">N*m/deg</P>
      <P Name="RzLowerLimitStiffness_conf">compiletime</P>
      <P Name="RzLowerLimitDamping">10</P>
      <P Name="RzLowerLimitDampingUnits">N*m/(deg/s)</P>
      <P Name="RzLowerLimitDamping_conf">compiletime</P>
      <P Name="RzLowerLimitTransitionRegionWidth">0.1</P>
      <P Name="RzLowerLimitTransitionRegionWidthUnits">deg</P>
      <P Name="RzLowerLimitTransitionRegionWidth_conf">compiletime</P>
      <P Name="RzUpperLimitSpecify">off</P>
      <P Name="RzUpperLimitBound">90</P>
      <P Name="RzUpperLimitBoundUnits">deg</P>
      <P Name="RzUpperLimitBound_conf">compiletime</P>
      <P Name="RzUpperLimitStiffness">1e4</P>
      <P Name="RzUpperLimitStiffnessUnits">N*m/deg</P>
      <P Name="RzUpperLimitStiffness_conf">compiletime</P>
      <P Name="RzUpperLimitDamping">10</P>
      <P Name="RzUpperLimitDampingUnits">N*m/(deg/s)</P>
      <P Name="RzUpperLimitDamping_conf">compiletime</P>
      <P Name="RzUpperLimitTransitionRegionWidth">0.1</P>
      <P Name="RzUpperLimitTransitionRegionWidthUnits">deg</P>
      <P Name="RzUpperLimitTransitionRegionWidth_conf">compiletime</P>
      <P Name="RzPositionTargetSpecify">on</P>
      <P Name="RzPositionTargetPriority">Low</P>
      <P Name="RzPositionTargetValue">smiData.CylindricalJoint(5).Rz.Pos</P>
      <P Name="RzPositionTargetValueUnits">deg</P>
      <P Name="RzPositionTargetValue_conf">compiletime</P>
      <P Name="RzVelocityTargetSpecify">off</P>
      <P Name="RzVelocityTargetPriority">High</P>
      <P Name="RzVelocityTargetValue">0</P>
      <P Name="RzVelocityTargetValueUnits">deg/s</P>
      <P Name="RzVelocityTargetValue_conf">compiletime</P>
    </InstanceData>
  </Block>
  <Block BlockType="Reference" Name="Cyl_MC_BrkLAil" SID="6">
    <PortCounts lconn="1" rconn="2"/>
    <P Name="Position">[315, 45, 355, 85]</P>
    <P Name="ZOrder">91</P>
    <P Name="NameLocation">top</P>
    <P Name="LibraryVersion">7.71</P>
    <P Name="SourceBlock">sm_lib/Joints/Cylindrical
Joint</P>
    <P Name="SourceType">Cylindrical
Joint</P>
    <InstanceData>
      <P Name="LogSimulationData">off</P>
      <P Name="JointMode">Normal</P>
      <P Name="SenseConstraintForce">off</P>
      <P Name="SenseConstraintForceX">off</P>
      <P Name="SenseConstraintForceY">off</P>
      <P Name="SenseConstraintForceZ">off</P>
      <P Name="SenseConstraintTorque">off</P>
      <P Name="SenseConstraintTorqueX">off</P>
      <P Name="SenseConstraintTorqueY">off</P>
      <P Name="SenseConstraintTorqueZ">off</P>
      <P Name="SenseTotalForce">off</P>
      <P Name="SenseTotalForceX">off</P>
      <P Name="SenseTotalForceY">off</P>
      <P Name="SenseTotalForceZ">off</P>
      <P Name="SenseTotalTorque">off</P>
      <P Name="SenseTotalTorqueX">off</P>
      <P Name="SenseTotalTorqueY">off</P>
      <P Name="SenseTotalTorqueZ">off</P>
      <P Name="CompositeWrenchDir">FollowerOnBase</P>
      <P Name="CompositeWrenchFrame">BaseFrame</P>
      <P Name="PzEquilibriumPosition">0</P>
      <P Name="PzEquilibriumPositionUnits">m</P>
      <P Name="PzEquilibriumPosition_conf">compiletime</P>
      <P Name="PzSpringStiffness">0</P>
      <P Name="PzSpringStiffnessUnits">N/m</P>
      <P Name="PzSpringStiffness_conf">compiletime</P>
      <P Name="PzDampingCoefficient">0</P>
      <P Name="PzDampingCoefficientUnits">N/(m/s)</P>
      <P Name="PzDampingCoefficient_conf">compiletime</P>
      <P Name="PzTorqueActuationMode">NoTorque</P>
      <P Name="PzMotionActuationMode">ComputedMotion</P>
      <P Name="PzSensePosition">off</P>
      <P Name="PzSenseVelocity">off</P>
      <P Name="PzSenseAcceleration">off</P>
      <P Name="PzSenseTorqueForce">off</P>
      <P Name="PzSenseLowerLimitTorqueForce">off</P>
      <P Name="PzSenseUpperLimitTorqueForce">off</P>
      <P Name="PzLowerLimitSpecify">off</P>
      <P Name="PzLowerLimitBound">-1</P>
      <P Name="PzLowerLimitBoundUnits">m</P>
      <P Name="PzLowerLimitBound_conf">compiletime</P>
      <P Name="PzLowerLimitStiffness">1e6</P>
      <P Name="PzLowerLimitStiffnessUnits">N/m</P>
      <P Name="PzLowerLimitStiffness_conf">compiletime</P>
      <P Name="PzLowerLimitDamping">1e3</P>
      <P Name="PzLowerLimitDampingUnits">N/(m/s)</P>
      <P Name="PzLowerLimitDamping_conf">compiletime</P>
      <P Name="PzLowerLimitTransitionRegionWidth">1e-4</P>
      <P Name="PzLowerLimitTransitionRegionWidthUnits">m</P>
      <P Name="PzLowerLimitTransitionRegionWidth_conf">compiletime</P>
      <P Name="PzUpperLimitSpecify">off</P>
      <P Name="PzUpperLimitBound">1</P>
      <P Name="PzUpperLimitBoundUnits">m</P>
      <P Name="PzUpperLimitBound_conf">compiletime</P>
      <P Name="PzUpperLimitStiffness">1e6</P>
      <P Name="PzUpperLimitStiffnessUnits">N/m</P>
      <P Name="PzUpperLimitStiffness_conf">compiletime</P>
      <P Name="PzUpperLimitDamping">1e3</P>
      <P Name="PzUpperLimitDampingUnits">N/(m/s)</P>
      <P Name="PzUpperLimitDamping_conf">compiletime</P>
      <P Name="PzUpperLimitTransitionRegionWidth">1e-4</P>
      <P Name="PzUpperLimitTransitionRegionWidthUnits">m</P>
      <P Name="PzUpperLimitTransitionRegionWidth_conf">compiletime</P>
      <P Name="PzPositionTargetSpecify">on</P>
      <P Name="PzPositionTargetPriority">Low</P>
      <P Name="PzPositionTargetValue">smiData.CylindricalJoint(4).Pz.Pos</P>
      <P Name="PzPositionTargetValueUnits">m</P>
      <P Name="PzPositionTargetValue_conf">compiletime</P>
      <P Name="PzVelocityTargetSpecify">off</P>
      <P Name="PzVelocityTargetPriority">High</P>
      <P Name="PzVelocityTargetValue">0</P>
      <P Name="PzVelocityTargetValueUnits">m/s</P>
      <P Name="PzVelocityTargetValue_conf">compiletime</P>
      <P Name="RzEquilibriumPosition">0</P>
      <P Name="RzEquilibriumPositionUnits">rad</P>
      <P Name="RzEquilibriumPosition_conf">compiletime</P>
      <P Name="RzSpringStiffness">0</P>
      <P Name="RzSpringStiffnessUnits">N*m/rad</P>
      <P Name="RzSpringStiffness_conf">compiletime</P>
      <P Name="RzDampingCoefficient">0</P>
      <P Name="RzDampingCoefficientUnits">N*m/(rad/s)</P>
      <P Name="RzDampingCoefficient_conf">compiletime</P>
      <P Name="RzTorqueActuationMode">NoTorque</P>
      <P Name="RzMotionActuationMode">ComputedMotion</P>
      <P Name="RzSensePosition">on</P>
      <P Name="RzSenseVelocity">off</P>
      <P Name="RzSenseAcceleration">off</P>
      <P Name="RzSenseTorqueForce">off</P>
      <P Name="RzSenseLowerLimitTorqueForce">off</P>
      <P Name="RzSenseUpperLimitTorqueForce">off</P>
      <P Name="RzLowerLimitSpecify">off</P>
      <P Name="RzLowerLimitBound">-90</P>
      <P Name="RzLowerLimitBoundUnits">deg</P>
      <P Name="RzLowerLimitBound_conf">compiletime</P>
      <P Name="RzLowerLimitStiffness">1e4</P>
      <P Name="RzLowerLimitStiffnessUnits">N*m/deg</P>
      <P Name="RzLowerLimitStiffness_conf">compiletime</P>
      <P Name="RzLowerLimitDamping">10</P>
      <P Name="RzLowerLimitDampingUnits">N*m/(deg/s)</P>
      <P Name="RzLowerLimitDamping_conf">compiletime</P>
      <P Name="RzLowerLimitTransitionRegionWidth">0.1</P>
      <P Name="RzLowerLimitTransitionRegionWidthUnits">deg</P>
      <P Name="RzLowerLimitTransitionRegionWidth_conf">compiletime</P>
      <P Name="RzUpperLimitSpecify">off</P>
      <P Name="RzUpperLimitBound">90</P>
      <P Name="RzUpperLimitBoundUnits">deg</P>
      <P Name="RzUpperLimitBound_conf">compiletime</P>
      <P Name="RzUpperLimitStiffness">1e4</P>
      <P Name="RzUpperLimitStiffnessUnits">N*m/deg</P>
      <P Name="RzUpperLimitStiffness_conf">compiletime</P>
      <P Name="RzUpperLimitDamping">10</P>
      <P Name="RzUpperLimitDampingUnits">N*m/(deg/s)</P>
      <P Name="RzUpperLimitDamping_conf">compiletime</P>
      <P Name="RzUpperLimitTransitionRegionWidth">0.1</P>
      <P Name="RzUpperLimitTransitionRegionWidthUnits">deg</P>
      <P Name="RzUpperLimitTransitionRegionWidth_conf">compiletime</P>
      <P Name="RzPositionTargetSpecify">on</P>
      <P Name="RzPositionTargetPriority">Low</P>
      <P Name="RzPositionTargetValue">smiData.CylindricalJoint(4).Rz.Pos</P>
      <P Name="RzPositionTargetValueUnits">deg</P>
      <P Name="RzPositionTargetValue_conf">compiletime</P>
      <P Name="RzVelocityTargetSpecify">off</P>
      <P Name="RzVelocityTargetPriority">High</P>
      <P Name="RzVelocityTargetValue">0</P>
      <P Name="RzVelocityTargetValueUnits">deg/s</P>
      <P Name="RzVelocityTargetValue_conf">compiletime</P>
    </InstanceData>
  </Block>
  <Block BlockType="Reference" Name="Cyl_ML_ActAil" SID="7">
    <PortCounts lconn="1" rconn="1"/>
    <P Name="Position">[765, 230, 805, 270]</P>
    <P Name="ZOrder">111</P>
    <P Name="LibraryVersion">7.71</P>
    <P Name="SourceBlock">sm_lib/Joints/Cylindrical
Joint</P>
    <P Name="SourceType">Cylindrical
Joint</P>
    <InstanceData>
      <P Name="LogSimulationData">off</P>
      <P Name="JointMode">Normal</P>
      <P Name="SenseConstraintForce">off</P>
      <P Name="SenseConstraintForceX">off</P>
      <P Name="SenseConstraintForceY">off</P>
      <P Name="SenseConstraintForceZ">off</P>
      <P Name="SenseConstraintTorque">off</P>
      <P Name="SenseConstraintTorqueX">off</P>
      <P Name="SenseConstraintTorqueY">off</P>
      <P Name="SenseConstraintTorqueZ">off</P>
      <P Name="SenseTotalForce">off</P>
      <P Name="SenseTotalForceX">off</P>
      <P Name="SenseTotalForceY">off</P>
      <P Name="SenseTotalForceZ">off</P>
      <P Name="SenseTotalTorque">off</P>
      <P Name="SenseTotalTorqueX">off</P>
      <P Name="SenseTotalTorqueY">off</P>
      <P Name="SenseTotalTorqueZ">off</P>
      <P Name="CompositeWrenchDir">FollowerOnBase</P>
      <P Name="CompositeWrenchFrame">BaseFrame</P>
      <P Name="PzEquilibriumPosition">0</P>
      <P Name="PzEquilibriumPositionUnits">m</P>
      <P Name="PzEquilibriumPosition_conf">compiletime</P>
      <P Name="PzSpringStiffness">0</P>
      <P Name="PzSpringStiffnessUnits">N/m</P>
      <P Name="PzSpringStiffness_conf">compiletime</P>
      <P Name="PzDampingCoefficient">0</P>
      <P Name="PzDampingCoefficientUnits">N/(m/s)</P>
      <P Name="PzDampingCoefficient_conf">compiletime</P>
      <P Name="PzTorqueActuationMode">NoTorque</P>
      <P Name="PzMotionActuationMode">ComputedMotion</P>
      <P Name="PzSensePosition">off</P>
      <P Name="PzSenseVelocity">off</P>
      <P Name="PzSenseAcceleration">off</P>
      <P Name="PzSenseTorqueForce">off</P>
      <P Name="PzSenseLowerLimitTorqueForce">off</P>
      <P Name="PzSenseUpperLimitTorqueForce">off</P>
      <P Name="PzLowerLimitSpecify">off</P>
      <P Name="PzLowerLimitBound">-0.001</P>
      <P Name="PzLowerLimitBoundUnits">m</P>
      <P Name="PzLowerLimitBound_conf">compiletime</P>
      <P Name="PzLowerLimitStiffness">1e6</P>
      <P Name="PzLowerLimitStiffnessUnits">N/m</P>
      <P Name="PzLowerLimitStiffness_conf">compiletime</P>
      <P Name="PzLowerLimitDamping">1e3</P>
      <P Name="PzLowerLimitDampingUnits">N/(m/s)</P>
      <P Name="PzLowerLimitDamping_conf">compiletime</P>
      <P Name="PzLowerLimitTransitionRegionWidth">1e-4</P>
      <P Name="PzLowerLimitTransitionRegionWidthUnits">m</P>
      <P Name="PzLowerLimitTransitionRegionWidth_conf">compiletime</P>
      <P Name="PzUpperLimitSpecify">off</P>
      <P Name="PzUpperLimitBound">0.001</P>
      <P Name="PzUpperLimitBoundUnits">m</P>
      <P Name="PzUpperLimitBound_conf">compiletime</P>
      <P Name="PzUpperLimitStiffness">1e6</P>
      <P Name="PzUpperLimitStiffnessUnits">N/m</P>
      <P Name="PzUpperLimitStiffness_conf">compiletime</P>
      <P Name="PzUpperLimitDamping">1e3</P>
      <P Name="PzUpperLimitDampingUnits">N/(m/s)</P>
      <P Name="PzUpperLimitDamping_conf">compiletime</P>
      <P Name="PzUpperLimitTransitionRegionWidth">1e-4</P>
      <P Name="PzUpperLimitTransitionRegionWidthUnits">m</P>
      <P Name="PzUpperLimitTransitionRegionWidth_conf">compiletime</P>
      <P Name="PzPositionTargetSpecify">on</P>
      <P Name="PzPositionTargetPriority">Low</P>
      <P Name="PzPositionTargetValue">smiData.CylindricalJoint(6).Pz.Pos</P>
      <P Name="PzPositionTargetValueUnits">m</P>
      <P Name="PzPositionTargetValue_conf">compiletime</P>
      <P Name="PzVelocityTargetSpecify">off</P>
      <P Name="PzVelocityTargetPriority">High</P>
      <P Name="PzVelocityTargetValue">0</P>
      <P Name="PzVelocityTargetValueUnits">m/s</P>
      <P Name="PzVelocityTargetValue_conf">compiletime</P>
      <P Name="RzEquilibriumPosition">0</P>
      <P Name="RzEquilibriumPositionUnits">rad</P>
      <P Name="RzEquilibriumPosition_conf">compiletime</P>
      <P Name="RzSpringStiffness">0</P>
      <P Name="RzSpringStiffnessUnits">N*m/rad</P>
      <P Name="RzSpringStiffness_conf">compiletime</P>
      <P Name="RzDampingCoefficient">0</P>
      <P Name="RzDampingCoefficientUnits">N*m/(rad/s)</P>
      <P Name="RzDampingCoefficient_conf">compiletime</P>
      <P Name="RzTorqueActuationMode">NoTorque</P>
      <P Name="RzMotionActuationMode">ComputedMotion</P>
      <P Name="RzSensePosition">off</P>
      <P Name="RzSenseVelocity">off</P>
      <P Name="RzSenseAcceleration">off</P>
      <P Name="RzSenseTorqueForce">off</P>
      <P Name="RzSenseLowerLimitTorqueForce">off</P>
      <P Name="RzSenseUpperLimitTorqueForce">off</P>
      <P Name="RzLowerLimitSpecify">off</P>
      <P Name="RzLowerLimitBound">-90</P>
      <P Name="RzLowerLimitBoundUnits">deg</P>
      <P Name="RzLowerLimitBound_conf">compiletime</P>
      <P Name="RzLowerLimitStiffness">1e4</P>
      <P Name="RzLowerLimitStiffnessUnits">N*m/deg</P>
      <P Name="RzLowerLimitStiffness_conf">compiletime</P>
      <P Name="RzLowerLimitDamping">10</P>
      <P Name="RzLowerLimitDampingUnits">N*m/(deg/s)</P>
      <P Name="RzLowerLimitDamping_conf">compiletime</P>
      <P Name="RzLowerLimitTransitionRegionWidth">0.1</P>
      <P Name="RzLowerLimitTransitionRegionWidthUnits">deg</P>
      <P Name="RzLowerLimitTransitionRegionWidth_conf">compiletime</P>
      <P Name="RzUpperLimitSpecify">off</P>
      <P Name="RzUpperLimitBound">90</P>
      <P Name="RzUpperLimitBoundUnits">deg</P>
      <P Name="RzUpperLimitBound_conf">compiletime</P>
      <P Name="RzUpperLimitStiffness">1e4</P>
      <P Name="RzUpperLimitStiffnessUnits">N*m/deg</P>
      <P Name="RzUpperLimitStiffness_conf">compiletime</P>
      <P Name="RzUpperLimitDamping">10</P>
      <P Name="RzUpperLimitDampingUnits">N*m/(deg/s)</P>
      <P Name="RzUpperLimitDamping_conf">compiletime</P>
      <P Name="RzUpperLimitTransitionRegionWidth">0.1</P>
      <P Name="RzUpperLimitTransitionRegionWidthUnits">deg</P>
      <P Name="RzUpperLimitTransitionRegionWidth_conf">compiletime</P>
      <P Name="RzPositionTargetSpecify">on</P>
      <P Name="RzPositionTargetPriority">Low</P>
      <P Name="RzPositionTargetValue">smiData.CylindricalJoint(6).Rz.Pos</P>
      <P Name="RzPositionTargetValueUnits">deg</P>
      <P Name="RzPositionTargetValue_conf">compiletime</P>
      <P Name="RzVelocityTargetSpecify">off</P>
      <P Name="RzVelocityTargetPriority">High</P>
      <P Name="RzVelocityTargetValue">0</P>
      <P Name="RzVelocityTargetValueUnits">deg/s</P>
      <P Name="RzVelocityTargetValue_conf">compiletime</P>
    </InstanceData>
  </Block>
  <Block BlockType="SubSystem" Name="MountBrackets_1" SID="9">
    <PortCounts rconn="4"/>
    <P Name="Position">[190, 24, 275, 281]</P>
    <P Name="ZOrder">94</P>
    <Mask>
      <Display IconOpaque="opaque-with-ports" RunInitForIconRedraw="off" IconRotate="port" PortRotate="physical">image(&apos;sm_aileron_actuator_aileron_mounts_all_IMAGE.png&apos;);</Display>
    </Mask>
    <System Ref="system_9"/>
  </Block>
  <Block BlockType="Reference" Name="PS-Simulink&#xA;Converter" SID="1085">
    <PortCounts out="1" lconn="1"/>
    <P Name="Position">[395, 70, 410, 80]</P>
    <P Name="ZOrder">107</P>
    <P Name="ShowName">off</P>
    <P Name="LibraryVersion">7.0</P>
    <P Name="FontSize">9</P>
    <P Name="SourceBlock">nesl_utility/PS-Simulink
Converter</P>
    <P Name="SourceType">PS-Simulink
Converter</P>
    <InstanceData>
      <P Name="RTWMemSecFuncInitTerm">Inherit from model</P>
      <P Name="RTWMemSecFuncExecute">Inherit from model</P>
      <P Name="RTWMemSecDataConstants">Inherit from model</P>
      <P Name="RTWMemSecDataInternal">Inherit from model</P>
      <P Name="RTWMemSecDataParameters">Inherit from model</P>
      <P Name="ContentPreviewEnabled">on</P>
      <P Name="PhysicalDomain">network_engine_domain</P>
      <P Name="SubClassName">ps_output</P>
      <P Name="LeftPortType">input</P>
      <P Name="RightPortType">output</P>
      <P Name="PseudoPeriodic">off</P>
      <P Name="Frequencies">[]</P>
      <P Name="VectorFormat">1-D array</P>
      <P Name="Unit">deg</P>
      <P Name="AffineConversion">off</P>
    </InstanceData>
  </Block>
  <Block BlockType="Reference" Name="PS-Simulink&#xA;Converter1" SID="2542">
    <PortCounts out="1" lconn="1"/>
    <P Name="Position">[355, 317, 370, 333]</P>
    <P Name="ZOrder">58876</P>
    <P Name="LibraryVersion">7.0</P>
    <P Name="SourceBlock">nesl_utility/PS-Simulink
Converter</P>
    <P Name="SourceType">PS-Simulink
Converter</P>
    <InstanceData>
      <P Name="RTWMemSecFuncInitTerm">Inherit from model</P>
      <P Name="RTWMemSecFuncExecute">Inherit from model</P>
      <P Name="RTWMemSecDataConstants">Inherit from model</P>
      <P Name="RTWMemSecDataInternal">Inherit from model</P>
      <P Name="RTWMemSecDataParameters">Inherit from model</P>
      <P Name="ContentPreviewEnabled">on</P>
      <P Name="PhysicalDomain">network_engine_domain</P>
      <P Name="SubClassName">ps_output</P>
      <P Name="LeftPortType">input</P>
      <P Name="RightPortType">output</P>
      <P Name="PseudoPeriodic">off</P>
      <P Name="Frequencies">[]</P>
      <P Name="VectorFormat">inherit</P>
      <P Name="Unit">inherit</P>
      <P Name="AffineConversion">off</P>
    </InstanceData>
  </Block>
  <Block BlockType="Reference" Name="PS-Simulink&#xA;Converter2" SID="2543">
    <PortCounts out="1" lconn="1"/>
    <P Name="Position">[355, 332, 370, 348]</P>
    <P Name="ZOrder">58877</P>
    <P Name="LibraryVersion">7.0</P>
    <P Name="SourceBlock">nesl_utility/PS-Simulink
Converter</P>
    <P Name="SourceType">PS-Simulink
Converter</P>
    <InstanceData>
      <P Name="RTWMemSecFuncInitTerm">Inherit from model</P>
      <P Name="RTWMemSecFuncExecute">Inherit from model</P>
      <P Name="RTWMemSecDataConstants">Inherit from model</P>
      <P Name="RTWMemSecDataInternal">Inherit from model</P>
      <P Name="RTWMemSecDataParameters">Inherit from model</P>
      <P Name="ContentPreviewEnabled">on</P>
      <P Name="PhysicalDomain">network_engine_domain</P>
      <P Name="SubClassName">ps_output</P>
      <P Name="LeftPortType">input</P>
      <P Name="RightPortType">output</P>
      <P Name="PseudoPeriodic">off</P>
      <P Name="Frequencies">[]</P>
      <P Name="VectorFormat">inherit</P>
      <P Name="Unit">inherit</P>
      <P Name="AffineConversion">off</P>
    </InstanceData>
  </Block>
  <Block BlockType="Reference" Name="PS-Simulink&#xA;Converter3" SID="2544">
    <PortCounts out="1" lconn="1"/>
    <P Name="Position">[355, 347, 370, 363]</P>
    <P Name="ZOrder">58878</P>
    <P Name="LibraryVersion">7.0</P>
    <P Name="SourceBlock">nesl_utility/PS-Simulink
Converter</P>
    <P Name="SourceType">PS-Simulink
Converter</P>
    <InstanceData>
      <P Name="RTWMemSecFuncInitTerm">Inherit from model</P>
      <P Name="RTWMemSecFuncExecute">Inherit from model</P>
      <P Name="RTWMemSecDataConstants">Inherit from model</P>
      <P Name="RTWMemSecDataInternal">Inherit from model</P>
      <P Name="RTWMemSecDataParameters">Inherit from model</P>
      <P Name="ContentPreviewEnabled">on</P>
      <P Name="PhysicalDomain">network_engine_domain</P>
      <P Name="SubClassName">ps_output</P>
      <P Name="LeftPortType">input</P>
      <P Name="RightPortType">output</P>
      <P Name="PseudoPeriodic">off</P>
      <P Name="Frequencies">[]</P>
      <P Name="VectorFormat">inherit</P>
      <P Name="Unit">inherit</P>
      <P Name="AffineConversion">off</P>
    </InstanceData>
  </Block>
  <Block BlockType="SubSystem" Name="Piston1" SID="19">
    <PortCounts lconn="1" rconn="1"/>
    <P Name="Position">[615, 100, 705, 140]</P>
    <P Name="ZOrder">18</P>
    <Mask>
      <Display IconOpaque="opaque-with-ports" RunInitForIconRedraw="off" IconRotate="port">image(&apos;sm_aileron_actuator_aileron_piston_IMAGE.png&apos;);</Display>
    </Mask>
    <System Ref="system_19"/>
  </Block>
  <Block BlockType="SubSystem" Name="Piston2" SID="37">
    <PortCounts lconn="1" rconn="1"/>
    <P Name="Position">[615, 165, 705, 205]</P>
    <P Name="ZOrder">47</P>
    <Mask>
      <Display IconOpaque="opaque-with-ports" RunInitForIconRedraw="off" IconRotate="port">image(&apos;sm_aileron_actuator_aileron_piston_IMAGE.png&apos;);</Display>
    </Mask>
    <System Ref="system_37"/>
  </Block>
  <Block BlockType="SubSystem" Name="Piston3" SID="55">
    <PortCounts lconn="1" rconn="1"/>
    <P Name="Position">[615, 230, 705, 270]</P>
    <P Name="ZOrder">84</P>
    <Mask>
      <Display IconOpaque="opaque-with-ports" RunInitForIconRedraw="off" IconRotate="port" PortRotate="physical">image(&apos;sm_aileron_actuator_aileron_piston_IMAGE.png&apos;);</Display>
    </Mask>
    <System Ref="system_55"/>
  </Block>
  <Block BlockType="Reference" Name="Rev_MC_ActMount" SID="10">
    <PortCounts lconn="1" rconn="2"/>
    <P Name="Position">[315, 165, 355, 205]</P>
    <P Name="ZOrder">97</P>
    <P Name="LibraryVersion">7.71</P>
    <P Name="SourceBlock">sm_lib/Joints/Revolute Joint</P>
    <P Name="SourceType">Revolute Joint</P>
    <InstanceData>
      <P Name="LogSimulationData">off</P>
      <P Name="JointMode">Normal</P>
      <P Name="SenseConstraintForce">off</P>
      <P Name="SenseConstraintForceX">off</P>
      <P Name="SenseConstraintForceY">off</P>
      <P Name="SenseConstraintForceZ">off</P>
      <P Name="SenseConstraintTorque">off</P>
      <P Name="SenseConstraintTorqueX">off</P>
      <P Name="SenseConstraintTorqueY">off</P>
      <P Name="SenseConstraintTorqueZ">off</P>
      <P Name="SenseTotalForce">off</P>
      <P Name="SenseTotalForceX">off</P>
      <P Name="SenseTotalForceY">off</P>
      <P Name="SenseTotalForceZ">off</P>
      <P Name="SenseTotalTorque">off</P>
      <P Name="SenseTotalTorqueX">off</P>
      <P Name="SenseTotalTorqueY">off</P>
      <P Name="SenseTotalTorqueZ">off</P>
      <P Name="CompositeWrenchDir">FollowerOnBase</P>
      <P Name="CompositeWrenchFrame">BaseFrame</P>
      <P Name="EquilibriumPosition">0</P>
      <P Name="EquilibriumPositionUnits">rad</P>
      <P Name="EquilibriumPosition_conf">compiletime</P>
      <P Name="SpringStiffness">0</P>
      <P Name="SpringStiffnessUnits">N*m/rad</P>
      <P Name="SpringStiffness_conf">compiletime</P>
      <P Name="DampingCoefficient">0</P>
      <P Name="DampingCoefficientUnits">N*m/(rad/s)</P>
      <P Name="DampingCoefficient_conf">compiletime</P>
      <P Name="TorqueActuationMode">NoTorque</P>
      <P Name="MotionActuationMode">ComputedMotion</P>
      <P Name="SensePosition">on</P>
      <P Name="SenseVelocity">off</P>
      <P Name="SenseAcceleration">off</P>
      <P Name="SenseTorqueForce">off</P>
      <P Name="SenseLowerLimitTorqueForce">off</P>
      <P Name="SenseUpperLimitTorqueForce">off</P>
      <P Name="LowerLimitSpecify">off</P>
      <P Name="LowerLimitBound">-90</P>
      <P Name="LowerLimitBoundUnits">deg</P>
      <P Name="LowerLimitBound_conf">compiletime</P>
      <P Name="LowerLimitStiffness">1e4</P>
      <P Name="LowerLimitStiffnessUnits">N*m/deg</P>
      <P Name="LowerLimitStiffness_conf">compiletime</P>
      <P Name="LowerLimitDamping">10</P>
      <P Name="LowerLimitDampingUnits">N*m/(deg/s)</P>
      <P Name="LowerLimitDamping_conf">compiletime</P>
      <P Name="LowerLimitTransitionRegionWidth">0.1</P>
      <P Name="LowerLimitTransitionRegionWidthUnits">deg</P>
      <P Name="LowerLimitTransitionRegionWidth_conf">compiletime</P>
      <P Name="UpperLimitSpecify">on</P>
      <P Name="UpperLimitBound">90</P>
      <P Name="UpperLimitBoundUnits">deg</P>
      <P Name="UpperLimitBound_conf">compiletime</P>
      <P Name="UpperLimitStiffness">1e4</P>
      <P Name="UpperLimitStiffnessUnits">N*m/deg</P>
      <P Name="UpperLimitStiffness_conf">compiletime</P>
      <P Name="UpperLimitDamping">10</P>
      <P Name="UpperLimitDampingUnits">N*m/(deg/s)</P>
      <P Name="UpperLimitDamping_conf">compiletime</P>
      <P Name="UpperLimitTransitionRegionWidth">0.1</P>
      <P Name="UpperLimitTransitionRegionWidthUnits">deg</P>
      <P Name="UpperLimitTransitionRegionWidth_conf">compiletime</P>
      <P Name="PositionTargetSpecify">on</P>
      <P Name="PositionTargetPriority">Low</P>
      <P Name="PositionTargetValue">smiData.RevoluteJoint(3).Rz.Pos</P>
      <P Name="PositionTargetValueUnits">deg</P>
      <P Name="PositionTargetValue_conf">compiletime</P>
      <P Name="VelocityTargetSpecify">off</P>
      <P Name="VelocityTargetPriority">High</P>
      <P Name="VelocityTargetValue">0</P>
      <P Name="VelocityTargetValueUnits">deg/s</P>
      <P Name="VelocityTargetValue_conf">compiletime</P>
    </InstanceData>
  </Block>
  <Block BlockType="Reference" Name="Rev_ML_ActMount" SID="11">
    <PortCounts lconn="1" rconn="2"/>
    <P Name="Position">[315, 230, 355, 270]</P>
    <P Name="ZOrder">98</P>
    <P Name="LibraryVersion">7.71</P>
    <P Name="SourceBlock">sm_lib/Joints/Revolute Joint</P>
    <P Name="SourceType">Revolute Joint</P>
    <InstanceData>
      <P Name="LogSimulationData">off</P>
      <P Name="JointMode">Normal</P>
      <P Name="SenseConstraintForce">off</P>
      <P Name="SenseConstraintForceX">off</P>
      <P Name="SenseConstraintForceY">off</P>
      <P Name="SenseConstraintForceZ">off</P>
      <P Name="SenseConstraintTorque">off</P>
      <P Name="SenseConstraintTorqueX">off</P>
      <P Name="SenseConstraintTorqueY">off</P>
      <P Name="SenseConstraintTorqueZ">off</P>
      <P Name="SenseTotalForce">off</P>
      <P Name="SenseTotalForceX">off</P>
      <P Name="SenseTotalForceY">off</P>
      <P Name="SenseTotalForceZ">off</P>
      <P Name="SenseTotalTorque">off</P>
      <P Name="SenseTotalTorqueX">off</P>
      <P Name="SenseTotalTorqueY">off</P>
      <P Name="SenseTotalTorqueZ">off</P>
      <P Name="CompositeWrenchDir">FollowerOnBase</P>
      <P Name="CompositeWrenchFrame">BaseFrame</P>
      <P Name="EquilibriumPosition">0</P>
      <P Name="EquilibriumPositionUnits">rad</P>
      <P Name="EquilibriumPosition_conf">compiletime</P>
      <P Name="SpringStiffness">0</P>
      <P Name="SpringStiffnessUnits">N*m/rad</P>
      <P Name="SpringStiffness_conf">compiletime</P>
      <P Name="DampingCoefficient">0</P>
      <P Name="DampingCoefficientUnits">N*m/(rad/s)</P>
      <P Name="DampingCoefficient_conf">compiletime</P>
      <P Name="TorqueActuationMode">NoTorque</P>
      <P Name="MotionActuationMode">ComputedMotion</P>
      <P Name="SensePosition">on</P>
      <P Name="SenseVelocity">off</P>
      <P Name="SenseAcceleration">off</P>
      <P Name="SenseTorqueForce">off</P>
      <P Name="SenseLowerLimitTorqueForce">off</P>
      <P Name="SenseUpperLimitTorqueForce">off</P>
      <P Name="LowerLimitSpecify">off</P>
      <P Name="LowerLimitBound">-80</P>
      <P Name="LowerLimitBoundUnits">deg</P>
      <P Name="LowerLimitBound_conf">compiletime</P>
      <P Name="LowerLimitStiffness">1e4</P>
      <P Name="LowerLimitStiffnessUnits">N*m/deg</P>
      <P Name="LowerLimitStiffness_conf">compiletime</P>
      <P Name="LowerLimitDamping">10</P>
      <P Name="LowerLimitDampingUnits">N*m/(deg/s)</P>
      <P Name="LowerLimitDamping_conf">compiletime</P>
      <P Name="LowerLimitTransitionRegionWidth">0.1</P>
      <P Name="LowerLimitTransitionRegionWidthUnits">deg</P>
      <P Name="LowerLimitTransitionRegionWidth_conf">compiletime</P>
      <P Name="UpperLimitSpecify">off</P>
      <P Name="UpperLimitBound">15</P>
      <P Name="UpperLimitBoundUnits">deg</P>
      <P Name="UpperLimitBound_conf">compiletime</P>
      <P Name="UpperLimitStiffness">1e4</P>
      <P Name="UpperLimitStiffnessUnits">N*m/deg</P>
      <P Name="UpperLimitStiffness_conf">compiletime</P>
      <P Name="UpperLimitDamping">10</P>
      <P Name="UpperLimitDampingUnits">N*m/(deg/s)</P>
      <P Name="UpperLimitDamping_conf">compiletime</P>
      <P Name="UpperLimitTransitionRegionWidth">0.1</P>
      <P Name="UpperLimitTransitionRegionWidthUnits">deg</P>
      <P Name="UpperLimitTransitionRegionWidth_conf">compiletime</P>
      <P Name="PositionTargetSpecify">on</P>
      <P Name="PositionTargetPriority">Low</P>
      <P Name="PositionTargetValue">smiData.RevoluteJoint(4).Rz.Pos</P>
      <P Name="PositionTargetValueUnits">deg</P>
      <P Name="PositionTargetValue_conf">compiletime</P>
      <P Name="VelocityTargetSpecify">off</P>
      <P Name="VelocityTargetPriority">High</P>
      <P Name="VelocityTargetValue">0</P>
      <P Name="VelocityTargetValueUnits">deg/s</P>
      <P Name="VelocityTargetValue_conf">compiletime</P>
    </InstanceData>
  </Block>
  <Block BlockType="Reference" Name="Rev_MR_ActAil" SID="12">
    <PortCounts lconn="1" rconn="1"/>
    <P Name="Position">[765, 100, 805, 140]</P>
    <P Name="ZOrder">140</P>
    <P Name="LibraryVersion">7.71</P>
    <P Name="SourceBlock">sm_lib/Joints/Revolute Joint</P>
    <P Name="SourceType">Revolute Joint</P>
    <InstanceData>
      <P Name="LogSimulationData">off</P>
      <P Name="JointMode">Normal</P>
      <P Name="SenseConstraintForce">off</P>
      <P Name="SenseConstraintForceX">off</P>
      <P Name="SenseConstraintForceY">off</P>
      <P Name="SenseConstraintForceZ">off</P>
      <P Name="SenseConstraintTorque">off</P>
      <P Name="SenseConstraintTorqueX">off</P>
      <P Name="SenseConstraintTorqueY">off</P>
      <P Name="SenseConstraintTorqueZ">off</P>
      <P Name="SenseTotalForce">off</P>
      <P Name="SenseTotalForceX">off</P>
      <P Name="SenseTotalForceY">off</P>
      <P Name="SenseTotalForceZ">off</P>
      <P Name="SenseTotalTorque">off</P>
      <P Name="SenseTotalTorqueX">off</P>
      <P Name="SenseTotalTorqueY">off</P>
      <P Name="SenseTotalTorqueZ">off</P>
      <P Name="CompositeWrenchDir">FollowerOnBase</P>
      <P Name="CompositeWrenchFrame">BaseFrame</P>
      <P Name="EquilibriumPosition">0</P>
      <P Name="EquilibriumPositionUnits">rad</P>
      <P Name="EquilibriumPosition_conf">compiletime</P>
      <P Name="SpringStiffness">0</P>
      <P Name="SpringStiffnessUnits">N*m/rad</P>
      <P Name="SpringStiffness_conf">compiletime</P>
      <P Name="DampingCoefficient">0</P>
      <P Name="DampingCoefficientUnits">N*m/(rad/s)</P>
      <P Name="DampingCoefficient_conf">compiletime</P>
      <P Name="TorqueActuationMode">NoTorque</P>
      <P Name="MotionActuationMode">ComputedMotion</P>
      <P Name="SensePosition">off</P>
      <P Name="SenseVelocity">off</P>
      <P Name="SenseAcceleration">off</P>
      <P Name="SenseTorqueForce">off</P>
      <P Name="SenseLowerLimitTorqueForce">off</P>
      <P Name="SenseUpperLimitTorqueForce">off</P>
      <P Name="LowerLimitSpecify">off</P>
      <P Name="LowerLimitBound">-90</P>
      <P Name="LowerLimitBoundUnits">deg</P>
      <P Name="LowerLimitBound_conf">compiletime</P>
      <P Name="LowerLimitStiffness">1e4</P>
      <P Name="LowerLimitStiffnessUnits">N*m/deg</P>
      <P Name="LowerLimitStiffness_conf">compiletime</P>
      <P Name="LowerLimitDamping">10</P>
      <P Name="LowerLimitDampingUnits">N*m/(deg/s)</P>
      <P Name="LowerLimitDamping_conf">compiletime</P>
      <P Name="LowerLimitTransitionRegionWidth">0.1</P>
      <P Name="LowerLimitTransitionRegionWidthUnits">deg</P>
      <P Name="LowerLimitTransitionRegionWidth_conf">compiletime</P>
      <P Name="UpperLimitSpecify">off</P>
      <P Name="UpperLimitBound">90</P>
      <P Name="UpperLimitBoundUnits">deg</P>
      <P Name="UpperLimitBound_conf">compiletime</P>
      <P Name="UpperLimitStiffness">1e4</P>
      <P Name="UpperLimitStiffnessUnits">N*m/deg</P>
      <P Name="UpperLimitStiffness_conf">compiletime</P>
      <P Name="UpperLimitDamping">10</P>
      <P Name="UpperLimitDampingUnits">N*m/(deg/s)</P>
      <P Name="UpperLimitDamping_conf">compiletime</P>
      <P Name="UpperLimitTransitionRegionWidth">0.1</P>
      <P Name="UpperLimitTransitionRegionWidthUnits">deg</P>
      <P Name="UpperLimitTransitionRegionWidth_conf">compiletime</P>
      <P Name="PositionTargetSpecify">on</P>
      <P Name="PositionTargetPriority">Low</P>
      <P Name="PositionTargetValue">smiData.RevoluteJoint(2).Rz.Pos</P>
      <P Name="PositionTargetValueUnits">deg</P>
      <P Name="PositionTargetValue_conf">compiletime</P>
      <P Name="VelocityTargetSpecify">off</P>
      <P Name="VelocityTargetPriority">High</P>
      <P Name="VelocityTargetValue">0</P>
      <P Name="VelocityTargetValueUnits">deg/s</P>
      <P Name="VelocityTargetValue_conf">compiletime</P>
    </InstanceData>
  </Block>
  <Block BlockType="Reference" Name="Rev_MR_ActMount" SID="13">
    <PortCounts lconn="1" rconn="2"/>
    <P Name="Position">[315, 100, 355, 140]</P>
    <P Name="ZOrder">100</P>
    <P Name="LibraryVersion">7.71</P>
    <P Name="SourceBlock">sm_lib/Joints/Revolute Joint</P>
    <P Name="SourceType">Revolute Joint</P>
    <InstanceData>
      <P Name="LogSimulationData">off</P>
      <P Name="JointMode">Normal</P>
      <P Name="SenseConstraintForce">off</P>
      <P Name="SenseConstraintForceX">off</P>
      <P Name="SenseConstraintForceY">off</P>
      <P Name="SenseConstraintForceZ">off</P>
      <P Name="SenseConstraintTorque">off</P>
      <P Name="SenseConstraintTorqueX">off</P>
      <P Name="SenseConstraintTorqueY">off</P>
      <P Name="SenseConstraintTorqueZ">off</P>
      <P Name="SenseTotalForce">off</P>
      <P Name="SenseTotalForceX">off</P>
      <P Name="SenseTotalForceY">off</P>
      <P Name="SenseTotalForceZ">off</P>
      <P Name="SenseTotalTorque">off</P>
      <P Name="SenseTotalTorqueX">off</P>
      <P Name="SenseTotalTorqueY">off</P>
      <P Name="SenseTotalTorqueZ">off</P>
      <P Name="CompositeWrenchDir">FollowerOnBase</P>
      <P Name="CompositeWrenchFrame">BaseFrame</P>
      <P Name="EquilibriumPosition">0</P>
      <P Name="EquilibriumPositionUnits">rad</P>
      <P Name="EquilibriumPosition_conf">compiletime</P>
      <P Name="SpringStiffness">0</P>
      <P Name="SpringStiffnessUnits">N*m/rad</P>
      <P Name="SpringStiffness_conf">compiletime</P>
      <P Name="DampingCoefficient">0</P>
      <P Name="DampingCoefficientUnits">N*m/(rad/s)</P>
      <P Name="DampingCoefficient_conf">compiletime</P>
      <P Name="TorqueActuationMode">NoTorque</P>
      <P Name="MotionActuationMode">ComputedMotion</P>
      <P Name="SensePosition">on</P>
      <P Name="SenseVelocity">off</P>
      <P Name="SenseAcceleration">off</P>
      <P Name="SenseTorqueForce">off</P>
      <P Name="SenseLowerLimitTorqueForce">off</P>
      <P Name="SenseUpperLimitTorqueForce">off</P>
      <P Name="LowerLimitSpecify">off</P>
      <P Name="LowerLimitBound">-90</P>
      <P Name="LowerLimitBoundUnits">deg</P>
      <P Name="LowerLimitBound_conf">compiletime</P>
      <P Name="LowerLimitStiffness">1e4</P>
      <P Name="LowerLimitStiffnessUnits">N*m/deg</P>
      <P Name="LowerLimitStiffness_conf">compiletime</P>
      <P Name="LowerLimitDamping">10</P>
      <P Name="LowerLimitDampingUnits">N*m/(deg/s)</P>
      <P Name="LowerLimitDamping_conf">compiletime</P>
      <P Name="LowerLimitTransitionRegionWidth">0.1</P>
      <P Name="LowerLimitTransitionRegionWidthUnits">deg</P>
      <P Name="LowerLimitTransitionRegionWidth_conf">compiletime</P>
      <P Name="UpperLimitSpecify">off</P>
      <P Name="UpperLimitBound">90</P>
      <P Name="UpperLimitBoundUnits">deg</P>
      <P Name="UpperLimitBound_conf">compiletime</P>
      <P Name="UpperLimitStiffness">1e4</P>
      <P Name="UpperLimitStiffnessUnits">N*m/deg</P>
      <P Name="UpperLimitStiffness_conf">compiletime</P>
      <P Name="UpperLimitDamping">10</P>
      <P Name="UpperLimitDampingUnits">N*m/(deg/s)</P>
      <P Name="UpperLimitDamping_conf">compiletime</P>
      <P Name="UpperLimitTransitionRegionWidth">0.1</P>
      <P Name="UpperLimitTransitionRegionWidthUnits">deg</P>
      <P Name="UpperLimitTransitionRegionWidth_conf">compiletime</P>
      <P Name="PositionTargetSpecify">on</P>
      <P Name="PositionTargetPriority">Low</P>
      <P Name="PositionTargetValue">smiData.RevoluteJoint(1).Rz.Pos</P>
      <P Name="PositionTargetValueUnits">deg</P>
      <P Name="PositionTargetValue_conf">compiletime</P>
      <P Name="VelocityTargetSpecify">off</P>
      <P Name="VelocityTargetPriority">High</P>
      <P Name="VelocityTargetValue">0</P>
      <P Name="VelocityTargetValueUnits">deg/s</P>
      <P Name="VelocityTargetValue_conf">compiletime</P>
    </InstanceData>
  </Block>
  <Block BlockType="Scope" Name="Scope" SID="2541">
    <PortCounts in="3"/>
    <P Name="Position">[435, 318, 465, 352]</P>
    <P Name="ZOrder">58875</P>
    <P Name="ScopeSpecificationString">Simulink.scopes.TimeScopeBlockCfg(&apos;CurrentConfiguration&apos;, extmgr.ConfigurationSet(extmgr.Configuration(&apos;Core&apos;,&apos;General UI&apos;,true),extmgr.Configuration(&apos;Core&apos;,&apos;Source UI&apos;,true),extmgr.Configuration(&apos;Sources&apos;,&apos;WiredSimulink&apos;,true,&apos;DataLoggingVariableName&apos;,&apos;ScopeData5&apos;),extmgr.Configuration(&apos;Visuals&apos;,&apos;Time Domain&apos;,true,&apos;SerializedDisplays&apos;,{struct(&apos;MinYLimReal&apos;,&apos;0.13956&apos;,&apos;MaxYLimReal&apos;,&apos;0.24644&apos;,&apos;YLabelReal&apos;,&apos;&apos;,&apos;MinYLimMag&apos;,&apos;0.13956&apos;,&apos;MaxYLimMag&apos;,&apos;0.24644&apos;,&apos;LegendVisibility&apos;,&apos;off&apos;,&apos;XGrid&apos;,true,&apos;YGrid&apos;,true,&apos;PlotMagPhase&apos;,false,&apos;AxesColor&apos;,[0 0 0],&apos;AxesTickColor&apos;,[0.686274509803922 0.686274509803922 0.686274509803922],&apos;ColorOrder&apos;,[1 1 0.0666666666666667;0.0745098039215686 0.623529411764706 1;1 0.411764705882353 0.16078431372549;0.392156862745098 0.831372549019608 0.0745098039215686;0.717647058823529 0.274509803921569 1;0.0588235294117647 1 1;1 0.0745098039215686 0.650980392156863],&apos;Title&apos;,&apos;%&lt;SignalLabel&gt;&apos;,&apos;LinePropertiesCache&apos;,{{}},&apos;UserDefinedChannelNames&apos;,{{}},&apos;NumLines&apos;,1,&apos;LineNames&apos;,{{&apos;PS-Simulink Converter1&apos;}},&apos;ShowContent&apos;,true,&apos;Placement&apos;,1),struct(&apos;MinYLimReal&apos;,&apos;0.13956&apos;,&apos;MaxYLimReal&apos;,&apos;0.24644&apos;,&apos;YLabelReal&apos;,&apos;&apos;,&apos;MinYLimMag&apos;,&apos;0.13975&apos;,&apos;MaxYLimMag&apos;,&apos;0.24642&apos;,&apos;LegendVisibility&apos;,&apos;off&apos;,&apos;XGrid&apos;,true,&apos;YGrid&apos;,true,&apos;PlotMagPhase&apos;,false,&apos;AxesColor&apos;,[0 0 0],&apos;AxesTickColor&apos;,[0.686274509803922 0.686274509803922 0.686274509803922],&apos;ColorOrder&apos;,[1 1 0.0666666666666667;0.0745098039215686 0.623529411764706 1;1 0.411764705882353 0.16078431372549;0.392156862745098 0.831372549019608 0.0745098039215686;0.717647058823529 0.274509803921569 1;0.0588235294117647 1 1;1 0.0745098039215686 0.650980392156863],&apos;Title&apos;,&apos;%&lt;SignalLabel&gt;&apos;,&apos;LinePropertiesCache&apos;,{{}},&apos;UserDefinedChannelNames&apos;,{{}},&apos;NumLines&apos;,1,&apos;LineNames&apos;,{{&apos;PS-Simulink Converter2&apos;}},&apos;ShowContent&apos;,true,&apos;Placement&apos;,2),struct(&apos;MinYLimReal&apos;,&apos;0.13956&apos;,&apos;MaxYLimReal&apos;,&apos;0.24644&apos;,&apos;YLabelReal&apos;,&apos;&apos;,&apos;MinYLimMag&apos;,&apos;0.13975&apos;,&apos;MaxYLimMag&apos;,&apos;0.24642&apos;,&apos;LegendVisibility&apos;,&apos;off&apos;,&apos;XGrid&apos;,true,&apos;YGrid&apos;,true,&apos;PlotMagPhase&apos;,false,&apos;AxesColor&apos;,[0 0 0],&apos;AxesTickColor&apos;,[0.686274509803922 0.686274509803922 0.686274509803922],&apos;ColorOrder&apos;,[1 1 0.0666666666666667;0.0745098039215686 0.623529411764706 1;1 0.411764705882353 0.16078431372549;0.392156862745098 0.831372549019608 0.0745098039215686;0.717647058823529 0.274509803921569 1;0.0588235294117647 1 1;1 0.0745098039215686 0.650980392156863],&apos;Title&apos;,&apos;%&lt;SignalLabel&gt;&apos;,&apos;LinePropertiesCache&apos;,{{}},&apos;UserDefinedChannelNames&apos;,{{}},&apos;NumLines&apos;,1,&apos;LineNames&apos;,{{&apos;PS-Simulink Converter3&apos;}},&apos;ShowContent&apos;,true,&apos;Placement&apos;,3)},&apos;DisplayPropertyDefaults&apos;,struct(&apos;YLabelReal&apos;,&apos;&apos;,&apos;LegendVisibility&apos;,&apos;off&apos;,&apos;XGrid&apos;,true,&apos;YGrid&apos;,true,&apos;PlotMagPhase&apos;,false,&apos;AxesColor&apos;,[0 0 0],&apos;AxesTickColor&apos;,[0.686274509803922 0.686274509803922 0.686274509803922],&apos;ColorOrder&apos;,[0.0745098039215686 0.623529411764706 1;1 0.411764705882353 0.16078431372549;1 1 0.0666666666666667;0.717647058823529 0.274509803921569 1;0.392156862745098 0.831372549019608 0.0745098039215686;0.0588235294117647 1 1;1 0.0745098039215686 0.650980392156863]),&apos;DisplayLayoutDimensions&apos;,[3 1]),extmgr.Configuration(&apos;Tools&apos;,&apos;Plot Navigation&apos;,true),extmgr.Configuration(&apos;Tools&apos;,&apos;Measurements&apos;,true,&apos;Version&apos;,&apos;2023a&apos;)),&apos;Version&apos;,&apos;2023a&apos;,&apos;Position&apos;,[605 109.8 560 420])</P>
    <P Name="NumInputPorts">3</P>
    <P Name="Floating">off</P>
  </Block>
  <Block BlockType="PMIOPort" Name="C1" SID="1070">
    <P Name="Position">[515, 113, 545, 127]</P>
    <P Name="ZOrder">101</P>
    <P Name="BlockMirror">on</P>
    <P Name="Side">Left</P>
  </Block>
  <Block BlockType="PMIOPort" Name="P1" SID="1071">
    <P Name="Position">[560, 113, 590, 127]</P>
    <P Name="ZOrder">102</P>
    <P Name="Port">2</P>
    <P Name="Side">Left</P>
  </Block>
  <Block BlockType="PMIOPort" Name="C2" SID="1072">
    <P Name="Position">[515, 178, 545, 192]</P>
    <P Name="ZOrder">103</P>
    <P Name="BlockMirror">on</P>
    <P Name="Port">3</P>
    <P Name="Side">Left</P>
  </Block>
  <Block BlockType="PMIOPort" Name="P2" SID="1073">
    <P Name="Position">[560, 178, 590, 192]</P>
    <P Name="ZOrder">104</P>
    <P Name="Port">4</P>
    <P Name="Side">Left</P>
  </Block>
  <Block BlockType="PMIOPort" Name="C3" SID="1074">
    <P Name="Position">[515, 243, 545, 257]</P>
    <P Name="ZOrder">105</P>
    <P Name="BlockMirror">on</P>
    <P Name="Port">5</P>
    <P Name="Side">Left</P>
  </Block>
  <Block BlockType="PMIOPort" Name="P3" SID="1075">
    <P Name="Position">[565, 243, 595, 257]</P>
    <P Name="ZOrder">106</P>
    <P Name="Port">6</P>
    <P Name="Side">Left</P>
  </Block>
  <Block BlockType="PMIOPort" Name="CG" SID="1095">
    <P Name="Position">[945, 148, 975, 162]</P>
    <P Name="ZOrder">109</P>
    <P Name="BlockMirror">on</P>
    <P Name="Port">7</P>
    <P Name="Side">Right</P>
  </Block>
  <Block BlockType="Outport" Name="qM" SID="1086">
    <P Name="Position">[435, 68, 465, 82]</P>
    <P Name="ZOrder">108</P>
    <P Name="VectorParamsAs1DForOutWhenUnconnected">off</P>
  </Block>
  <Line LineType="Connection">
    <P Name="ZOrder">55</P>
    <P Name="Src">5#lconn:1</P>
    <P Name="Dst">37#rconn:1</P>
  </Line>
  <Line LineType="Connection">
    <P Name="ZOrder">203</P>
    <P Name="Src">12#lconn:1</P>
    <P Name="Dst">19#rconn:1</P>
  </Line>
  <Line LineType="Connection">
    <P Name="ZOrder">30</P>
    <P Name="Src">1070#rconn:1</P>
    <P Name="Dst">18#rconn:1</P>
  </Line>
  <Line LineType="Connection">
    <P Name="ZOrder">27</P>
    <P Name="Src">36#lconn:1</P>
    <P Name="Points">[-10, 0; 0, -10]</P>
    <P Name="Dst">10#rconn:1</P>
  </Line>
  <Line LineType="Connection">
    <P Name="ZOrder">4</P>
    <P Name="Src">9#rconn:2</P>
    <P Name="Dst">13#lconn:1</P>
  </Line>
  <Line LineType="Connection">
    <P Name="ZOrder">202</P>
    <P Name="Src">12#rconn:1</P>
    <P Name="Dst">4#lconn:2</P>
  </Line>
  <Line LineType="Connection">
    <P Name="ZOrder">54</P>
    <P Name="Src">5#rconn:1</P>
    <P Name="Dst">4#lconn:3</P>
  </Line>
  <Line LineType="Connection">
    <P Name="ZOrder">15</P>
    <P Name="Src">9#rconn:3</P>
    <P Name="Dst">10#lconn:1</P>
  </Line>
  <Line LineType="Connection">
    <P Name="ZOrder">25</P>
    <P Name="Src">18#lconn:1</P>
    <P Name="Points">[-10, 0; 0, -10]</P>
    <P Name="Dst">13#rconn:1</P>
  </Line>
  <Line LineType="Connection">
    <P Name="ZOrder">31</P>
    <P Name="Src">1071#rconn:1</P>
    <P Name="Dst">19#lconn:1</P>
  </Line>
  <Line LineType="Connection">
    <P Name="ZOrder">19</P>
    <P Name="Src">6#lconn:1</P>
    <P Name="Points">[-5, 0; 0, -10]</P>
    <P Name="Dst">9#rconn:1</P>
  </Line>
  <Line LineType="Connection">
    <P Name="ZOrder">17</P>
    <P Name="Src">9#rconn:4</P>
    <P Name="Dst">11#lconn:1</P>
  </Line>
  <Line LineType="Connection">
    <P Name="ZOrder">32</P>
    <P Name="Src">1072#rconn:1</P>
    <P Name="Dst">36#rconn:1</P>
  </Line>
  <Line LineType="Connection">
    <P Name="ZOrder">5</P>
    <P Name="Src">4#lconn:1</P>
    <P Name="Dst">6#rconn:1</P>
  </Line>
  <Line LineType="Connection">
    <P Name="ZOrder">33</P>
    <P Name="Src">1073#rconn:1</P>
    <P Name="Dst">37#lconn:1</P>
  </Line>
  <Line LineType="Connection">
    <P Name="ZOrder">37</P>
    <P Name="Src">1085#lconn:1</P>
    <P Name="Dst">6#rconn:2</P>
  </Line>
  <Line>
    <P Name="ZOrder">39</P>
    <P Name="Src">1085#out:1</P>
    <P Name="Dst">1086#in:1</P>
  </Line>
  <Line LineType="Connection">
    <P Name="ZOrder">41</P>
    <P Name="Src">1095#rconn:1</P>
    <P Name="Dst">4#rconn:1</P>
  </Line>
  <Line LineType="Connection">
    <P Name="ZOrder">141</P>
    <P Name="Src">11#rconn:1</P>
    <P Name="Points">[15, 0; 0, 10]</P>
    <P Name="Dst">54#lconn:1</P>
  </Line>
  <Line LineType="Connection">
    <P Name="ZOrder">216</P>
    <P Name="Src">54#rconn:1</P>
    <P Name="Dst">1074#rconn:1</P>
  </Line>
  <Line LineType="Connection">
    <P Name="ZOrder">223</P>
    <P Name="Src">7#lconn:1</P>
    <P Name="Dst">55#rconn:1</P>
  </Line>
  <Line LineType="Connection">
    <P Name="ZOrder">259</P>
    <P Name="Src">4#lconn:4</P>
    <P Name="Dst">7#rconn:1</P>
  </Line>
  <Line LineType="Connection">
    <P Name="ZOrder">265</P>
    <P Name="Src">55#lconn:1</P>
    <P Name="Dst">1075#rconn:1</P>
  </Line>
  <Line>
    <P Name="ZOrder">285</P>
    <P Name="Src">2542#out:1</P>
    <P Name="Dst">2541#in:1</P>
  </Line>
  <Line>
    <P Name="ZOrder">287</P>
    <P Name="Src">2543#out:1</P>
    <P Name="Points">[23, 0; 0, -5]</P>
    <P Name="Dst">2541#in:2</P>
  </Line>
  <Line>
    <P Name="ZOrder">288</P>
    <P Name="Src">2544#out:1</P>
    <P Name="Points">[34, 0; 0, -10]</P>
    <P Name="Dst">2541#in:3</P>
  </Line>
  <Line LineType="Connection">
    <P Name="ZOrder">289</P>
    <P Name="Src">2542#lconn:1</P>
    <P Name="Points">[-9, 0; 0, -19; 64, 0; 0, -176]</P>
    <P Name="Dst">13#rconn:2</P>
  </Line>
  <Line LineType="Connection">
    <P Name="ZOrder">290</P>
    <P Name="Src">2543#lconn:1</P>
    <P Name="Points">[-4, 0; 0, -23; 38, 0; 0, -122]</P>
    <P Name="Dst">10#rconn:2</P>
  </Line>
  <Line LineType="Connection">
    <P Name="ZOrder">291</P>
    <P Name="Src">2544#lconn:1</P>
    <P Name="Points">[-9, 0; 0, 32; 39, 0]</P>
    <P Name="Dst">11#rconn:2</P>
  </Line>
</System>
