<?xml version="1.0" encoding="utf-8"?>
<System>
  <P Name="Location">[-1, -7, 1537, 825]</P>
  <P Name="ZoomFactor">111</P>
  <Block BlockType="SubSystem" Name="Aileron_1_RIGID" SID="71">
    <PortCounts lconn="9" rconn="1"/>
    <P Name="Position">[-80, 71, 15, 379]</P>
    <P Name="ZOrder">1</P>
    <Mask>
      <Display IconOpaque="opaque-with-ports" RunInitForIconRedraw="off" IconRotate="port" PortRotate="physical">image(&apos;sm_aileron_actuator_aileron_part_IMAGE.png&apos;);</Display>
    </Mask>
    <System Ref="system_71"/>
  </Block>
  <Block BlockType="SubSystem" Name="MountC_Att_1" SID="72">
    <PortCounts lconn="2" rconn="3"/>
    <P Name="Position">[-205, 185, -125, 265]</P>
    <P Name="ZOrder">2</P>
    <Mask>
      <Display IconOpaque="opaque-with-ports" RunInitForIconRedraw="off" IconRotate="port" PortRotate="physical">image(&apos;sm_aileron_actuator_aileron_brackets_IMAGE.png&apos;);</Display>
    </Mask>
    <System Ref="system_72"/>
  </Block>
  <Block BlockType="SubSystem" Name="MountL_Att_1" SID="73">
    <PortCounts lconn="1" rconn="3"/>
    <P Name="Position">[-205, 290, -125, 370]</P>
    <P Name="ZOrder">3</P>
    <Mask>
      <Display IconOpaque="opaque-with-ports" RunInitForIconRedraw="off" IconRotate="port" PortRotate="physical">image(&apos;sm_aileron_actuator_aileron_brackets_IMAGE.png&apos;);</Display>
    </Mask>
    <System Ref="system_73"/>
  </Block>
  <Block BlockType="SubSystem" Name="MountR_Att_1" SID="74">
    <PortCounts lconn="1" rconn="3"/>
    <P Name="Position">[-205, 80, -125, 160]</P>
    <P Name="ZOrder">4</P>
    <Mask>
      <Display IconOpaque="opaque-with-ports" RunInitForIconRedraw="off" IconRotate="port" PortRotate="physical">image(&apos;sm_aileron_actuator_aileron_brackets_IMAGE.png&apos;);</Display>
    </Mask>
    <System Ref="system_74"/>
  </Block>
  <Block BlockType="PMIOPort" Name="MCL" SID="77">
    <P Name="Position">[-295, 195, -275, 215]</P>
    <P Name="ZOrder">7</P>
    <P Name="Side">Left</P>
  </Block>
  <Block BlockType="PMIOPort" Name="A1" SID="79">
    <P Name="Position">[-295, 110, -275, 130]</P>
    <P Name="ZOrder">9</P>
    <P Name="Port">2</P>
    <P Name="Side">Left</P>
  </Block>
  <Block BlockType="PMIOPort" Name="A2" SID="78">
    <P Name="Position">[-295, 235, -275, 255]</P>
    <P Name="ZOrder">8</P>
    <P Name="Port">3</P>
    <P Name="Side">Left</P>
  </Block>
  <Block BlockType="PMIOPort" Name="A3" SID="76">
    <P Name="Position">[-295, 320, -275, 340]</P>
    <P Name="ZOrder">6</P>
    <P Name="Port">4</P>
    <P Name="Side">Left</P>
  </Block>
  <Block BlockType="PMIOPort" Name="CG" SID="1094">
    <P Name="Position">[95, 218, 125, 232]</P>
    <P Name="ZOrder">10</P>
    <P Name="BlockMirror">on</P>
    <P Name="Port">5</P>
    <P Name="Side">Right</P>
  </Block>
  <Line LineType="Connection">
    <P Name="ZOrder">1</P>
    <P Name="Src">71#lconn:5</P>
    <P Name="Dst">72#rconn:2</P>
  </Line>
  <Line LineType="Connection">
    <P Name="ZOrder">2</P>
    <P Name="Src">71#lconn:6</P>
    <P Name="Points">[0, -10]</P>
    <P Name="Dst">72#rconn:3</P>
  </Line>
  <Line LineType="Connection">
    <P Name="ZOrder">3</P>
    <P Name="Src">72#lconn:1</P>
    <P Name="Dst">77#rconn:1</P>
  </Line>
  <Line LineType="Connection">
    <P Name="ZOrder">4</P>
    <P Name="Src">72#lconn:2</P>
    <P Name="Dst">78#rconn:1</P>
  </Line>
  <Line LineType="Connection">
    <P Name="ZOrder">5</P>
    <P Name="Src">73#lconn:1</P>
    <P Name="Dst">76#rconn:1</P>
  </Line>
  <Line LineType="Connection">
    <P Name="ZOrder">6</P>
    <P Name="Src">71#lconn:4</P>
    <P Name="Points">[0, 10]</P>
    <P Name="Dst">72#rconn:1</P>
  </Line>
  <Line LineType="Connection">
    <P Name="ZOrder">7</P>
    <P Name="Src">71#lconn:1</P>
    <P Name="Points">[-8, 0; 0, 10]</P>
    <P Name="Dst">74#rconn:1</P>
  </Line>
  <Line LineType="Connection">
    <P Name="ZOrder">8</P>
    <P Name="Src">71#lconn:3</P>
    <P Name="Points">[-13, 0; 0, -10]</P>
    <P Name="Dst">74#rconn:3</P>
  </Line>
  <Line LineType="Connection">
    <P Name="ZOrder">9</P>
    <P Name="Src">71#lconn:2</P>
    <P Name="Dst">74#rconn:2</P>
  </Line>
  <Line LineType="Connection">
    <P Name="ZOrder">10</P>
    <P Name="Src">71#lconn:9</P>
    <P Name="Points">[-8, 0; 0, -10]</P>
    <P Name="Dst">73#rconn:3</P>
  </Line>
  <Line LineType="Connection">
    <P Name="ZOrder">11</P>
    <P Name="Src">71#lconn:8</P>
    <P Name="Dst">73#rconn:2</P>
  </Line>
  <Line LineType="Connection">
    <P Name="ZOrder">12</P>
    <P Name="Src">71#lconn:7</P>
    <P Name="Points">[0, 10]</P>
    <P Name="Dst">73#rconn:1</P>
  </Line>
  <Line LineType="Connection">
    <P Name="ZOrder">13</P>
    <P Name="Src">74#lconn:1</P>
    <P Name="Dst">79#rconn:1</P>
  </Line>
  <Line LineType="Connection">
    <P Name="ZOrder">15</P>
    <P Name="Src">1094#rconn:1</P>
    <P Name="Dst">71#rconn:1</P>
  </Line>
</System>
