<?xml version="1.0" encoding="utf-8"?>
<System>
  <P Name="Location">[5, 6, 819, 525]</P>
  <Block BlockType="Inport" Name="Vwref" SID="1923:1146">
    <P Name="Position">[-65, 23, -35, 37]</P>
    <P Name="ZOrder">177</P>
  </Block>
  <Block BlockType="SubSystem" Name="Current&#xA;Controller" SID="1923:1147">
    <P Name="Tag">CustomStyle</P>
    <PortCounts in="2" rconn="2"/>
    <P Name="Position">[185, -72, 265, 37]</P>
    <P Name="ZOrder">-1</P>
    <System Ref="system_1923_1147"/>
  </Block>
  <Block BlockType="Reference" Name="PS-Simulink&#xA;Converter" SID="1923:1175">
    <PortCounts out="1" lconn="1"/>
    <P Name="Position">[145, -53, 160, -37]</P>
    <P Name="ZOrder">-2</P>
    <P Name="ShowName">off</P>
    <P Name="LibraryVersion">7.0</P>
    <P Name="FontSize">9</P>
    <P Name="SourceBlock">nesl_utility/PS-Simulink
Converter</P>
    <P Name="SourceType">PS-Simulink
Converter</P>
    <InstanceData>
      <P Name="RTWMemSecFuncInitTerm">Inherit from model</P>
      <P Name="RTWMemSecFuncExecute">Inherit from model</P>
      <P Name="RTWMemSecDataConstants">Inherit from model</P>
      <P Name="RTWMemSecDataInternal">Inherit from model</P>
      <P Name="RTWMemSecDataParameters">Inherit from model</P>
      <P Name="ContentPreviewEnabled">off</P>
      <P Name="PhysicalDomain">network_engine_domain</P>
      <P Name="SubClassName">ps_output</P>
      <P Name="LeftPortType">input</P>
      <P Name="RightPortType">output</P>
      <P Name="PseudoPeriodic">off</P>
      <P Name="Frequencies">[]</P>
      <P Name="VectorFormat">1-D array</P>
      <P Name="Unit">V</P>
      <P Name="AffineConversion">off</P>
    </InstanceData>
  </Block>
  <Block BlockType="SubSystem" Name="Speed&#xA;Controller" SID="1923:1176">
    <P Name="Tag">CustomStyle</P>
    <PortCounts in="2" out="1"/>
    <P Name="Position">[10, -37, 120, 52]</P>
    <P Name="ZOrder">-3</P>
    <System Ref="system_1923_1176"/>
  </Block>
  <Block BlockType="SubSystem" Name="Subsystem1" SID="1923:1190">
    <PortCounts out="1" lconn="1"/>
    <P Name="Position">[-40, -19, -20, -11]</P>
    <P Name="ZOrder">-5</P>
    <P Name="ShowName">off</P>
    <Mask>
      <Display IconFrame="off" RunInitForIconRedraw="off" IconRotate="port">patch([0.65 0.9 0.65], [-0.1 0.0 0.1])
plot([0.8 1.3], [0.0 0.0])

</Display>
    </Mask>
    <System Ref="system_1923_1190"/>
  </Block>
  <Block BlockType="PMIOPort" Name="Vr" SID="1923:1196">
    <P Name="Position">[290, -52, 320, -38]</P>
    <P Name="ZOrder">-6</P>
    <P Name="BlockMirror">on</P>
    <P Name="Side">Right</P>
  </Block>
  <Block BlockType="PMIOPort" Name="REV" SID="1923:1197">
    <P Name="Position">[290, 3, 320, 17]</P>
    <P Name="ZOrder">-7</P>
    <P Name="BlockMirror">on</P>
    <P Name="Port">2</P>
    <P Name="Side">Right</P>
  </Block>
  <Block BlockType="PMIOPort" Name="V_i" SID="1923:1198">
    <P Name="Position">[75, -52, 105, -38]</P>
    <P Name="ZOrder">-8</P>
    <P Name="NameLocation">top</P>
    <P Name="Port">3</P>
    <P Name="Side">Left</P>
  </Block>
  <Block BlockType="PMIOPort" Name="V_w" SID="1923:1199">
    <P Name="Position">[-100, -22, -70, -8]</P>
    <P Name="ZOrder">-9</P>
    <P Name="Port">4</P>
    <P Name="Side">Left</P>
  </Block>
  <Line>
    <P Name="ZOrder">1</P>
    <P Name="Src">1923:1176#out:1</P>
    <P Name="Dst">1923:1147#in:2</P>
  </Line>
  <Line>
    <P Name="ZOrder">2</P>
    <P Name="Src">1923:1175#out:1</P>
    <P Name="Dst">1923:1147#in:1</P>
  </Line>
  <Line LineType="Connection">
    <P Name="ZOrder">3</P>
    <P Name="Src">1923:1196#rconn:1</P>
    <P Name="Dst">1923:1147#rconn:1</P>
  </Line>
  <Line LineType="Connection">
    <P Name="ZOrder">4</P>
    <P Name="Src">1923:1197#rconn:1</P>
    <P Name="Dst">1923:1147#rconn:2</P>
  </Line>
  <Line>
    <P Name="ZOrder">5</P>
    <P Name="Src">1923:1190#out:1</P>
    <P Name="Dst">1923:1176#in:1</P>
  </Line>
  <Line>
    <P Name="ZOrder">6</P>
    <P Name="Src">1923:1146#out:1</P>
    <P Name="Dst">1923:1176#in:2</P>
  </Line>
  <Line LineType="Connection">
    <P Name="ZOrder">7</P>
    <P Name="Src">1923:1198#rconn:1</P>
    <P Name="Dst">1923:1175#lconn:1</P>
  </Line>
  <Line LineType="Connection">
    <P Name="ZOrder">8</P>
    <P Name="Src">1923:1199#rconn:1</P>
    <P Name="Dst">1923:1190#lconn:1</P>
  </Line>
</System>
