<?xml version="1.0" encoding="utf-8"?>
<System>
  <P Name="Location">[-7, -7, 1543, 937]</P>
  <Block BlockType="SubSystem" Name="Oval_Head_M4_12_RIGID" SID="115">
    <PortCounts lconn="1"/>
    <P Name="Position">[350, 335, 390, 375]</P>
    <P Name="ZOrder">16</P>
    <Mask>
      <Display/>
    </Mask>
    <System Ref="system_115"/>
  </Block>
  <Block BlockType="SubSystem" Name="Oval_Head_M4_1_RIGID" SID="116">
    <PortCounts lconn="1"/>
    <P Name="Position">[350, 275, 390, 315]</P>
    <P Name="ZOrder">17</P>
    <Mask>
      <Display/>
    </Mask>
    <System Ref="system_116"/>
  </Block>
  <Block BlockType="SubSystem" Name="Oval_Head_M4_4_RIGID" SID="119">
    <PortCounts lconn="1"/>
    <P Name="Position">[350, 215, 390, 255]</P>
    <P Name="ZOrder">20</P>
    <Mask>
      <Display/>
    </Mask>
    <System Ref="system_119"/>
  </Block>
  <Block BlockType="SubSystem" Name="Oval_Head_M4_5_RIGID" SID="120">
    <PortCounts lconn="1"/>
    <P Name="Position">[350, 150, 390, 190]</P>
    <P Name="ZOrder">21</P>
    <Mask>
      <Display/>
    </Mask>
    <System Ref="system_120"/>
  </Block>
  <Block BlockType="SubSystem" Name="Oval_Head_M4_6_RIGID" SID="121">
    <PortCounts lconn="1"/>
    <P Name="Position">[350, 85, 390, 125]</P>
    <P Name="ZOrder">22</P>
    <Mask>
      <Display/>
    </Mask>
    <System Ref="system_121"/>
  </Block>
  <Block BlockType="SubSystem" Name="Oval_Head_M4_8_RIGID" SID="123">
    <PortCounts lconn="1"/>
    <P Name="Position">[350, 20, 390, 60]</P>
    <P Name="ZOrder">24</P>
    <Mask>
      <Display/>
    </Mask>
    <System Ref="system_123"/>
  </Block>
  <Block BlockType="PMIOPort" Name="G" SID="1295">
    <P Name="Position">[20, 198, 50, 212]</P>
    <P Name="ZOrder">25</P>
    <P Name="Side">Left</P>
  </Block>
  <Line LineType="Connection">
    <P Name="ZOrder">44</P>
    <P Name="Points">[283, 295; 52, 0]</P>
    <P Name="Dst">116#lconn:1</P>
    <Branch ConnectType="SRC_DEST">
      <P Name="Points">[283, 235; 0, 60]</P>
      <Branch ConnectType="SRC_DEST">
        <P Name="Points">[283, 206; 0, 29]</P>
        <Branch ConnectType="SRC_DEST">
          <P Name="Src">1295#rconn:1</P>
          <P Name="Points">[109, 0; 0, 1; 109, 0]</P>
        </Branch>
        <Branch ConnectType="SRC_SRC">
          <P Name="Points">[0, -36]</P>
          <Branch ConnectType="DEST_SRC">
            <P Name="Points">[0, -65]</P>
            <Branch ConnectType="DEST_SRC">
              <P Name="Points">[0, -65]</P>
              <P Name="Dst">123#lconn:1</P>
            </Branch>
            <Branch ConnectType="DEST_SRC">
              <P Name="Dst">121#lconn:1</P>
            </Branch>
          </Branch>
          <Branch ConnectType="DEST_SRC">
            <P Name="Dst">120#lconn:1</P>
          </Branch>
        </Branch>
      </Branch>
      <Branch ConnectType="SRC_SRC">
        <P Name="Dst">119#lconn:1</P>
      </Branch>
    </Branch>
    <Branch ConnectType="SRC_SRC">
      <P Name="Points">[0, 60]</P>
      <P Name="Dst">115#lconn:1</P>
    </Branch>
  </Line>
</System>
