<?xml version="1.0" encoding="utf-8"?>
<System>
  <P Name="Location">[21, 14, 874, 552]</P>
  <P Name="ZoomFactor">60</P>
  <Block BlockType="SubSystem" Name="Oval_Head_M4_10_RIGID" SID="274">
    <PortCounts lconn="1"/>
    <P Name="Position">[280, 320, 320, 360]</P>
    <P Name="ZOrder">14</P>
    <Mask>
      <Display/>
    </Mask>
    <System Ref="system_274"/>
  </Block>
  <Block BlockType="SubSystem" Name="Oval_Head_M4_11_RIGID" SID="275">
    <PortCounts lconn="1"/>
    <P Name="Position">[280, 260, 320, 300]</P>
    <P Name="ZOrder">15</P>
    <Mask>
      <Display/>
    </Mask>
    <System Ref="system_275"/>
  </Block>
  <Block BlockType="SubSystem" Name="Oval_Head_M4_12_RIGID" SID="276">
    <PortCounts lconn="1"/>
    <P Name="Position">[280, 200, 320, 240]</P>
    <P Name="ZOrder">16</P>
    <Mask>
      <Display/>
    </Mask>
    <System Ref="system_276"/>
  </Block>
  <Block BlockType="SubSystem" Name="Oval_Head_M4_1_RIGID" SID="277">
    <PortCounts lconn="1"/>
    <P Name="Position">[280, 140, 320, 180]</P>
    <P Name="ZOrder">17</P>
    <Mask>
      <Display/>
    </Mask>
    <System Ref="system_277"/>
  </Block>
  <Block BlockType="SubSystem" Name="Oval_Head_M4_6_RIGID" SID="282">
    <PortCounts lconn="1"/>
    <P Name="Position">[280, 80, 320, 120]</P>
    <P Name="ZOrder">22</P>
    <Mask>
      <Display/>
    </Mask>
    <System Ref="system_282"/>
  </Block>
  <Block BlockType="SubSystem" Name="Oval_Head_M4_8_RIGID" SID="284">
    <PortCounts lconn="1"/>
    <P Name="Position">[280, 20, 320, 60]</P>
    <P Name="ZOrder">24</P>
    <Mask>
      <Display/>
    </Mask>
    <System Ref="system_284"/>
  </Block>
  <Block BlockType="PMIOPort" Name="G" SID="1274">
    <P Name="Position">[135, 183, 165, 197]</P>
    <P Name="ZOrder">25</P>
    <P Name="Side">Left</P>
  </Block>
  <Line LineType="Connection">
    <P Name="ZOrder">128</P>
    <P Name="Points">[217, 100; 48, 0]</P>
    <P Name="Dst">282#lconn:1</P>
    <Branch ConnectType="SRC_DEST">
      <P Name="Points">[217, 160; 0, -60]</P>
      <Branch ConnectType="SRC_DEST">
        <P Name="Points">[217, 190; 0, -30]</P>
        <Branch ConnectType="SRC_DEST">
          <P Name="Src">1274#rconn:1</P>
          <P Name="Points">[37, 0]</P>
        </Branch>
        <Branch ConnectType="SRC_SRC">
          <P Name="Points">[0, 30]</P>
          <Branch ConnectType="DEST_SRC">
            <P Name="Points">[0, 60]</P>
            <Branch ConnectType="DEST_SRC">
              <P Name="Points">[0, 60]</P>
              <P Name="Dst">274#lconn:1</P>
            </Branch>
            <Branch ConnectType="DEST_SRC">
              <P Name="Dst">275#lconn:1</P>
            </Branch>
          </Branch>
          <Branch ConnectType="DEST_SRC">
            <P Name="Dst">276#lconn:1</P>
          </Branch>
        </Branch>
      </Branch>
      <Branch ConnectType="SRC_SRC">
        <P Name="Dst">277#lconn:1</P>
      </Branch>
    </Branch>
    <Branch ConnectType="SRC_SRC">
      <P Name="Points">[0, -60]</P>
      <P Name="Dst">284#lconn:1</P>
    </Branch>
  </Line>
</System>
