<?xml version="1.0" encoding="utf-8"?>
<System>
  <P Name="Location">[21, 14, 874, 552]</P>
  <Block BlockType="SubSystem" Name="Hex_Bolt_M10_3_RIGID" SID="266">
    <PortCounts lconn="1"/>
    <P Name="Position">[185, 210, 225, 250]</P>
    <P Name="ZOrder">6</P>
    <Mask>
      <Display/>
    </Mask>
    <System Ref="system_266"/>
  </Block>
  <Block BlockType="SubSystem" Name="Hex_Flange_Nut_M10_1_RIGID" SID="267">
    <PortCounts lconn="1"/>
    <P Name="Position">[185, 20, 225, 60]</P>
    <P Name="ZOrder">7</P>
    <Mask>
      <Display/>
    </Mask>
    <System Ref="system_267"/>
  </Block>
  <Block BlockType="SubSystem" Name="Washer_1_RIGID" SID="287">
    <PortCounts lconn="1"/>
    <P Name="Position">[185, 150, 225, 190]</P>
    <P Name="ZOrder">27</P>
    <Mask>
      <Display/>
    </Mask>
    <System Ref="system_287"/>
  </Block>
  <Block BlockType="SubSystem" Name="Washer_4_RIGID" SID="290">
    <PortCounts lconn="1"/>
    <P Name="Position">[185, 85, 225, 125]</P>
    <P Name="ZOrder">30</P>
    <Mask>
      <Display/>
    </Mask>
    <System Ref="system_290"/>
  </Block>
  <Block BlockType="PMIOPort" Name="G" SID="1268">
    <P Name="Position">[20, 133, 50, 147]</P>
    <P Name="ZOrder">31</P>
    <P Name="Side">Left</P>
  </Block>
  <Line LineType="Connection">
    <P Name="ZOrder">95</P>
    <P Name="Points">[110, 105; 0, -65; 60, 0]</P>
    <P Name="Dst">267#lconn:1</P>
    <Branch ConnectType="SRC_DEST">
      <P Name="Points">[110, 142; 0, -37]</P>
      <Branch ConnectType="SRC_DEST">
        <P Name="Src">1268#rconn:1</P>
        <P Name="Points">[23, 0; 0, 2; 22, 0]</P>
      </Branch>
      <Branch ConnectType="SRC_SRC">
        <P Name="Points">[0, 28]</P>
        <Branch ConnectType="DEST_SRC">
          <P Name="Points">[0, 60]</P>
          <P Name="Dst">266#lconn:1</P>
        </Branch>
        <Branch ConnectType="DEST_SRC">
          <P Name="Dst">287#lconn:1</P>
        </Branch>
      </Branch>
    </Branch>
    <Branch ConnectType="SRC_SRC">
      <P Name="Dst">290#lconn:1</P>
    </Branch>
  </Line>
</System>
