<?xml version="1.0" encoding="utf-8"?>
<System>
  <P Name="Location">[526, 94, 1340, 613]</P>
  <Block BlockType="Goto" Name="Goto" SID="1923:944">
    <P Name="Position">[75, 129, 165, 151]</P>
    <P Name="ZOrder">-1</P>
    <P Name="BlockMirror">on</P>
    <P Name="NameLocation">top</P>
    <P Name="ShowName">off</P>
    <P Name="Commented">on</P>
    <P Name="GotoTag">Vds_M4</P>
    <P Name="TagVisibility">global</P>
  </Block>
  <Block BlockType="Reference" Name="PS-Simulink" SID="1923:945">
    <PortCounts out="1" lconn="1"/>
    <P Name="Position">[195, 132, 210, 148]</P>
    <P Name="ZOrder">-2</P>
    <P Name="BlockMirror">on</P>
    <P Name="ShowName">off</P>
    <P Name="LibraryVersion">7.0</P>
    <P Name="SourceBlock">nesl_utility/PS-Simulink
Converter</P>
    <P Name="SourceType">PS-Simulink
Converter</P>
    <InstanceData>
      <P Name="RTWMemSecFuncInitTerm">Inherit from model</P>
      <P Name="RTWMemSecFuncExecute">Inherit from model</P>
      <P Name="RTWMemSecDataConstants">Inherit from model</P>
      <P Name="RTWMemSecDataInternal">Inherit from model</P>
      <P Name="RTWMemSecDataParameters">Inherit from model</P>
      <P Name="ContentPreviewEnabled">off</P>
      <P Name="PhysicalDomain">network_engine_domain</P>
      <P Name="SubClassName">ps_output</P>
      <P Name="LeftPortType">input</P>
      <P Name="RightPortType">output</P>
      <P Name="PseudoPeriodic">off</P>
      <P Name="Frequencies">[]</P>
      <P Name="VectorFormat">1-D array</P>
      <P Name="Unit">V</P>
      <P Name="AffineConversion">off</P>
    </InstanceData>
  </Block>
  <Block BlockType="Reference" Name="Voltage&#xA;Sensor" SID="1923:946">
    <PortCounts lconn="1" rconn="2"/>
    <P Name="Position">[225, 75, 265, 115]</P>
    <P Name="ZOrder">-3</P>
    <P Name="BlockRotation">270</P>
    <P Name="BlockMirror">on</P>
    <P Name="NameLocation">left</P>
    <P Name="LibraryVersion">10006000.1</P>
    <P Name="SourceBlock">fl_lib/Electrical/Electrical Sensors/Voltage Sensor</P>
    <P Name="SourceType">Voltage Sensor</P>
    <InstanceData>
      <P Name="LogSimulationData">off</P>
      <P Name="SourceFile">foundation.electrical.sensors.voltage</P>
      <P Name="InternalSimscapePortConfiguration">{&quot;Bottom&quot;:[],&quot;Left&quot;:[{&quot;id&quot;:&quot;p&quot;,&quot;label&quot;:&quot;+&quot;,&quot;type&quot;:&quot;foundation.electrical.electrical&quot;}],&quot;Right&quot;:[{&quot;id&quot;:&quot;V&quot;,&quot;label&quot;:&quot;V&quot;,&quot;type&quot;:&quot;output&quot;},{&quot;id&quot;:&quot;n&quot;,&quot;label&quot;:&quot;-&quot;,&quot;type&quot;:&quot;foundation.electrical.electrical&quot;}],&quot;Top&quot;:[]}</P>
      <P Name="SscBlockScalableBuild">off</P>
      <P Name="ComponentPath">foundation.electrical.sensors.voltage</P>
      <P Name="ComponentVariants">foundation.electrical.sensors.voltage</P>
      <P Name="ComponentVariantNames">voltage</P>
      <P Name="ClassName">sensor_voltage</P>
      <P Name="SchemaVersion">1</P>
    </InstanceData>
  </Block>
  <Block BlockType="PMIOPort" Name="+" SID="1923:947">
    <P Name="Position">[230, 35, 260, 50]</P>
    <P Name="ZOrder">-4</P>
    <P Name="BlockRotation">270</P>
    <P Name="BlockMirror">on</P>
    <P Name="NameLocation">right</P>
    <P Name="Side">Left</P>
  </Block>
  <Block BlockType="PMIOPort" Name="-" SID="1923:948">
    <P Name="Position">[240, 155, 270, 170]</P>
    <P Name="ZOrder">-5</P>
    <P Name="BlockRotation">270</P>
    <P Name="NameLocation">left</P>
    <P Name="Port">2</P>
    <P Name="Side">Right</P>
  </Block>
  <Line LineType="Connection">
    <P Name="ZOrder">1</P>
    <P Name="Src">1923:946#rconn:1</P>
    <P Name="Points">[0, 10]</P>
    <P Name="Dst">1923:945#lconn:1</P>
  </Line>
  <Line LineType="Connection">
    <P Name="ZOrder">2</P>
    <P Name="Src">1923:947#rconn:1</P>
    <P Name="Dst">1923:946#lconn:1</P>
  </Line>
  <Line LineType="Connection">
    <P Name="ZOrder">3</P>
    <P Name="Src">1923:948#rconn:1</P>
    <P Name="Dst">1923:946#rconn:2</P>
  </Line>
  <Line>
    <P Name="ZOrder">4</P>
    <P Name="Src">1923:945#out:1</P>
    <P Name="Dst">1923:944#in:1</P>
  </Line>
</System>
