<?xml version="1.0" encoding="utf-8"?>
<System>
  <P Name="Location">[5, 6, 819, 525]</P>
  <Block BlockType="SubSystem" Name="Detailed Sensor" SID="1923:1300">
    <PortCounts in="1" lconn="2"/>
    <P Name="Position">[255, 45, 300, 155]</P>
    <P Name="ZOrder">42</P>
    <P Name="Commented">on</P>
    <P Name="ContentPreviewEnabled">on</P>
    <System Ref="system_1923_1300"/>
  </Block>
  <Block BlockType="Reference" Name="Ideal Rotational&#xA;Motion Sensor" SID="1923:1218">
    <PortCounts lconn="1" rconn="3"/>
    <P Name="Position">[65, 70, 105, 110]</P>
    <P Name="ZOrder">-2</P>
    <P Name="BlockRotation">90</P>
    <P Name="NameLocation">left</P>
    <P Name="ShowName">off</P>
    <P Name="LibraryVersion">10007000.1</P>
    <P Name="SourceBlock">fl_lib/Mechanical/Mechanical Sensors/Ideal Rotational
Motion Sensor</P>
    <P Name="SourceType">Ideal Rotational
Motion Sensor</P>
    <InstanceData>
      <P Name="LogSimulationData">off</P>
      <P Name="SourceFile">foundation.mechanical.sensors.angular_velocity</P>
      <P Name="InternalSimscapePortConfiguration">{&quot;Bottom&quot;:[],&quot;Left&quot;:[{&quot;id&quot;:&quot;R&quot;,&quot;label&quot;:&quot;R&quot;,&quot;type&quot;:&quot;foundation.mechanical.rotational.rotational&quot;}],&quot;Right&quot;:[{&quot;id&quot;:&quot;C&quot;,&quot;label&quot;:&quot;C&quot;,&quot;type&quot;:&quot;foundation.mechanical.rotational.rotational&quot;},{&quot;id&quot;:&quot;W&quot;,&quot;label&quot;:&quot;W&quot;,&quot;type&quot;:&quot;output&quot;},{&quot;id&quot;:&quot;A&quot;,&quot;label&quot;:&quot;A&quot;,&quot;type&quot;:&quot;output&quot;}],&quot;Top&quot;:[]}</P>
      <P Name="SscBlockScalableBuild">off</P>
      <P Name="ComponentPath">foundation.mechanical.sensors.angular_velocity</P>
      <P Name="ComponentVariants">foundation.mechanical.sensors.angular_velocity</P>
      <P Name="ComponentVariantNames">angular_velocity</P>
      <P Name="ClassName">sensor_rot_motion</P>
      <P Name="SchemaVersion">1</P>
      <P Name="reference">foundation.enum.MeasurementReference.difference</P>
      <P Name="reference_unit">1</P>
      <P Name="reference_conf">compiletime</P>
      <P Name="acceleration_port">false</P>
      <P Name="acceleration_port_unit">1</P>
      <P Name="acceleration_port_conf">compiletime</P>
      <P Name="velocity_port">true</P>
      <P Name="velocity_port_unit">1</P>
      <P Name="velocity_port_conf">compiletime</P>
      <P Name="position_port">true</P>
      <P Name="position_port_unit">1</P>
      <P Name="position_port_conf">compiletime</P>
      <P Name="wrap_angle">simscape.enum.onoff.off</P>
      <P Name="wrap_angle_unit">1</P>
      <P Name="wrap_angle_conf">compiletime</P>
      <P Name="offset">0</P>
      <P Name="offset_unit">rad</P>
      <P Name="offset_conf">compiletime</P>
    </InstanceData>
  </Block>
  <Block BlockType="Reference" Name="Mechanical&#xA;Rotational Reference" SID="1923:1220">
    <PortCounts lconn="1"/>
    <P Name="Position">[90, 155, 110, 175]</P>
    <P Name="ZOrder">-4</P>
    <P Name="BlockRotation">270</P>
    <P Name="BlockMirror">on</P>
    <P Name="NameLocation">left</P>
    <P Name="ShowName">off</P>
    <P Name="LibraryVersion">10007000.1</P>
    <P Name="SourceBlock">fl_lib/Mechanical/Rotational Elements/Mechanical
Rotational Reference</P>
    <P Name="SourceType">Mechanical
Rotational Reference</P>
    <InstanceData>
      <P Name="LogSimulationData">off</P>
      <P Name="SourceFile">foundation.mechanical.rotational.reference</P>
      <P Name="InternalSimscapePortConfiguration">{&quot;Bottom&quot;:[],&quot;Left&quot;:[{&quot;id&quot;:&quot;W&quot;,&quot;label&quot;:&quot;&quot;,&quot;type&quot;:&quot;foundation.mechanical.rotational.rotational&quot;}],&quot;Right&quot;:[],&quot;Top&quot;:[]}</P>
      <P Name="SscBlockScalableBuild">off</P>
      <P Name="ComponentPath">foundation.mechanical.rotational.reference</P>
      <P Name="ComponentVariants">foundation.mechanical.rotational.reference</P>
      <P Name="ComponentVariantNames">reference</P>
      <P Name="ClassName">reference_rot</P>
      <P Name="SchemaVersion">1</P>
    </InstanceData>
  </Block>
  <Block BlockType="Reference" Name="PS Gain1" SID="1923:1313">
    <PortCounts lconn="1" rconn="1"/>
    <P Name="Position">[240, 250, 270, 280]</P>
    <P Name="ZOrder">43</P>
    <P Name="LibraryVersion">10007000.1</P>
    <P Name="SourceBlock">fl_lib/Physical Signals/Functions/PS Gain</P>
    <P Name="SourceType">PS Gain</P>
    <InstanceData>
      <P Name="LogSimulationData">off</P>
      <P Name="SourceFile">foundation.signal.functions.gain</P>
      <P Name="InternalSimscapePortConfiguration">{&quot;Bottom&quot;:[],&quot;Left&quot;:[{&quot;id&quot;:&quot;I&quot;,&quot;label&quot;:&quot;&quot;,&quot;type&quot;:&quot;input&quot;}],&quot;Right&quot;:[{&quot;id&quot;:&quot;O&quot;,&quot;label&quot;:&quot;&quot;,&quot;type&quot;:&quot;output&quot;}],&quot;Top&quot;:[]}</P>
      <P Name="SscBlockScalableBuild">off</P>
      <P Name="ComponentPath">foundation.signal.functions.gain</P>
      <P Name="ComponentVariants">foundation.signal.functions.gain</P>
      <P Name="ComponentVariantNames">gain</P>
      <P Name="ClassName">gain</P>
      <P Name="SchemaVersion">1</P>
      <P Name="gain">5/4000</P>
      <P Name="gain_unit">V*s/rad </P>
      <P Name="gain_conf">compiletime</P>
    </InstanceData>
  </Block>
  <Block BlockType="Reference" Name="PS-Simulink&#xA;Converter 2" SID="1923:1270">
    <PortCounts out="1" lconn="1"/>
    <P Name="Position">[120, 202, 135, 218]</P>
    <P Name="ZOrder">-7</P>
    <P Name="ShowName">off</P>
    <P Name="LibraryVersion">7.0</P>
    <P Name="FontSize">9</P>
    <P Name="SourceBlock">nesl_utility/PS-Simulink
Converter</P>
    <P Name="SourceType">PS-Simulink
Converter</P>
    <InstanceData>
      <P Name="RTWMemSecFuncInitTerm">Inherit from model</P>
      <P Name="RTWMemSecFuncExecute">Inherit from model</P>
      <P Name="RTWMemSecDataConstants">Inherit from model</P>
      <P Name="RTWMemSecDataInternal">Inherit from model</P>
      <P Name="RTWMemSecDataParameters">Inherit from model</P>
      <P Name="ContentPreviewEnabled">off</P>
      <P Name="PhysicalDomain">network_engine_domain</P>
      <P Name="SubClassName">ps_output</P>
      <P Name="LeftPortType">input</P>
      <P Name="RightPortType">output</P>
      <P Name="PseudoPeriodic">off</P>
      <P Name="Frequencies">[]</P>
      <P Name="VectorFormat">1-D array</P>
      <P Name="Unit">rpm</P>
      <P Name="AffineConversion">off</P>
    </InstanceData>
  </Block>
  <Block BlockType="PMIOPort" Name="R" SID="1923:1280">
    <P Name="Position">[30, 46, 60, 64]</P>
    <P Name="ZOrder">-10</P>
    <P Name="Side">Left</P>
  </Block>
  <Block BlockType="PMIOPort" Name="V_w" SID="1923:1281">
    <P Name="Position">[460, 256, 490, 274]</P>
    <P Name="ZOrder">-10</P>
    <P Name="BlockMirror">on</P>
    <P Name="NameLocation">top</P>
    <P Name="Port">2</P>
    <P Name="Side">Right</P>
  </Block>
  <Line>
    <P Name="ZOrder">1</P>
    <P Name="Src">1923:1270#out:1</P>
    <P Name="Points">[41, 0; 0, -145]</P>
    <P Name="Dst">1923:1300#in:1</P>
  </Line>
  <Line LineType="Connection">
    <P Name="ZOrder">2</P>
    <P Name="Points">[85, 55; 0, 0]</P>
    <P Name="Dst">1923:1218#lconn:1</P>
    <Branch ConnectType="SRC_SRC">
      <P Name="Points">[154, 0; 0, 45]</P>
      <P Name="Dst">1923:1300#lconn:1</P>
    </Branch>
    <Branch ConnectType="SRC_DEST">
      <P Name="Src">1923:1280#rconn:1</P>
      <P Name="Points">[10, 0]</P>
    </Branch>
  </Line>
  <Line LineType="Connection">
    <P Name="ZOrder">5</P>
    <P Name="Points">[100, 135; 0, 5]</P>
    <P Name="Dst">1923:1220#lconn:1</P>
    <Branch ConnectType="SRC_SRC">
      <P Name="Dst">1923:1300#lconn:2</P>
    </Branch>
    <Branch ConnectType="SRC_DEST">
      <P Name="Src">1923:1218#rconn:1</P>
      <P Name="Points">[0, 10]</P>
    </Branch>
  </Line>
  <Line LineType="Connection">
    <P Name="ZOrder">8</P>
    <P Name="Points">[85, 210; 20, 0]</P>
    <P Name="Dst">1923:1270#lconn:1</P>
    <Branch ConnectType="SRC_SRC">
      <P Name="Points">[0, 55]</P>
      <P Name="Dst">1923:1313#lconn:1</P>
    </Branch>
    <Branch ConnectType="SRC_DEST">
      <P Name="Src">1923:1218#rconn:2</P>
      <P Name="Points">[0, 85]</P>
    </Branch>
  </Line>
  <Line LineType="Connection">
    <P Name="ZOrder">11</P>
    <P Name="Src">1923:1313#rconn:1</P>
    <P Name="Dst">1923:1281#rconn:1</P>
  </Line>
</System>
