<?xml version="1.0" encoding="utf-8"?>
<System>
  <P Name="Location">[-1, -8, 1921, 1041]</P>
  <Block BlockType="Inport" Name="Vwref " SID="2346:1040">
    <P Name="Position">[-10, 33, 20, 47]</P>
    <P Name="ZOrder">11616</P>
  </Block>
  <Block BlockType="SubSystem" Name="Circuit" SID="2346:1041">
    <PortCounts in="1" lconn="2" rconn="2"/>
    <P Name="Position">[80, 134, 265, 216]</P>
    <P Name="ZOrder">11629</P>
    <P Name="VariantControl">Circuit</P>
    <Mask>
      <Display IconOpaque="opaque-with-ports" RunInitForIconRedraw="off" IconRotate="port" PortRotate="physical">image(&apos;sm_aileron_actuator_control_circuit_IMAGE.png&apos;)</Display>
    </Mask>
    <System Ref="system_2346_1041"/>
  </Block>
  <Block BlockType="SubSystem" Name="Simulink" SID="2346:1145">
    <PortCounts in="1" lconn="2" rconn="2"/>
    <P Name="Position">[80, 24, 265, 106]</P>
    <P Name="ZOrder">11615</P>
    <P Name="VariantControl">Simulink</P>
    <Mask>
      <Display IconOpaque="opaque-with-ports" RunInitForIconRedraw="off" IconRotate="port" PortRotate="physical">image(&apos;sm_aileron_actuator_control_simulink_IMAGE.png&apos;)</Display>
    </Mask>
    <System Ref="system_2346_1145"/>
  </Block>
  <Block BlockType="PMIOPort" Name=" Vr" SID="2346:1200">
    <P Name="Position">[295, 38, 325, 52]</P>
    <P Name="ZOrder">11617</P>
    <P Name="BlockMirror">on</P>
    <P Name="Side">Right</P>
  </Block>
  <Block BlockType="PMIOPort" Name=" REV" SID="2346:1201">
    <P Name="Position">[295, 78, 325, 92]</P>
    <P Name="ZOrder">11618</P>
    <P Name="BlockMirror">on</P>
    <P Name="Port">2</P>
    <P Name="Side">Right</P>
  </Block>
  <Block BlockType="PMIOPort" Name=" V_i" SID="2346:1202">
    <P Name="Position">[-10, 73, 20, 87]</P>
    <P Name="ZOrder">11619</P>
    <P Name="Port">3</P>
    <P Name="Side">Left</P>
  </Block>
  <Block BlockType="PMIOPort" Name=" V_w" SID="2346:1203">
    <P Name="Position">[-10, 113, 20, 127]</P>
    <P Name="ZOrder">11620</P>
    <P Name="Port">4</P>
    <P Name="Side">Left</P>
  </Block>
</System>
