<?xml version="1.0" encoding="utf-8"?>
<System>
  <P Name="Location">[5, 6, 858, 544]</P>
  <Block BlockType="Product" Name="Product" SID="2347:1223">
    <PortCounts in="2" out="1"/>
    <P Name="Position">[270, 39, 290, 66]</P>
    <P Name="ZOrder">-1</P>
    <P Name="ShowName">off</P>
    <P Name="RndMeth">Zero</P>
  </Block>
  <Block BlockType="SubSystem" Name="Pulse decode" SID="2347:1224">
    <PortCounts in="2" out="3"/>
    <P Name="Position">[135, 34, 230, 86]</P>
    <P Name="ZOrder">-2</P>
    <System Ref="system_2347_1224"/>
  </Block>
  <Block BlockType="RateTransition" Name="Rate Transition" SID="2347:1246">
    <P Name="Position">[495, 201, 515, 219]</P>
    <P Name="ZOrder">41</P>
  </Block>
  <Block BlockType="ZeroOrderHold" Name="Sampling&#xA;at 100Hz" SID="2347:1247">
    <P Name="Position">[485, 40, 520, 70]</P>
    <P Name="ZOrder">-3</P>
    <P Name="SampleTime">0.01</P>
  </Block>
  <Block BlockType="Terminator" Name="Terminator" SID="2347:1248">
    <P Name="Position">[250, 68, 260, 82]</P>
    <P Name="ZOrder">-4</P>
    <P Name="ShowName">off</P>
  </Block>
  <Block BlockType="UnitDelay" Name="Unit Delay" SID="2347:1249">
    <P Name="Position">[375, 193, 410, 227]</P>
    <P Name="ZOrder">-5</P>
    <P Name="SampleTime">0.01</P>
    <P Name="HasFrameUpgradeWarning">on</P>
  </Block>
  <Block BlockType="SubSystem" Name="V2SL_1" SID="2347:1250">
    <PortCounts out="1" lconn="1"/>
    <P Name="Position">[75, 42, 110, 58]</P>
    <P Name="ZOrder">-6</P>
    <System Ref="system_2347_1250"/>
  </Block>
  <Block BlockType="SubSystem" Name="V2SL_2" SID="2347:1257">
    <PortCounts out="1" lconn="1"/>
    <P Name="Position">[75, 82, 110, 98]</P>
    <P Name="ZOrder">-7</P>
    <System Ref="system_2347_1257"/>
  </Block>
  <Block BlockType="Gain" Name="f2rpm" SID="2347:1264">
    <P Name="Position">[320, 29, 375, 81]</P>
    <P Name="ZOrder">-8</P>
    <P Name="Gain">60/2</P>
  </Block>
  <Block BlockType="Gain" Name="rpm2volts" SID="2347:1265">
    <P Name="Position">[400, 30, 455, 80]</P>
    <P Name="ZOrder">-9</P>
    <P Name="Gain">5/4000</P>
  </Block>
  <Block BlockType="PMIOPort" Name="A" SID="2347:1266">
    <P Name="Position">[15, 43, 45, 57]</P>
    <P Name="ZOrder">-10</P>
    <P Name="Side">Left</P>
  </Block>
  <Block BlockType="PMIOPort" Name="B" SID="2347:1267">
    <P Name="Position">[15, 83, 45, 97]</P>
    <P Name="ZOrder">-11</P>
    <P Name="Port">2</P>
    <P Name="Side">Left</P>
  </Block>
  <Block BlockType="Outport" Name="V" SID="2347:1268">
    <P Name="Position">[575, 203, 605, 217]</P>
    <P Name="ZOrder">-12</P>
    <P Name="VectorParamsAs1DForOutWhenUnconnected">off</P>
  </Block>
  <Line>
    <P Name="ZOrder">1</P>
    <P Name="Src">2347:1246#out:1</P>
    <P Name="Dst">2347:1268#in:1</P>
  </Line>
  <Line LineType="Connection">
    <P Name="ZOrder">2</P>
    <P Name="Src">2347:1267#rconn:1</P>
    <P Name="Dst">2347:1257#lconn:1</P>
  </Line>
  <Line>
    <P Name="ZOrder">3</P>
    <P Name="Src">2347:1249#out:1</P>
    <P Name="Dst">2347:1246#in:1</P>
  </Line>
  <Line LineType="Connection">
    <P Name="ZOrder">4</P>
    <P Name="Src">2347:1266#rconn:1</P>
    <P Name="Dst">2347:1250#lconn:1</P>
  </Line>
  <Line>
    <P Name="ZOrder">5</P>
    <P Name="Src">2347:1247#out:1</P>
    <P Name="Points">[14, 0; 0, 88; -185, 0; 0, 67]</P>
    <P Name="Dst">2347:1249#in:1</P>
  </Line>
  <Line>
    <P Name="ZOrder">6</P>
    <P Name="Src">2347:1257#out:1</P>
    <P Name="Points">[5, 0]</P>
    <P Name="Dst">2347:1224#in:2</P>
  </Line>
  <Line>
    <P Name="ZOrder">7</P>
    <P Name="Src">2347:1250#out:1</P>
    <P Name="Dst">2347:1224#in:1</P>
  </Line>
  <Line>
    <P Name="ZOrder">8</P>
    <P Name="Src">2347:1265#out:1</P>
    <P Name="Dst">2347:1247#in:1</P>
  </Line>
  <Line>
    <P Name="ZOrder">9</P>
    <P Name="Src">2347:1264#out:1</P>
    <P Name="Dst">2347:1265#in:1</P>
  </Line>
  <Line>
    <P Name="ZOrder">10</P>
    <P Name="Src">2347:1224#out:3</P>
    <P Name="Dst">2347:1248#in:1</P>
  </Line>
  <Line>
    <P Name="ZOrder">11</P>
    <P Name="Src">2347:1224#out:1</P>
    <P Name="Dst">2347:1223#in:1</P>
  </Line>
  <Line>
    <P Name="ZOrder">12</P>
    <P Name="Src">2347:1224#out:2</P>
    <P Name="Dst">2347:1223#in:2</P>
  </Line>
  <Line>
    <P Name="ZOrder">13</P>
    <P Name="Src">2347:1223#out:1</P>
    <P Name="Dst">2347:1264#in:1</P>
  </Line>
</System>
