<?xml version="1.0" encoding="utf-8"?>
<System>
  <P Name="Location">[-7, -7, 1543, 937]</P>
  <P Name="ZoomFactor">78</P>
  <Block BlockType="SubSystem" Name="Oval_Head_M4_10_RIGID" SID="113">
    <PortCounts lconn="1"/>
    <P Name="Position">[270, 320, 310, 360]</P>
    <P Name="ZOrder">14</P>
    <Mask>
      <Display/>
    </Mask>
    <System Ref="system_113"/>
  </Block>
  <Block BlockType="SubSystem" Name="Oval_Head_M4_11_RIGID" SID="114">
    <PortCounts lconn="1"/>
    <P Name="Position">[270, 260, 310, 300]</P>
    <P Name="ZOrder">15</P>
    <Mask>
      <Display/>
    </Mask>
    <System Ref="system_114"/>
  </Block>
  <Block BlockType="SubSystem" Name="Oval_Head_M4_2_RIGID" SID="117">
    <PortCounts lconn="1"/>
    <P Name="Position">[270, 200, 310, 240]</P>
    <P Name="ZOrder">18</P>
    <Mask>
      <Display/>
    </Mask>
    <System Ref="system_117"/>
  </Block>
  <Block BlockType="SubSystem" Name="Oval_Head_M4_3_RIGID" SID="118">
    <PortCounts lconn="1"/>
    <P Name="Position">[270, 140, 310, 180]</P>
    <P Name="ZOrder">19</P>
    <Mask>
      <Display/>
    </Mask>
    <System Ref="system_118"/>
  </Block>
  <Block BlockType="SubSystem" Name="Oval_Head_M4_7_RIGID" SID="122">
    <PortCounts lconn="1"/>
    <P Name="Position">[270, 80, 310, 120]</P>
    <P Name="ZOrder">23</P>
    <Mask>
      <Display/>
    </Mask>
    <System Ref="system_122"/>
  </Block>
  <Block BlockType="SubSystem" Name="Oval_Head_M4_9_RIGID" SID="124">
    <PortCounts lconn="1"/>
    <P Name="Position">[270, 20, 310, 60]</P>
    <P Name="ZOrder">25</P>
    <Mask>
      <Display/>
    </Mask>
    <System Ref="system_124"/>
  </Block>
  <Block BlockType="PMIOPort" Name="G" SID="1300">
    <P Name="Position">[20, 168, 50, 182]</P>
    <P Name="ZOrder">26</P>
    <P Name="Side">Left</P>
  </Block>
  <Line LineType="Connection">
    <P Name="ZOrder">12</P>
    <P Name="Points">[193, 160; 62, 0]</P>
    <P Name="Dst">118#lconn:1</P>
    <Branch ConnectType="SRC_DEST">
      <P Name="Points">[193, 174; 0, -14]</P>
      <Branch ConnectType="SRC_DEST">
        <P Name="Src">1300#rconn:1</P>
        <P Name="Points">[64, 0; 0, -1; 64, 0]</P>
      </Branch>
      <Branch ConnectType="SRC_SRC">
        <P Name="Points">[0, 46]</P>
        <Branch ConnectType="DEST_SRC">
          <P Name="Points">[0, 60]</P>
          <Branch ConnectType="DEST_SRC">
            <P Name="Points">[0, 60]</P>
            <P Name="Dst">113#lconn:1</P>
          </Branch>
          <Branch ConnectType="DEST_SRC">
            <P Name="Dst">114#lconn:1</P>
          </Branch>
        </Branch>
        <Branch ConnectType="DEST_SRC">
          <P Name="Dst">117#lconn:1</P>
        </Branch>
      </Branch>
    </Branch>
    <Branch ConnectType="SRC_SRC">
      <P Name="Points">[0, -60]</P>
      <Branch ConnectType="DEST_SRC">
        <P Name="Points">[0, -60]</P>
        <P Name="Dst">124#lconn:1</P>
      </Branch>
      <Branch ConnectType="DEST_SRC">
        <P Name="Dst">122#lconn:1</P>
      </Branch>
    </Branch>
  </Line>
</System>
