<?xml version="1.0" encoding="utf-8"?>
<System>
  <P Name="Location">[21, 14, 874, 552]</P>
  <Block BlockType="SubSystem" Name="AilBrk_C_1_RIGID" SID="100">
    <PortCounts lconn="2" rconn="1"/>
    <P Name="Position">[-210, 50, -170, 90]</P>
    <P Name="ZOrder">1</P>
    <Mask>
      <Display/>
    </Mask>
    <System Ref="system_100"/>
  </Block>
  <Block BlockType="SubSystem" Name="Bolt CBrk" SID="1290">
    <PortCounts lconn="1"/>
    <P Name="Position">[-220, -35, -160, 25]</P>
    <P Name="ZOrder">54</P>
    <P Name="ContentPreviewEnabled">on</P>
    <System Ref="system_1290"/>
  </Block>
  <Block BlockType="SubSystem" Name="Screws CBrk" SID="1292">
    <PortCounts lconn="1"/>
    <P Name="Position">[-220, -120, -160, -60]</P>
    <P Name="ZOrder">55</P>
    <P Name="ContentPreviewEnabled">on</P>
    <System Ref="system_1292"/>
  </Block>
  <Block BlockType="PMIOPort" Name="Ail" SID="1310">
    <P Name="Position">[-65, 63, -35, 77]</P>
    <P Name="ZOrder">56</P>
    <P Name="BlockMirror">on</P>
    <P Name="Side">Right</P>
  </Block>
  <Block BlockType="PMIOPort" Name="Act" SID="1311">
    <P Name="Position">[-345, 73, -315, 87]</P>
    <P Name="ZOrder">57</P>
    <P Name="Port">2</P>
    <P Name="Side">Left</P>
  </Block>
  <Line LineType="Connection">
    <P Name="ZOrder">17</P>
    <P Name="Src">100#lconn:1</P>
    <P Name="Points">[-32, 0; 0, -65]</P>
    <Branch ConnectType="DEST_SRC">
      <P Name="Points">[0, -85]</P>
      <P Name="Dst">1292#lconn:1</P>
    </Branch>
    <Branch ConnectType="DEST_SRC">
      <P Name="Dst">1290#lconn:1</P>
    </Branch>
  </Line>
  <Line LineType="Connection">
    <P Name="ZOrder">145</P>
    <P Name="Src">100#rconn:1</P>
    <P Name="Dst">1310#rconn:1</P>
  </Line>
  <Line LineType="Connection">
    <P Name="ZOrder">146</P>
    <P Name="Src">100#lconn:2</P>
    <P Name="Dst">1311#rconn:1</P>
  </Line>
</System>
