<?xml version="1.0" encoding="utf-8"?>
<System>
  <P Name="Location">[-1, -8, 1921, 1041]</P>
  <P Name="ZoomFactor">101</P>
  <Block BlockType="Goto" Name="Goto" SID="2347:1324">
    <P Name="Position">[245, 102, 285, 118]</P>
    <P Name="ZOrder">180</P>
    <P Name="GotoTag">Disp3</P>
    <P Name="TagVisibility">global</P>
  </Block>
  <Block BlockType="Reference" Name="Ideal Translational&#xA;Motion Sensor" SID="2347:1318">
    <PortCounts lconn="1" rconn="3"/>
    <P Name="Position">[80, 75, 120, 115]</P>
    <P Name="ZOrder">-8</P>
    <P Name="ShowName">off</P>
    <P Name="LibraryVersion">10007000.1</P>
    <P Name="SourceBlock">fl_lib/Mechanical/Mechanical Sensors/Ideal Translational
Motion Sensor</P>
    <P Name="SourceType">Ideal Translational
Motion Sensor</P>
    <InstanceData>
      <P Name="LogSimulationData">off</P>
      <P Name="SourceFile">foundation.mechanical.sensors.velocity</P>
      <P Name="InternalSimscapePortConfiguration">{&quot;Bottom&quot;:[],&quot;Left&quot;:[{&quot;id&quot;:&quot;R&quot;,&quot;label&quot;:&quot;R&quot;,&quot;type&quot;:&quot;foundation.mechanical.translational.translational&quot;}],&quot;Right&quot;:[{&quot;id&quot;:&quot;C&quot;,&quot;label&quot;:&quot;C&quot;,&quot;type&quot;:&quot;foundation.mechanical.translational.translational&quot;},{&quot;id&quot;:&quot;V&quot;,&quot;label&quot;:&quot;V&quot;,&quot;type&quot;:&quot;output&quot;},{&quot;id&quot;:&quot;P&quot;,&quot;label&quot;:&quot;P&quot;,&quot;type&quot;:&quot;output&quot;}],&quot;Top&quot;:[]}</P>
      <P Name="SscBlockScalableBuild">off</P>
      <P Name="ComponentPath">foundation.mechanical.sensors.velocity</P>
      <P Name="ComponentVariants">foundation.mechanical.sensors.velocity</P>
      <P Name="ComponentVariantNames">velocity</P>
      <P Name="ClassName">sensor_transl_motion</P>
      <P Name="SchemaVersion">1</P>
      <P Name="reference">foundation.enum.MeasurementReference.difference</P>
      <P Name="reference_unit">1</P>
      <P Name="reference_conf">compiletime</P>
      <P Name="acceleration_port">false</P>
      <P Name="acceleration_port_unit">1</P>
      <P Name="acceleration_port_conf">compiletime</P>
      <P Name="velocity_port">true</P>
      <P Name="velocity_port_unit">1</P>
      <P Name="velocity_port_conf">compiletime</P>
      <P Name="position_port">true</P>
      <P Name="position_port_unit">1</P>
      <P Name="position_port_conf">compiletime</P>
      <P Name="offset">0</P>
      <P Name="offset_unit">m</P>
      <P Name="offset_conf">compiletime</P>
    </InstanceData>
  </Block>
  <Block BlockType="Reference" Name="Mechanical&#xA;Translational&#xA;Reference2" SID="2347:1319">
    <PortCounts lconn="1"/>
    <P Name="Position">[150, 70, 170, 90]</P>
    <P Name="ZOrder">11</P>
    <P Name="ShowName">off</P>
    <P Name="LibraryVersion">10007000.1</P>
    <P Name="SourceBlock">fl_lib/Mechanical/Translational
Elements/Mechanical
Translational
Reference</P>
    <P Name="SourceType">Mechanical
Translational
Reference</P>
    <InstanceData>
      <P Name="LogSimulationData">off</P>
      <P Name="SourceFile">foundation.mechanical.translational.reference</P>
      <P Name="InternalSimscapePortConfiguration">{&quot;Bottom&quot;:[],&quot;Left&quot;:[{&quot;id&quot;:&quot;V&quot;,&quot;label&quot;:&quot;&quot;,&quot;type&quot;:&quot;foundation.mechanical.translational.translational&quot;}],&quot;Right&quot;:[],&quot;Top&quot;:[]}</P>
      <P Name="SscBlockScalableBuild">off</P>
      <P Name="ComponentPath">foundation.mechanical.translational.reference</P>
      <P Name="ComponentVariants">foundation.mechanical.translational.reference</P>
      <P Name="ComponentVariantNames">reference</P>
      <P Name="ClassName">reference_transl</P>
      <P Name="SchemaVersion">1</P>
    </InstanceData>
  </Block>
  <Block BlockType="Reference" Name="PS-Simulink&#xA;Converter" SID="2347:1320">
    <PortCounts out="1" lconn="1"/>
    <P Name="Position">[185, 102, 200, 118]</P>
    <P Name="ZOrder">-15</P>
    <P Name="ShowName">off</P>
    <P Name="LibraryVersion">7.0</P>
    <P Name="FontSize">9</P>
    <P Name="SourceBlock">nesl_utility/PS-Simulink
Converter</P>
    <P Name="SourceType">PS-Simulink
Converter</P>
    <InstanceData>
      <P Name="RTWMemSecFuncInitTerm">Inherit from model</P>
      <P Name="RTWMemSecFuncExecute">Inherit from model</P>
      <P Name="RTWMemSecDataConstants">Inherit from model</P>
      <P Name="RTWMemSecDataInternal">Inherit from model</P>
      <P Name="RTWMemSecDataParameters">Inherit from model</P>
      <P Name="ContentPreviewEnabled">off</P>
      <P Name="PhysicalDomain">network_engine_domain</P>
      <P Name="SubClassName">ps_output</P>
      <P Name="LeftPortType">input</P>
      <P Name="RightPortType">output</P>
      <P Name="PseudoPeriodic">off</P>
      <P Name="Frequencies">[]</P>
      <P Name="VectorFormat">1-D array</P>
      <P Name="Unit">1</P>
      <P Name="AffineConversion">off</P>
    </InstanceData>
  </Block>
  <Block BlockType="PMIOPort" Name="R" SID="2347:1321">
    <P Name="Position">[20, 88, 50, 102]</P>
    <P Name="ZOrder">13</P>
    <P Name="NameLocation">top</P>
    <P Name="Side">Left</P>
  </Block>
  <Line LineType="Connection">
    <P Name="ZOrder">1</P>
    <P Name="Src">2347:1321#rconn:1</P>
    <P Name="Dst">2347:1318#lconn:1</P>
  </Line>
  <Line LineType="Connection">
    <P Name="ZOrder">2</P>
    <P Name="Src">2347:1319#lconn:1</P>
    <P Name="Dst">2347:1318#rconn:1</P>
  </Line>
  <Line>
    <P Name="ZOrder">3</P>
    <P Name="Src">2347:1320#out:1</P>
    <P Name="Dst">2347:1324#in:1</P>
  </Line>
  <Line LineType="Connection">
    <P Name="ZOrder">4</P>
    <P Name="Src">2347:1320#lconn:1</P>
    <P Name="Dst">2347:1318#rconn:3</P>
  </Line>
</System>
