<?xml version="1.0" encoding="utf-8"?>
<System>
  <P Name="Location">[21, 14, 874, 552]</P>
  <Block BlockType="SubSystem" Name="Hex_Bolt_M10_2_RIGID" SID="104">
    <PortCounts lconn="1"/>
    <P Name="Position">[210, 125, 250, 165]</P>
    <P Name="ZOrder">5</P>
    <Mask>
      <Display/>
    </Mask>
    <System Ref="system_104"/>
  </Block>
  <Block BlockType="SubSystem" Name="Washer_1_RIGID" SID="126">
    <PortCounts lconn="2"/>
    <P Name="Position">[210, 20, 250, 60]</P>
    <P Name="ZOrder">27</P>
    <Mask>
      <Display/>
    </Mask>
    <System Ref="system_126"/>
  </Block>
  <Block BlockType="PMIOPort" Name="M" SID="1297">
    <P Name="Position">[20, 23, 50, 37]</P>
    <P Name="ZOrder">28</P>
    <P Name="Side">Left</P>
  </Block>
  <Block BlockType="PMIOPort" Name="G" SID="1298">
    <P Name="Position">[85, 93, 115, 107]</P>
    <P Name="ZOrder">29</P>
    <P Name="Port">2</P>
    <P Name="Side">Left</P>
  </Block>
  <Line LineType="Connection">
    <P Name="ZOrder">49</P>
    <P Name="Points">[142, 100; 0, -50; 53, 0]</P>
    <P Name="Dst">126#lconn:2</P>
    <Branch ConnectType="SRC_SRC">
      <P Name="Points">[0, 45]</P>
      <P Name="Dst">104#lconn:1</P>
    </Branch>
    <Branch ConnectType="SRC_DEST">
      <P Name="Src">1298#rconn:1</P>
      <P Name="Points">[12, 0]</P>
    </Branch>
  </Line>
  <Line LineType="Connection">
    <P Name="ZOrder">113</P>
    <P Name="Src">126#lconn:1</P>
    <P Name="Dst">1297#rconn:1</P>
  </Line>
</System>
