<?xml version="1.0" encoding="utf-8"?>
<System>
  <P Name="Location">[21, 14, 874, 552]</P>
  <Block BlockType="SubSystem" Name="Oval_Head_M4_10_RIGID" SID="432">
    <PortCounts lconn="1"/>
    <P Name="Position">[355, 290, 395, 330]</P>
    <P Name="ZOrder">14</P>
    <Mask>
      <Display/>
    </Mask>
    <System Ref="system_432"/>
  </Block>
  <Block BlockType="SubSystem" Name="Oval_Head_M4_11_RIGID" SID="433">
    <PortCounts lconn="1"/>
    <P Name="Position">[355, 230, 395, 270]</P>
    <P Name="ZOrder">15</P>
    <Mask>
      <Display/>
    </Mask>
    <System Ref="system_433"/>
  </Block>
  <Block BlockType="SubSystem" Name="Oval_Head_M4_12_RIGID" SID="434">
    <PortCounts lconn="1"/>
    <P Name="Position">[355, 170, 395, 210]</P>
    <P Name="ZOrder">16</P>
    <Mask>
      <Display/>
    </Mask>
    <System Ref="system_434"/>
  </Block>
  <Block BlockType="SubSystem" Name="Oval_Head_M4_5_RIGID" SID="439">
    <PortCounts lconn="1"/>
    <P Name="Position">[120, 290, 160, 330]</P>
    <P Name="ZOrder">21</P>
    <Mask>
      <Display/>
    </Mask>
    <System Ref="system_439"/>
  </Block>
  <Block BlockType="SubSystem" Name="Oval_Head_M4_6_RIGID" SID="440">
    <PortCounts lconn="1"/>
    <P Name="Position">[120, 230, 160, 270]</P>
    <P Name="ZOrder">22</P>
    <Mask>
      <Display/>
    </Mask>
    <System Ref="system_440"/>
  </Block>
  <Block BlockType="SubSystem" Name="Oval_Head_M4_8_RIGID" SID="442">
    <PortCounts lconn="1"/>
    <P Name="Position">[120, 170, 160, 210]</P>
    <P Name="ZOrder">24</P>
    <Mask>
      <Display/>
    </Mask>
    <System Ref="system_442"/>
  </Block>
  <Block BlockType="PMIOPort" Name="B" SID="1245">
    <P Name="Position">[213, 385, 227, 415]</P>
    <P Name="ZOrder">25</P>
    <P Name="BlockRotation">270</P>
    <P Name="NameLocation">right</P>
    <P Name="Side">Left</P>
  </Block>
  <Line LineType="Connection">
    <P Name="ZOrder">4</P>
    <P Name="Points">[292, 310; 48, 0]</P>
    <P Name="Dst">432#lconn:1</P>
    <Branch ConnectType="SRC_SRC">
      <P Name="Points">[0, -60]</P>
      <Branch ConnectType="DEST_SRC">
        <P Name="Points">[0, -60]</P>
        <P Name="Dst">434#lconn:1</P>
      </Branch>
      <Branch ConnectType="DEST_SRC">
        <P Name="Dst">433#lconn:1</P>
      </Branch>
    </Branch>
    <Branch ConnectType="SRC_DEST">
      <P Name="Points">[220, 358; 72, 0; 0, -48]</P>
      <Branch ConnectType="SRC_SRC">
        <P Name="Points">[-163, 0; 0, -48]</P>
        <Branch ConnectType="DEST_SRC">
          <P Name="Dst">439#lconn:1</P>
        </Branch>
        <Branch ConnectType="DEST_SRC">
          <P Name="Points">[0, -60]</P>
          <Branch ConnectType="DEST_SRC">
            <P Name="Dst">440#lconn:1</P>
          </Branch>
          <Branch ConnectType="DEST_SRC">
            <P Name="Points">[0, -60]</P>
            <P Name="Dst">442#lconn:1</P>
          </Branch>
        </Branch>
      </Branch>
      <Branch ConnectType="SRC_DEST">
        <P Name="Src">1245#rconn:1</P>
        <P Name="Points">[0, -12]</P>
      </Branch>
    </Branch>
  </Line>
</System>
