<?xml version="1.0" encoding="utf-8"?>
<System>
  <P Name="Location">[526, 94, 1340, 613]</P>
  <Block BlockType="Goto" Name="Goto1" SID="2347:1599">
    <P Name="Position">[285, 114, 375, 136]</P>
    <P Name="ZOrder">54</P>
    <P Name="ShowName">off</P>
    <P Name="Commented">on</P>
    <P Name="GotoTag">Power_M3</P>
    <P Name="TagVisibility">global</P>
  </Block>
  <Block BlockType="Reference" Name="PS-Simulink" SID="2347:1600">
    <PortCounts out="1" lconn="1"/>
    <P Name="Position">[245, 117, 260, 133]</P>
    <P Name="ZOrder">53</P>
    <P Name="NameLocation">top</P>
    <P Name="ShowName">off</P>
    <P Name="LibraryVersion">7.0</P>
    <P Name="SourceBlock">nesl_utility/PS-Simulink
Converter</P>
    <P Name="SourceType">PS-Simulink
Converter</P>
    <InstanceData>
      <P Name="RTWMemSecFuncInitTerm">Inherit from model</P>
      <P Name="RTWMemSecFuncExecute">Inherit from model</P>
      <P Name="RTWMemSecDataConstants">Inherit from model</P>
      <P Name="RTWMemSecDataInternal">Inherit from model</P>
      <P Name="RTWMemSecDataParameters">Inherit from model</P>
      <P Name="ContentPreviewEnabled">off</P>
      <P Name="PhysicalDomain">network_engine_domain</P>
      <P Name="SubClassName">ps_output</P>
      <P Name="LeftPortType">input</P>
      <P Name="RightPortType">output</P>
      <P Name="PseudoPeriodic">off</P>
      <P Name="Frequencies">[]</P>
      <P Name="VectorFormat">1-D array</P>
      <P Name="Unit">W</P>
      <P Name="AffineConversion">off</P>
    </InstanceData>
  </Block>
  <Block BlockType="Reference" Name="Power Sensor" SID="2347:1601">
    <PortCounts lconn="3" rconn="1"/>
    <P Name="Position">[130, 70, 205, 180]</P>
    <P Name="ZOrder">52</P>
    <P Name="LibraryVersion">10007000.3</P>
    <P Name="SourceBlock">ee_lib/Sensors &amp;
Transducers/Power Sensor</P>
    <P Name="SourceType">Power Sensor</P>
    <InstanceData>
      <P Name="LogSimulationData">off</P>
      <P Name="SourceFile">ee.sensors.power_sensor</P>
      <P Name="InternalSimscapePortConfiguration">{&quot;Bottom&quot;:[],&quot;Left&quot;:[{&quot;id&quot;:&quot;s&quot;,&quot;label&quot;:&quot;s&quot;,&quot;type&quot;:&quot;foundation.electrical.electrical&quot;},{&quot;id&quot;:&quot;p&quot;,&quot;label&quot;:&quot;+&quot;,&quot;type&quot;:&quot;foundation.electrical.electrical&quot;},{&quot;id&quot;:&quot;n&quot;,&quot;label&quot;:&quot;-&quot;,&quot;type&quot;:&quot;foundation.electrical.electrical&quot;}],&quot;Right&quot;:[{&quot;id&quot;:&quot;P&quot;,&quot;label&quot;:&quot;P&quot;,&quot;type&quot;:&quot;output&quot;}],&quot;Top&quot;:[]}</P>
      <P Name="SscBlockScalableBuild">off</P>
      <P Name="ComponentPath">ee.sensors.power_sensor</P>
      <P Name="ComponentVariants">ee.sensors.power_sensor</P>
      <P Name="ComponentVariantNames">power_sensor</P>
      <P Name="ClassName">power_sensor</P>
      <P Name="SchemaVersion">1</P>
      <P Name="measurement_type">1</P>
      <P Name="measurement_type_unit">1</P>
      <P Name="measurement_type_conf">compiletime</P>
      <P Name="averaging_period">1e-4</P>
      <P Name="averaging_period_unit">s</P>
      <P Name="averaging_period_conf">compiletime</P>
    </InstanceData>
  </Block>
  <Block BlockType="PMIOPort" Name="S" SID="2347:1602">
    <P Name="Position">[65, 83, 95, 97]</P>
    <P Name="ZOrder">55</P>
    <P Name="Side">Right</P>
  </Block>
  <Block BlockType="PMIOPort" Name="+" SID="2347:1603">
    <P Name="Position">[65, 118, 95, 132]</P>
    <P Name="ZOrder">56</P>
    <P Name="Port">2</P>
    <P Name="Side">Left</P>
  </Block>
  <Block BlockType="PMIOPort" Name="-" SID="2347:1604">
    <P Name="Position">[65, 153, 95, 167]</P>
    <P Name="ZOrder">57</P>
    <P Name="Port">3</P>
    <P Name="Side">Left</P>
  </Block>
  <Line LineType="Connection">
    <P Name="ZOrder">1</P>
    <P Name="Src">2347:1600#lconn:1</P>
    <P Name="Dst">2347:1601#rconn:1</P>
  </Line>
  <Line LineType="Connection">
    <P Name="ZOrder">2</P>
    <P Name="Src">2347:1601#lconn:1</P>
    <P Name="Dst">2347:1602#rconn:1</P>
  </Line>
  <Line LineType="Connection">
    <P Name="ZOrder">3</P>
    <P Name="Src">2347:1601#lconn:3</P>
    <P Name="Dst">2347:1604#rconn:1</P>
  </Line>
  <Line>
    <P Name="ZOrder">4</P>
    <P Name="Src">2347:1600#out:1</P>
    <P Name="Dst">2347:1599#in:1</P>
  </Line>
  <Line LineType="Connection">
    <P Name="ZOrder">5</P>
    <P Name="Src">2347:1601#lconn:2</P>
    <P Name="Dst">2347:1603#rconn:1</P>
  </Line>
</System>
