<?xml version="1.0" encoding="utf-8"?>
<System>
  <P Name="Location">[29, 66, 1567, 898]</P>
  <P Name="ZoomFactor">125</P>
  <Block BlockType="Constant" Name="Constant" SID="2349:1487">
    <P Name="Position">[15, -110, 45, -80]</P>
    <P Name="ZOrder">8</P>
    <P Name="Commented">on</P>
    <P Name="Value">0</P>
  </Block>
  <Block BlockType="Reference" Name="Force Error Command" SID="2349:1490">
    <PortCounts out="1"/>
    <P Name="Position">[15, -148, 45, -132]</P>
    <P Name="ZOrder">100000</P>
    <P Name="Commented">on</P>
    <P Name="LibraryVersion">4.1</P>
    <P Name="SourceBlock">simulink/Sources/Repeating
Sequence</P>
    <P Name="SourceType">Repeating table</P>
    <InstanceData>
      <P Name="RTWMemSecFuncInitTerm">Inherit from model</P>
      <P Name="RTWMemSecFuncExecute">Inherit from model</P>
      <P Name="RTWMemSecDataConstants">Inherit from model</P>
      <P Name="RTWMemSecDataInternal">Inherit from model</P>
      <P Name="RTWMemSecDataParameters">Inherit from model</P>
      <P Name="ContentPreviewEnabled">off</P>
      <P Name="rep_seq_t">[0.0  4.0  6.0   8.0  10.0  12.0 14.0  16.0  18.0  20.0    22.0   24.0    26.0   28.0  30.0   32.0  34.0  36.0   38.0  40.0  42.0  44.0  46.0  48.0]</P>
      <P Name="rep_seq_y">[1.0  1.0  1.0  1.0  1.0  1.0  1.0  1.0 1.0  1.0  1.0  1.0  1.0  1.0  1.0   1.0  1.0  1.0  1.0  1.0  1.0  1.0  1.0  1.0]</P>
    </InstanceData>
    <PortProperties>
      <Port Type="out" Index="1">
        <P Name="Name">clock</P>
      </Port>
    </PortProperties>
  </Block>
  <Block BlockType="Reference" Name="Force Sensor" SID="2349:1304">
    <PortCounts lconn="1" rconn="2"/>
    <P Name="Position">[95, 70, 135, 110]</P>
    <P Name="ZOrder">2</P>
    <P Name="BlockRotation">180</P>
    <P Name="LibraryVersion">10007000.1</P>
    <P Name="SourceBlock">fl_lib/Mechanical/Mechanical Sensors/Ideal Force Sensor</P>
    <P Name="SourceType">Ideal Force Sensor</P>
    <InstanceData>
      <P Name="LogSimulationData">off</P>
      <P Name="SourceFile">foundation.mechanical.sensors.force</P>
      <P Name="InternalSimscapePortConfiguration">{&quot;Bottom&quot;:[],&quot;Left&quot;:[{&quot;id&quot;:&quot;R&quot;,&quot;label&quot;:&quot;R&quot;,&quot;type&quot;:&quot;foundation.mechanical.translational.translational&quot;}],&quot;Right&quot;:[{&quot;id&quot;:&quot;C&quot;,&quot;label&quot;:&quot;C&quot;,&quot;type&quot;:&quot;foundation.mechanical.translational.translational&quot;},{&quot;id&quot;:&quot;F&quot;,&quot;label&quot;:&quot;F&quot;,&quot;type&quot;:&quot;output&quot;}],&quot;Top&quot;:[]}</P>
      <P Name="SscBlockScalableBuild">off</P>
      <P Name="ComponentPath">foundation.mechanical.sensors.force</P>
      <P Name="ComponentVariants">foundation.mechanical.sensors.force</P>
      <P Name="ComponentVariantNames">force</P>
      <P Name="ClassName">force</P>
      <P Name="SchemaVersion">1</P>
    </InstanceData>
  </Block>
  <Block BlockType="Reference" Name="PS-Simulink&#xA;Converter" SID="2349:1488">
    <PortCounts out="1" lconn="1"/>
    <P Name="Position">[95, -163, 110, -147]</P>
    <P Name="ZOrder">9</P>
    <P Name="Commented">on</P>
    <P Name="LibraryVersion">7.0</P>
    <P Name="SourceBlock">nesl_utility/PS-Simulink
Converter</P>
    <P Name="SourceType">PS-Simulink
Converter</P>
    <InstanceData>
      <P Name="RTWMemSecFuncInitTerm">Inherit from model</P>
      <P Name="RTWMemSecFuncExecute">Inherit from model</P>
      <P Name="RTWMemSecDataConstants">Inherit from model</P>
      <P Name="RTWMemSecDataInternal">Inherit from model</P>
      <P Name="RTWMemSecDataParameters">Inherit from model</P>
      <P Name="ContentPreviewEnabled">on</P>
      <P Name="PhysicalDomain">network_engine_domain</P>
      <P Name="SubClassName">ps_output</P>
      <P Name="LeftPortType">input</P>
      <P Name="RightPortType">output</P>
      <P Name="PseudoPeriodic">off</P>
      <P Name="Frequencies">[]</P>
      <P Name="VectorFormat">inherit</P>
      <P Name="Unit">inherit</P>
      <P Name="AffineConversion">off</P>
    </InstanceData>
  </Block>
  <Block BlockType="Scope" Name="Scope" SID="2349:1492">
    <PortCounts in="2"/>
    <P Name="Position">[365, -194, 395, -161]</P>
    <P Name="ZOrder">100000</P>
    <P Name="Commented">on</P>
    <P Name="ScopeSpecificationString">Simulink.scopes.TimeScopeBlockCfg(&apos;CurrentConfiguration&apos;, extmgr.ConfigurationSet(extmgr.Configuration(&apos;Core&apos;,&apos;General UI&apos;,true),extmgr.Configuration(&apos;Core&apos;,&apos;Source UI&apos;,true),extmgr.Configuration(&apos;Sources&apos;,&apos;WiredSimulink&apos;,true,&apos;DataLoggingVariableName&apos;,&apos;ScopeData2&apos;),extmgr.Configuration(&apos;Visuals&apos;,&apos;Time Domain&apos;,true,&apos;SerializedDisplays&apos;,{struct(&apos;MinYLimReal&apos;,&apos;-0.0527&apos;,&apos;MaxYLimReal&apos;,&apos;0.01232&apos;,&apos;YLabelReal&apos;,&apos;&apos;,&apos;MinYLimMag&apos;,&apos;0.00000&apos;,&apos;MaxYLimMag&apos;,&apos;0.0527&apos;,&apos;LegendVisibility&apos;,&apos;off&apos;,&apos;XGrid&apos;,true,&apos;YGrid&apos;,true,&apos;PlotMagPhase&apos;,false,&apos;AxesColor&apos;,[0 0 0],&apos;AxesTickColor&apos;,[0.686274509803922 0.686274509803922 0.686274509803922],&apos;ColorOrder&apos;,[1 1 0.0666666666666667;0.0745098039215686 0.623529411764706 1;1 0.411764705882353 0.16078431372549;0.392156862745098 0.831372549019608 0.0745098039215686;0.717647058823529 0.274509803921569 1;0.0588235294117647 1 1;1 0.0745098039215686 0.650980392156863],&apos;Title&apos;,&apos;%&lt;SignalLabel&gt;&apos;,&apos;LinePropertiesCache&apos;,{{}},&apos;UserDefinedChannelNames&apos;,{{}},&apos;NumLines&apos;,1,&apos;LineNames&apos;,{{&apos;PS-Simulink Converter&apos;}},&apos;ShowContent&apos;,true,&apos;Placement&apos;,1),struct(&apos;MinYLimReal&apos;,&apos;-0.0527&apos;,&apos;MaxYLimReal&apos;,&apos;0.01232&apos;,&apos;YLabelReal&apos;,&apos;&apos;,&apos;MinYLimMag&apos;,&apos;0.00000&apos;,&apos;MaxYLimMag&apos;,&apos;0.0244&apos;,&apos;LegendVisibility&apos;,&apos;off&apos;,&apos;XGrid&apos;,true,&apos;YGrid&apos;,true,&apos;PlotMagPhase&apos;,false,&apos;AxesColor&apos;,[0 0 0],&apos;AxesTickColor&apos;,[0.686274509803922 0.686274509803922 0.686274509803922],&apos;ColorOrder&apos;,[1 1 0.0666666666666667;0.0745098039215686 0.623529411764706 1;1 0.411764705882353 0.16078431372549;0.392156862745098 0.831372549019608 0.0745098039215686;0.717647058823529 0.274509803921569 1;0.0588235294117647 1 1;1 0.0745098039215686 0.650980392156863],&apos;Title&apos;,&apos;%&lt;SignalLabel&gt;&apos;,&apos;LinePropertiesCache&apos;,{{}},&apos;UserDefinedChannelNames&apos;,{{}},&apos;NumLines&apos;,1,&apos;LineNames&apos;,{{&apos;Unit Delay&apos;}},&apos;ShowContent&apos;,true,&apos;Placement&apos;,2)},&apos;DisplayPropertyDefaults&apos;,struct(&apos;YLabelReal&apos;,&apos;&apos;,&apos;LegendVisibility&apos;,&apos;off&apos;,&apos;XGrid&apos;,true,&apos;YGrid&apos;,true,&apos;PlotMagPhase&apos;,false,&apos;AxesColor&apos;,[0 0 0],&apos;AxesTickColor&apos;,[0.686274509803922 0.686274509803922 0.686274509803922],&apos;ColorOrder&apos;,[0.0745098039215686 0.623529411764706 1;1 0.411764705882353 0.16078431372549;1 1 0.0666666666666667;0.717647058823529 0.274509803921569 1;0.392156862745098 0.831372549019608 0.0745098039215686;0.0588235294117647 1 1;1 0.0745098039215686 0.650980392156863]),&apos;DisplayLayoutDimensions&apos;,[2 1]),extmgr.Configuration(&apos;Tools&apos;,&apos;Plot Navigation&apos;,true,&apos;PreviousAutoscale&apos;,&apos;XY&apos;),extmgr.Configuration(&apos;Tools&apos;,&apos;Measurements&apos;,true,&apos;Version&apos;,&apos;2023a&apos;)),&apos;Version&apos;,&apos;2023a&apos;)</P>
    <P Name="NumInputPorts">2</P>
    <P Name="Floating">off</P>
  </Block>
  <Block BlockType="Reference" Name="Simulink-PS&#xA;Converter" SID="2349:1489">
    <PortCounts in="1" rconn="1"/>
    <P Name="Position">[325, -148, 340, -132]</P>
    <P Name="ZOrder">10</P>
    <P Name="Commented">on</P>
    <P Name="LibraryVersion">7.0</P>
    <P Name="SourceBlock">nesl_utility/Simulink-PS
Converter</P>
    <P Name="SourceType">Simulink-PS
Converter</P>
    <InstanceData>
      <P Name="RTWMemSecFuncInitTerm">Inherit from model</P>
      <P Name="RTWMemSecFuncExecute">Inherit from model</P>
      <P Name="RTWMemSecDataConstants">Inherit from model</P>
      <P Name="RTWMemSecDataInternal">Inherit from model</P>
      <P Name="RTWMemSecDataParameters">Inherit from model</P>
      <P Name="ContentPreviewEnabled">on</P>
      <P Name="PhysicalDomain">network_engine_domain</P>
      <P Name="SubClassName">ps_input</P>
      <P Name="LeftPortType">input</P>
      <P Name="RightPortType">output</P>
      <P Name="PseudoPeriodic">off</P>
      <P Name="Frequencies">[]</P>
      <P Name="NoiseDistribution">none</P>
      <P Name="NoiseParameters">[]</P>
      <P Name="Unit">1</P>
      <P Name="AffineConversion">off</P>
      <P Name="FilteringAndDerivatives">provide</P>
      <P Name="SimscapeFilterOrder">1</P>
      <P Name="InputFilterTimeConstant">0.001</P>
      <P Name="UdotUserProvided">0</P>
    </InstanceData>
  </Block>
  <Block BlockType="Switch" Name="Switch" SID="2349:1486">
    <P Name="Position">[195, -160, 245, -120]</P>
    <P Name="ZOrder">7</P>
    <P Name="Commented">on</P>
    <P Name="Criteria">u2 &gt; Threshold</P>
    <P Name="InputSameDT">off</P>
    <P Name="SaturateOnIntegerOverflow">off</P>
  </Block>
  <Block BlockType="UnitDelay" Name="Unit Delay" SID="2349:1491">
    <P Name="Position">[270, -157, 305, -123]</P>
    <P Name="ZOrder">100000</P>
    <P Name="Commented">on</P>
    <P Name="SampleTime">-1</P>
    <P Name="HasFrameUpgradeWarning">on</P>
  </Block>
  <Block BlockType="Reference" Name="Velocity Source" SID="2349:1305">
    <PortCounts lconn="1" rconn="2"/>
    <P Name="Position">[225, 60, 265, 100]</P>
    <P Name="ZOrder">4</P>
    <P Name="BlockMirror">on</P>
    <P Name="LibraryVersion">10007000.1</P>
    <P Name="SourceBlock">fl_lib/Mechanical/Mechanical Sources/Ideal Translational
Velocity Source</P>
    <P Name="SourceType">Ideal Translational
Velocity Source</P>
    <InstanceData>
      <P Name="LogSimulationData">off</P>
      <P Name="SourceFile">foundation.mechanical.sources.velocity</P>
      <P Name="InternalSimscapePortConfiguration">{&quot;Bottom&quot;:[],&quot;Left&quot;:[{&quot;id&quot;:&quot;R&quot;,&quot;label&quot;:&quot;R&quot;,&quot;type&quot;:&quot;foundation.mechanical.translational.translational&quot;}],&quot;Right&quot;:[{&quot;id&quot;:&quot;S&quot;,&quot;label&quot;:&quot;S&quot;,&quot;type&quot;:&quot;input&quot;},{&quot;id&quot;:&quot;C&quot;,&quot;label&quot;:&quot;C&quot;,&quot;type&quot;:&quot;foundation.mechanical.translational.translational&quot;}],&quot;Top&quot;:[]}</P>
      <P Name="SscBlockScalableBuild">off</P>
      <P Name="ComponentPath">foundation.mechanical.sources.velocity</P>
      <P Name="ComponentVariants">foundation.mechanical.sources.velocity</P>
      <P Name="ComponentVariantNames">velocity</P>
      <P Name="ClassName">velocity</P>
      <P Name="SchemaVersion">1</P>
    </InstanceData>
  </Block>
  <Block BlockType="PMIOPort" Name="v" SID="2349:1306">
    <P Name="Position">[200, -267, 230, -253]</P>
    <P Name="ZOrder">-3</P>
    <P Name="BlockMirror">on</P>
    <P Name="NameLocation">top</P>
    <P Name="Side">Right</P>
  </Block>
  <Block BlockType="PMIOPort" Name="f" SID="2349:1307">
    <P Name="Position">[0, 33, 30, 47]</P>
    <P Name="ZOrder">-4</P>
    <P Name="NameLocation">top</P>
    <P Name="Port">2</P>
    <P Name="Side">Left</P>
  </Block>
  <Block BlockType="PMIOPort" Name="R" SID="2349:1308">
    <P Name="Position">[300, 73, 330, 87]</P>
    <P Name="ZOrder">-5</P>
    <P Name="BlockMirror">on</P>
    <P Name="Port">3</P>
    <P Name="Side">Right</P>
  </Block>
  <Block BlockType="PMIOPort" Name="C" SID="2349:1309">
    <P Name="Position">[15, 93, 45, 107]</P>
    <P Name="ZOrder">-6</P>
    <P Name="Port">4</P>
    <P Name="Side">Left</P>
  </Block>
  <Line LineType="Connection">
    <P Name="ZOrder">63</P>
    <P Name="Src">2349:1309#rconn:1</P>
    <P Name="Dst">2349:1304#rconn:1</P>
  </Line>
  <Line LineType="Connection">
    <P Name="ZOrder">2</P>
    <P Name="Src">2349:1308#rconn:1</P>
    <P Name="Dst">2349:1305#lconn:1</P>
  </Line>
  <Line LineType="Connection">
    <P Name="ZOrder">3</P>
    <P Name="Src">2349:1304#lconn:1</P>
    <P Name="Dst">2349:1305#rconn:2</P>
  </Line>
  <Line LineType="Connection">
    <P Name="ZOrder">64</P>
    <P Name="Src">2349:1307#rconn:1</P>
    <P Name="Points">[18, 0; 0, 40]</P>
    <P Name="Dst">2349:1304#rconn:2</P>
  </Line>
  <Line>
    <P Name="ZOrder">7</P>
    <P Name="Src">2349:1488#out:1</P>
    <P Name="Points">[27, 0]</P>
    <Branch>
      <P Name="ZOrder">28</P>
      <P Name="Points">[0, -30]</P>
      <P Name="Dst">2349:1492#in:1</P>
    </Branch>
    <Branch>
      <P Name="ZOrder">27</P>
      <P Name="Dst">2349:1486#in:1</P>
    </Branch>
  </Line>
  <Line>
    <P Name="ZOrder">8</P>
    <P Name="Src">2349:1487#out:1</P>
    <P Name="Points">[116, 0; 0, -30]</P>
    <P Name="Dst">2349:1486#in:3</P>
  </Line>
  <Line>
    <P Name="Name">clock</P>
    <P Name="ZOrder">9</P>
    <P Name="Labels">[0, 0]</P>
    <P Name="Src">2349:1490#out:1</P>
    <P Name="Dst">2349:1486#in:2</P>
  </Line>
  <Line>
    <P Name="ZOrder">23</P>
    <P Name="Src">2349:1486#out:1</P>
    <P Name="Dst">2349:1491#in:1</P>
  </Line>
  <Line>
    <P Name="ZOrder">24</P>
    <P Name="Src">2349:1491#out:1</P>
    <P Name="Points">[0, 0]</P>
    <Branch>
      <P Name="ZOrder">26</P>
      <P Name="Points">[0, -30]</P>
      <P Name="Dst">2349:1492#in:2</P>
    </Branch>
    <Branch>
      <P Name="ZOrder">25</P>
      <P Name="Dst">2349:1489#in:1</P>
    </Branch>
  </Line>
  <Line LineType="Connection">
    <P Name="ZOrder">57</P>
    <P Name="Src">2349:1306#rconn:1</P>
    <P Name="Points">[-31, 0; 0, 330]</P>
    <P Name="Dst">2349:1305#rconn:1</P>
  </Line>
</System>
