<?xml version="1.0" encoding="utf-8"?>
<System>
  <P Name="Location">[13, 5, 890, 717]</P>
  <Block BlockType="Constant" Name="Constant" SID="2346:882">
    <P Name="Position">[25, 55, 85, 85]</P>
    <P Name="ZOrder">58</P>
    <P Name="Value">[0 0 0 0 0]</P>
  </Block>
  <Block BlockType="Outport" Name="Data" SID="2346:883">
    <P Name="Position">[145, 63, 175, 77]</P>
    <P Name="ZOrder">57</P>
    <P Name="VectorParamsAs1DForOutWhenUnconnected">off</P>
  </Block>
  <Line>
    <P Name="ZOrder">1</P>
    <P Name="Src">2346:882#out:1</P>
    <P Name="Dst">2346:883#in:1</P>
  </Line>
</System>
