<?xml version="1.0" encoding="utf-8"?>
<System>
  <P Name="Location">[526, 94, 1340, 613]</P>
  <Block BlockType="Reference" Name="5 volts" SID="1924:910">
    <PortCounts rconn="1"/>
    <P Name="Position">[260, 25, 300, 65]</P>
    <P Name="ZOrder">-1</P>
    <P Name="BlockRotation">270</P>
    <P Name="BlockMirror">on</P>
    <P Name="NameLocation">right</P>
    <P Name="LibraryVersion">10006000.3</P>
    <P Name="SourceBlock">ee_lib/Sources/Positive Supply Rail</P>
    <P Name="SourceType">Positive Supply Rail</P>
    <InstanceData>
      <P Name="LogSimulationData">off</P>
      <P Name="SourceFile">ee.sources.rail_positive</P>
      <P Name="InternalSimscapePortConfiguration">{&quot;Bottom&quot;:[],&quot;Left&quot;:[],&quot;Right&quot;:[{&quot;id&quot;:&quot;p&quot;,&quot;label&quot;:&quot;&quot;,&quot;type&quot;:&quot;foundation.electrical.electrical&quot;}],&quot;Top&quot;:[]}</P>
      <P Name="SscBlockScalableBuild">off</P>
      <P Name="ComponentPath">ee.sources.rail_positive</P>
      <P Name="ComponentVariants">ee.sources.rail_positive</P>
      <P Name="ComponentVariantNames">rail_positive</P>
      <P Name="ClassName">rail_positive</P>
      <P Name="SchemaVersion">1</P>
      <P Name="v0">5</P>
      <P Name="v0_unit">V</P>
      <P Name="v0_conf">compiletime</P>
    </InstanceData>
  </Block>
  <Block BlockType="Reference" Name="Electrical Reference1" SID="1924:911">
    <PortCounts lconn="1"/>
    <P Name="Position">[95, 265, 115, 285]</P>
    <P Name="ZOrder">-2</P>
    <P Name="BlockRotation">270</P>
    <P Name="BlockMirror">on</P>
    <P Name="NameLocation">right</P>
    <P Name="ShowName">off</P>
    <P Name="LibraryVersion">10006000.1</P>
    <P Name="SourceBlock">fl_lib/Electrical/Electrical Elements/Electrical Reference</P>
    <P Name="SourceType">Electrical Reference</P>
    <InstanceData>
      <P Name="LogSimulationData">off</P>
      <P Name="SourceFile">foundation.electrical.elements.reference</P>
      <P Name="InternalSimscapePortConfiguration">{&quot;Bottom&quot;:[],&quot;Left&quot;:[{&quot;id&quot;:&quot;V&quot;,&quot;label&quot;:&quot;&quot;,&quot;type&quot;:&quot;foundation.electrical.electrical&quot;}],&quot;Right&quot;:[],&quot;Top&quot;:[]}</P>
      <P Name="SscBlockScalableBuild">off</P>
      <P Name="ComponentPath">foundation.electrical.elements.reference</P>
      <P Name="ComponentVariants">foundation.electrical.elements.reference</P>
      <P Name="ComponentVariantNames">reference</P>
      <P Name="ClassName">reference_electrical</P>
      <P Name="SchemaVersion">1</P>
    </InstanceData>
  </Block>
  <Block BlockType="Reference" Name="Electrical Reference4" SID="1924:912">
    <PortCounts lconn="1"/>
    <P Name="Position">[445, 265, 465, 285]</P>
    <P Name="ZOrder">-3</P>
    <P Name="BlockRotation">270</P>
    <P Name="BlockMirror">on</P>
    <P Name="NameLocation">right</P>
    <P Name="ShowName">off</P>
    <P Name="LibraryVersion">10006000.1</P>
    <P Name="SourceBlock">fl_lib/Electrical/Electrical Elements/Electrical Reference</P>
    <P Name="SourceType">Electrical Reference</P>
    <InstanceData>
      <P Name="LogSimulationData">off</P>
      <P Name="SourceFile">foundation.electrical.elements.reference</P>
      <P Name="InternalSimscapePortConfiguration">{&quot;Bottom&quot;:[],&quot;Left&quot;:[{&quot;id&quot;:&quot;V&quot;,&quot;label&quot;:&quot;&quot;,&quot;type&quot;:&quot;foundation.electrical.electrical&quot;}],&quot;Right&quot;:[],&quot;Top&quot;:[]}</P>
      <P Name="SscBlockScalableBuild">off</P>
      <P Name="ComponentPath">foundation.electrical.elements.reference</P>
      <P Name="ComponentVariants">foundation.electrical.elements.reference</P>
      <P Name="ComponentVariantNames">reference</P>
      <P Name="ClassName">reference_electrical</P>
      <P Name="SchemaVersion">1</P>
    </InstanceData>
  </Block>
  <Block BlockType="Reference" Name="NPN1" SID="1924:913">
    <PortCounts lconn="1" rconn="2"/>
    <P Name="Position">[410, 195, 440, 255]</P>
    <P Name="ZOrder">-4</P>
    <P Name="LibraryVersion">10006000.3</P>
    <P Name="SourceBlock">ee_lib/Semiconductors &amp;
Converters/NPN Bipolar
Transistor</P>
    <P Name="SourceType">NPN Bipolar
Transistor</P>
    <InstanceData>
      <P Name="LogSimulationData">off</P>
      <P Name="SourceFile">ee.semiconductors.bjt_npn</P>
      <P Name="InternalSimscapePortConfiguration">{&quot;Bottom&quot;:[],&quot;Left&quot;:[{&quot;id&quot;:&quot;B&quot;,&quot;label&quot;:&quot;&quot;,&quot;type&quot;:&quot;foundation.electrical.electrical&quot;}],&quot;Right&quot;:[{&quot;id&quot;:&quot;p&quot;,&quot;label&quot;:&quot;&quot;,&quot;type&quot;:&quot;foundation.electrical.electrical&quot;},{&quot;id&quot;:&quot;n&quot;,&quot;label&quot;:&quot;&quot;,&quot;type&quot;:&quot;foundation.electrical.electrical&quot;}],&quot;Top&quot;:[]}</P>
      <P Name="SscBlockScalableBuild">off</P>
      <P Name="ComponentPath">ee.semiconductors.bjt_npn</P>
      <P Name="ComponentVariants">[&quot;ee.semiconductors.bjt_npn&quot;,&quot;ee.semiconductors.bjt_npn_thermal&quot;]</P>
      <P Name="ComponentVariantNames">[&quot;physmod:ee:library:comments:semiconductors:bjt_npn_sscx:noThermalPort&quot;,&quot;physmod:ee:library:comments:semiconductors:bjt_npn_sscx:showThermalPort&quot;]</P>
      <P Name="ClassName">Simscape variant</P>
      <P Name="SchemaVersion">1</P>
      <P Name="parameterization">1</P>
      <P Name="parameterization_unit">1</P>
      <P Name="parameterization_conf">compiletime</P>
      <P Name="BF">100</P>
      <P Name="BF_unit">1</P>
      <P Name="BF_conf">compiletime</P>
      <P Name="IS">1e-14</P>
      <P Name="IS_unit">A</P>
      <P Name="IS_conf">compiletime</P>
      <P Name="VAF">200</P>
      <P Name="VAF_unit">V</P>
      <P Name="VAF_conf">compiletime</P>
      <P Name="hfe">100</P>
      <P Name="hfe_unit">1</P>
      <P Name="hfe_conf">compiletime</P>
      <P Name="hoe">5e-05</P>
      <P Name="hoe_unit">1/Ohm</P>
      <P Name="hoe_conf">compiletime</P>
      <P Name="Ic_h">1</P>
      <P Name="Ic_h_unit">mA</P>
      <P Name="Ic_h_conf">compiletime</P>
      <P Name="Vce_h">5</P>
      <P Name="Vce_h_unit">V</P>
      <P Name="Vce_h_conf">compiletime</P>
      <P Name="V1">0.55</P>
      <P Name="V1_unit">V</P>
      <P Name="V1_conf">compiletime</P>
      <P Name="I1">0.5</P>
      <P Name="I1_unit">mA</P>
      <P Name="I1_conf">compiletime</P>
      <P Name="BR">1</P>
      <P Name="BR_unit">1</P>
      <P Name="BR_conf">compiletime</P>
      <P Name="Tmeas">298.15</P>
      <P Name="Tmeas_unit">K</P>
      <P Name="Tmeas_conf">compiletime</P>
      <P Name="RC">0</P>
      <P Name="RC_unit">Ohm</P>
      <P Name="RC_conf">compiletime</P>
      <P Name="RE">0</P>
      <P Name="RE_unit">Ohm</P>
      <P Name="RE_conf">compiletime</P>
      <P Name="RB">0</P>
      <P Name="RB_unit">Ohm</P>
      <P Name="RB_conf">compiletime</P>
      <P Name="C_BC">0</P>
      <P Name="C_BC_unit">pF</P>
      <P Name="C_BC_conf">compiletime</P>
      <P Name="C_BE">0</P>
      <P Name="C_BE_unit">pF</P>
      <P Name="C_BE_conf">compiletime</P>
      <P Name="TF">0</P>
      <P Name="TF_unit">us</P>
      <P Name="TF_conf">compiletime</P>
      <P Name="TR">0</P>
      <P Name="TR_unit">us</P>
      <P Name="TR_conf">compiletime</P>
      <P Name="prmDatasheet">1</P>
      <P Name="prmDatasheet_unit">1</P>
      <P Name="prmDatasheet_conf">compiletime</P>
      <P Name="prmEquCoeff">1</P>
      <P Name="prmEquCoeff_unit">1</P>
      <P Name="prmEquCoeff_conf">compiletime</P>
      <P Name="hfe_T2">125</P>
      <P Name="hfe_T2_unit">1</P>
      <P Name="hfe_T2_conf">compiletime</P>
      <P Name="XTB">0</P>
      <P Name="XTB_unit">1</P>
      <P Name="XTB_conf">compiletime</P>
      <P Name="V1_T2">0.45</P>
      <P Name="V1_T2_unit">V</P>
      <P Name="V1_T2_conf">compiletime</P>
      <P Name="I1_T2">0.5</P>
      <P Name="I1_T2_unit">mA</P>
      <P Name="I1_T2_conf">compiletime</P>
      <P Name="Tmeas2">125</P>
      <P Name="Tmeas2_unit">degC</P>
      <P Name="Tmeas2_conf">compiletime</P>
      <P Name="EG">1.11</P>
      <P Name="EG_unit">eV</P>
      <P Name="EG_conf">compiletime</P>
      <P Name="XTI">3</P>
      <P Name="XTI_unit">1</P>
      <P Name="XTI_conf">compiletime</P>
      <P Name="TdeviceDatasheet">25</P>
      <P Name="TdeviceDatasheet_unit">degC</P>
      <P Name="TdeviceDatasheet_conf">compiletime</P>
      <P Name="TdeviceEquCoeff">25</P>
      <P Name="TdeviceEquCoeff_unit">degC</P>
      <P Name="TdeviceEquCoeff_conf">compiletime</P>
      <P Name="ec">1</P>
      <P Name="ec_unit">1</P>
      <P Name="ec_conf">compiletime</P>
      <P Name="ib_specify">off</P>
      <P Name="ib_priority">None</P>
      <P Name="ib">0</P>
      <P Name="ib_unit">A</P>
      <P Name="ib_nominal_specify">off</P>
      <P Name="ib_nominal_unit">A</P>
      <P Name="ib_nominal_value">1</P>
      <P Name="ic_specify">off</P>
      <P Name="ic_priority">None</P>
      <P Name="ic">0</P>
      <P Name="ic_unit">A</P>
      <P Name="ic_nominal_specify">off</P>
      <P Name="ic_nominal_unit">A</P>
      <P Name="ic_nominal_value">1</P>
      <P Name="vce_specify">off</P>
      <P Name="vce_priority">None</P>
      <P Name="vce">0</P>
      <P Name="vce_unit">V</P>
      <P Name="vce_nominal_specify">off</P>
      <P Name="vce_nominal_unit">V</P>
      <P Name="vce_nominal_value">1</P>
      <P Name="vbe_specify">off</P>
      <P Name="vbe_priority">None</P>
      <P Name="vbe">0</P>
      <P Name="vbe_unit">V</P>
      <P Name="vbe_nominal_specify">off</P>
      <P Name="vbe_nominal_unit">V</P>
      <P Name="vbe_nominal_value">1</P>
      <P Name="v_capacitor_bc_specify">off</P>
      <P Name="v_capacitor_bc_priority">High</P>
      <P Name="v_capacitor_bc">0</P>
      <P Name="v_capacitor_bc_unit">V</P>
      <P Name="v_capacitor_bc_nominal_specify">off</P>
      <P Name="v_capacitor_bc_nominal_unit">V</P>
      <P Name="v_capacitor_bc_nominal_value">1</P>
      <P Name="v_capacitor_be_specify">off</P>
      <P Name="v_capacitor_be_priority">High</P>
      <P Name="v_capacitor_be">0</P>
      <P Name="v_capacitor_be_unit">V</P>
      <P Name="v_capacitor_be_nominal_specify">off</P>
      <P Name="v_capacitor_be_nominal_unit">V</P>
      <P Name="v_capacitor_be_nominal_value">1</P>
      <P Name="thermal_network_parameterization">ee.enum.thermalNetworkTopology.junctionCase</P>
      <P Name="thermal_network_parameterization_unit">1</P>
      <P Name="thermal_network_parameterization_conf">compiletime</P>
      <P Name="Rth">[0, 10]</P>
      <P Name="Rth_unit">K/W</P>
      <P Name="Rth_conf">compiletime</P>
      <P Name="Rth_Cauer">[1, 3, 10]</P>
      <P Name="Rth_Cauer_unit">K/W</P>
      <P Name="Rth_Cauer_conf">compiletime</P>
      <P Name="Rth_Foster">[4, 6]</P>
      <P Name="Rth_Foster_unit">K/W</P>
      <P Name="Rth_Foster_conf">compiletime</P>
      <P Name="thermal_mass_parameterization">ee.enum.thermalNetwork.timeconstant</P>
      <P Name="thermal_mass_parameterization_unit">1</P>
      <P Name="thermal_mass_parameterization_conf">compiletime</P>
      <P Name="thermal_mass">[0, 1]</P>
      <P Name="thermal_mass_unit">J/K</P>
      <P Name="thermal_mass_conf">compiletime</P>
      <P Name="thermal_mass_Cauer">[.1, .3, 1]</P>
      <P Name="thermal_mass_Cauer_unit">J/K</P>
      <P Name="thermal_mass_Cauer_conf">compiletime</P>
      <P Name="thermal_mass_Foster">[1.5, 3]</P>
      <P Name="thermal_mass_Foster_unit">J/K</P>
      <P Name="thermal_mass_Foster_conf">compiletime</P>
      <P Name="thermal_time_constant">[0, 10]</P>
      <P Name="thermal_time_constant_unit">s</P>
      <P Name="thermal_time_constant_conf">compiletime</P>
      <P Name="thermal_time_constant_Cauer">[1, 3, 10]</P>
      <P Name="thermal_time_constant_Cauer_unit">s</P>
      <P Name="thermal_time_constant_Cauer_conf">compiletime</P>
      <P Name="thermal_time_constant_Foster">[6, 18]</P>
      <P Name="thermal_time_constant_Foster_unit">s</P>
      <P Name="thermal_time_constant_Foster_conf">compiletime</P>
      <P Name="thermal_mass_initial_temperatures">[25, 25]</P>
      <P Name="thermal_mass_initial_temperatures_unit">degC</P>
      <P Name="thermal_mass_initial_temperatures_conf">compiletime</P>
      <P Name="thermal_mass_initial_temperatures_Cauer">[25, 25, 25]</P>
      <P Name="thermal_mass_initial_temperatures_Cauer_unit">degC</P>
      <P Name="thermal_mass_initial_temperatures_Cauer_conf">compiletime</P>
      <P Name="Tvec_initial_Foster">[25, 25, 25, 25]</P>
      <P Name="Tvec_initial_Foster_unit">degC</P>
      <P Name="Tvec_initial_Foster_conf">compiletime</P>
    </InstanceData>
  </Block>
  <Block BlockType="Reference" Name="PNP1" SID="1924:914">
    <PortCounts lconn="1" rconn="2"/>
    <P Name="Position">[125, 195, 155, 255]</P>
    <P Name="ZOrder">-5</P>
    <P Name="BlockMirror">on</P>
    <P Name="LibraryVersion">10006000.3</P>
    <P Name="SourceBlock">ee_lib/Semiconductors &amp;
Converters/PNP Bipolar
Transistor</P>
    <P Name="SourceType">PNP Bipolar
Transistor</P>
    <InstanceData>
      <P Name="LogSimulationData">off</P>
      <P Name="SourceFile">ee.semiconductors.bjt_pnp</P>
      <P Name="InternalSimscapePortConfiguration">{&quot;Bottom&quot;:[],&quot;Left&quot;:[{&quot;id&quot;:&quot;B&quot;,&quot;label&quot;:&quot;&quot;,&quot;type&quot;:&quot;foundation.electrical.electrical&quot;}],&quot;Right&quot;:[{&quot;id&quot;:&quot;n&quot;,&quot;label&quot;:&quot;&quot;,&quot;type&quot;:&quot;foundation.electrical.electrical&quot;},{&quot;id&quot;:&quot;p&quot;,&quot;label&quot;:&quot;&quot;,&quot;type&quot;:&quot;foundation.electrical.electrical&quot;}],&quot;Top&quot;:[]}</P>
      <P Name="SscBlockScalableBuild">off</P>
      <P Name="ComponentPath">ee.semiconductors.bjt_pnp</P>
      <P Name="ComponentVariants">[&quot;ee.semiconductors.bjt_pnp&quot;,&quot;ee.semiconductors.bjt_pnp_thermal&quot;]</P>
      <P Name="ComponentVariantNames">[&quot;physmod:ee:library:comments:semiconductors:bjt_pnp_sscx:noThermalPort&quot;,&quot;physmod:ee:library:comments:semiconductors:bjt_pnp_sscx:showThermalPort&quot;]</P>
      <P Name="ClassName">Simscape variant</P>
      <P Name="SchemaVersion">1</P>
      <P Name="parameterization">1</P>
      <P Name="parameterization_unit">1</P>
      <P Name="parameterization_conf">compiletime</P>
      <P Name="BF">100</P>
      <P Name="BF_unit">1</P>
      <P Name="BF_conf">compiletime</P>
      <P Name="IS">1e-14</P>
      <P Name="IS_unit">A</P>
      <P Name="IS_conf">compiletime</P>
      <P Name="VAF">200</P>
      <P Name="VAF_unit">V</P>
      <P Name="VAF_conf">compiletime</P>
      <P Name="hfe">100</P>
      <P Name="hfe_unit">1</P>
      <P Name="hfe_conf">compiletime</P>
      <P Name="hoe">5e-05</P>
      <P Name="hoe_unit">1/Ohm</P>
      <P Name="hoe_conf">compiletime</P>
      <P Name="Ic_h">-1</P>
      <P Name="Ic_h_unit">mA</P>
      <P Name="Ic_h_conf">compiletime</P>
      <P Name="Vce_h">-5</P>
      <P Name="Vce_h_unit">V</P>
      <P Name="Vce_h_conf">compiletime</P>
      <P Name="V1">-0.55</P>
      <P Name="V1_unit">V</P>
      <P Name="V1_conf">compiletime</P>
      <P Name="I1">-0.5</P>
      <P Name="I1_unit">mA</P>
      <P Name="I1_conf">compiletime</P>
      <P Name="BR">1</P>
      <P Name="BR_unit">1</P>
      <P Name="BR_conf">compiletime</P>
      <P Name="Tmeas">298.15</P>
      <P Name="Tmeas_unit">K</P>
      <P Name="Tmeas_conf">compiletime</P>
      <P Name="RC">0</P>
      <P Name="RC_unit">Ohm</P>
      <P Name="RC_conf">compiletime</P>
      <P Name="RE">0</P>
      <P Name="RE_unit">Ohm</P>
      <P Name="RE_conf">compiletime</P>
      <P Name="RB">0</P>
      <P Name="RB_unit">Ohm</P>
      <P Name="RB_conf">compiletime</P>
      <P Name="C_BC">0</P>
      <P Name="C_BC_unit">pF</P>
      <P Name="C_BC_conf">compiletime</P>
      <P Name="C_BE">0</P>
      <P Name="C_BE_unit">pF</P>
      <P Name="C_BE_conf">compiletime</P>
      <P Name="TF">0</P>
      <P Name="TF_unit">us</P>
      <P Name="TF_conf">compiletime</P>
      <P Name="TR">0</P>
      <P Name="TR_unit">us</P>
      <P Name="TR_conf">compiletime</P>
      <P Name="prmDatasheet">1</P>
      <P Name="prmDatasheet_unit">1</P>
      <P Name="prmDatasheet_conf">compiletime</P>
      <P Name="prmEquCoeff">1</P>
      <P Name="prmEquCoeff_unit">1</P>
      <P Name="prmEquCoeff_conf">compiletime</P>
      <P Name="hfe_T2">125</P>
      <P Name="hfe_T2_unit">1</P>
      <P Name="hfe_T2_conf">compiletime</P>
      <P Name="XTB">0</P>
      <P Name="XTB_unit">1</P>
      <P Name="XTB_conf">compiletime</P>
      <P Name="V1_T2">-0.45</P>
      <P Name="V1_T2_unit">V</P>
      <P Name="V1_T2_conf">compiletime</P>
      <P Name="I1_T2">-0.5</P>
      <P Name="I1_T2_unit">mA</P>
      <P Name="I1_T2_conf">compiletime</P>
      <P Name="Tmeas2">125</P>
      <P Name="Tmeas2_unit">degC</P>
      <P Name="Tmeas2_conf">compiletime</P>
      <P Name="EG">1.11</P>
      <P Name="EG_unit">eV</P>
      <P Name="EG_conf">compiletime</P>
      <P Name="XTI">3</P>
      <P Name="XTI_unit">1</P>
      <P Name="XTI_conf">compiletime</P>
      <P Name="TdeviceDatasheet">25</P>
      <P Name="TdeviceDatasheet_unit">degC</P>
      <P Name="TdeviceDatasheet_conf">compiletime</P>
      <P Name="TdeviceEquCoeff">25</P>
      <P Name="TdeviceEquCoeff_unit">degC</P>
      <P Name="TdeviceEquCoeff_conf">compiletime</P>
      <P Name="ec">1</P>
      <P Name="ec_unit">1</P>
      <P Name="ec_conf">compiletime</P>
      <P Name="ib_specify">off</P>
      <P Name="ib_priority">None</P>
      <P Name="ib">0</P>
      <P Name="ib_unit">A</P>
      <P Name="ib_nominal_specify">off</P>
      <P Name="ib_nominal_unit">A</P>
      <P Name="ib_nominal_value">1</P>
      <P Name="ic_specify">off</P>
      <P Name="ic_priority">None</P>
      <P Name="ic">0</P>
      <P Name="ic_unit">A</P>
      <P Name="ic_nominal_specify">off</P>
      <P Name="ic_nominal_unit">A</P>
      <P Name="ic_nominal_value">1</P>
      <P Name="vce_specify">off</P>
      <P Name="vce_priority">None</P>
      <P Name="vce">0</P>
      <P Name="vce_unit">V</P>
      <P Name="vce_nominal_specify">off</P>
      <P Name="vce_nominal_unit">V</P>
      <P Name="vce_nominal_value">1</P>
      <P Name="vbe_specify">off</P>
      <P Name="vbe_priority">None</P>
      <P Name="vbe">0</P>
      <P Name="vbe_unit">V</P>
      <P Name="vbe_nominal_specify">off</P>
      <P Name="vbe_nominal_unit">V</P>
      <P Name="vbe_nominal_value">1</P>
      <P Name="v_capacitor_bc_specify">off</P>
      <P Name="v_capacitor_bc_priority">High</P>
      <P Name="v_capacitor_bc">0</P>
      <P Name="v_capacitor_bc_unit">V</P>
      <P Name="v_capacitor_bc_nominal_specify">off</P>
      <P Name="v_capacitor_bc_nominal_unit">V</P>
      <P Name="v_capacitor_bc_nominal_value">1</P>
      <P Name="v_capacitor_be_specify">off</P>
      <P Name="v_capacitor_be_priority">High</P>
      <P Name="v_capacitor_be">0</P>
      <P Name="v_capacitor_be_unit">V</P>
      <P Name="v_capacitor_be_nominal_specify">off</P>
      <P Name="v_capacitor_be_nominal_unit">V</P>
      <P Name="v_capacitor_be_nominal_value">1</P>
      <P Name="thermal_network_parameterization">ee.enum.thermalNetworkTopology.junctionCase</P>
      <P Name="thermal_network_parameterization_unit">1</P>
      <P Name="thermal_network_parameterization_conf">compiletime</P>
      <P Name="Rth">[0, 10]</P>
      <P Name="Rth_unit">K/W</P>
      <P Name="Rth_conf">compiletime</P>
      <P Name="Rth_Cauer">[1, 3, 10]</P>
      <P Name="Rth_Cauer_unit">K/W</P>
      <P Name="Rth_Cauer_conf">compiletime</P>
      <P Name="Rth_Foster">[4, 6]</P>
      <P Name="Rth_Foster_unit">K/W</P>
      <P Name="Rth_Foster_conf">compiletime</P>
      <P Name="thermal_mass_parameterization">ee.enum.thermalNetwork.timeconstant</P>
      <P Name="thermal_mass_parameterization_unit">1</P>
      <P Name="thermal_mass_parameterization_conf">compiletime</P>
      <P Name="thermal_mass">[0, 1]</P>
      <P Name="thermal_mass_unit">J/K</P>
      <P Name="thermal_mass_conf">compiletime</P>
      <P Name="thermal_mass_Cauer">[.1, .3, 1]</P>
      <P Name="thermal_mass_Cauer_unit">J/K</P>
      <P Name="thermal_mass_Cauer_conf">compiletime</P>
      <P Name="thermal_mass_Foster">[1.5, 3]</P>
      <P Name="thermal_mass_Foster_unit">J/K</P>
      <P Name="thermal_mass_Foster_conf">compiletime</P>
      <P Name="thermal_time_constant">[0, 10]</P>
      <P Name="thermal_time_constant_unit">s</P>
      <P Name="thermal_time_constant_conf">compiletime</P>
      <P Name="thermal_time_constant_Cauer">[1, 3, 10]</P>
      <P Name="thermal_time_constant_Cauer_unit">s</P>
      <P Name="thermal_time_constant_Cauer_conf">compiletime</P>
      <P Name="thermal_time_constant_Foster">[6, 18]</P>
      <P Name="thermal_time_constant_Foster_unit">s</P>
      <P Name="thermal_time_constant_Foster_conf">compiletime</P>
      <P Name="thermal_mass_initial_temperatures">[25, 25]</P>
      <P Name="thermal_mass_initial_temperatures_unit">degC</P>
      <P Name="thermal_mass_initial_temperatures_conf">compiletime</P>
      <P Name="thermal_mass_initial_temperatures_Cauer">[25, 25, 25]</P>
      <P Name="thermal_mass_initial_temperatures_Cauer_unit">degC</P>
      <P Name="thermal_mass_initial_temperatures_Cauer_conf">compiletime</P>
      <P Name="Tvec_initial_Foster">[25, 25, 25, 25]</P>
      <P Name="Tvec_initial_Foster_unit">degC</P>
      <P Name="Tvec_initial_Foster_conf">compiletime</P>
    </InstanceData>
  </Block>
  <Block BlockType="Reference" Name="R1" SID="1924:915">
    <PortCounts lconn="1" rconn="1"/>
    <P Name="Position">[441, 115, 469, 155]</P>
    <P Name="ZOrder">-6</P>
    <P Name="BlockRotation">270</P>
    <P Name="BlockMirror">on</P>
    <P Name="NameLocation">left</P>
    <P Name="LibraryVersion">10006000.1</P>
    <P Name="SourceBlock">fl_lib/Electrical/Electrical Elements/Resistor</P>
    <P Name="SourceType">Resistor</P>
    <InstanceData>
      <P Name="LogSimulationData">off</P>
      <P Name="SourceFile">foundation.electrical.elements.resistor</P>
      <P Name="InternalSimscapePortConfiguration">{&quot;Bottom&quot;:[],&quot;Left&quot;:[{&quot;id&quot;:&quot;p&quot;,&quot;label&quot;:&quot;+&quot;,&quot;type&quot;:&quot;foundation.electrical.electrical&quot;}],&quot;Right&quot;:[{&quot;id&quot;:&quot;n&quot;,&quot;label&quot;:&quot;-&quot;,&quot;type&quot;:&quot;foundation.electrical.electrical&quot;}],&quot;Top&quot;:[]}</P>
      <P Name="SscBlockScalableBuild">off</P>
      <P Name="ComponentPath">foundation.electrical.elements.resistor</P>
      <P Name="ComponentVariants">foundation.electrical.elements.resistor</P>
      <P Name="ComponentVariantNames">resistor</P>
      <P Name="ClassName">resistor</P>
      <P Name="SchemaVersion">1</P>
      <P Name="R">500</P>
      <P Name="R_unit">Ohm</P>
      <P Name="R_conf">compiletime</P>
      <P Name="i_specify">off</P>
      <P Name="i_priority">High</P>
      <P Name="i">0</P>
      <P Name="i_unit">A</P>
      <P Name="i_nominal_specify">off</P>
      <P Name="i_nominal_unit">A</P>
      <P Name="i_nominal_value">1</P>
      <P Name="v_specify">off</P>
      <P Name="v_priority">High</P>
      <P Name="v">0</P>
      <P Name="v_unit">V</P>
      <P Name="v_nominal_specify">off</P>
      <P Name="v_nominal_unit">V</P>
      <P Name="v_nominal_value">1</P>
    </InstanceData>
  </Block>
  <Block BlockType="Reference" Name="R2" SID="1924:916">
    <PortCounts lconn="1" rconn="1"/>
    <P Name="Position">[335, 211, 375, 239]</P>
    <P Name="ZOrder">-7</P>
    <P Name="LibraryVersion">10006000.1</P>
    <P Name="SourceBlock">fl_lib/Electrical/Electrical Elements/Resistor</P>
    <P Name="SourceType">Resistor</P>
    <InstanceData>
      <P Name="LogSimulationData">off</P>
      <P Name="SourceFile">foundation.electrical.elements.resistor</P>
      <P Name="InternalSimscapePortConfiguration">{&quot;Bottom&quot;:[],&quot;Left&quot;:[{&quot;id&quot;:&quot;p&quot;,&quot;label&quot;:&quot;+&quot;,&quot;type&quot;:&quot;foundation.electrical.electrical&quot;}],&quot;Right&quot;:[{&quot;id&quot;:&quot;n&quot;,&quot;label&quot;:&quot;-&quot;,&quot;type&quot;:&quot;foundation.electrical.electrical&quot;}],&quot;Top&quot;:[]}</P>
      <P Name="SscBlockScalableBuild">off</P>
      <P Name="ComponentPath">foundation.electrical.elements.resistor</P>
      <P Name="ComponentVariants">foundation.electrical.elements.resistor</P>
      <P Name="ComponentVariantNames">resistor</P>
      <P Name="ClassName">resistor</P>
      <P Name="SchemaVersion">1</P>
      <P Name="R">1e3</P>
      <P Name="R_unit">Ohm</P>
      <P Name="R_conf">compiletime</P>
      <P Name="i_specify">off</P>
      <P Name="i_priority">High</P>
      <P Name="i">0</P>
      <P Name="i_unit">A</P>
      <P Name="i_nominal_specify">off</P>
      <P Name="i_nominal_unit">A</P>
      <P Name="i_nominal_value">1</P>
      <P Name="v_specify">off</P>
      <P Name="v_priority">High</P>
      <P Name="v">0</P>
      <P Name="v_unit">V</P>
      <P Name="v_nominal_specify">off</P>
      <P Name="v_nominal_unit">V</P>
      <P Name="v_nominal_value">1</P>
    </InstanceData>
  </Block>
  <Block BlockType="Reference" Name="R3" SID="1924:917">
    <PortCounts lconn="1" rconn="1"/>
    <P Name="Position">[195, 211, 235, 239]</P>
    <P Name="ZOrder">-8</P>
    <P Name="BlockMirror">on</P>
    <P Name="LibraryVersion">10006000.1</P>
    <P Name="SourceBlock">fl_lib/Electrical/Electrical Elements/Resistor</P>
    <P Name="SourceType">Resistor</P>
    <InstanceData>
      <P Name="LogSimulationData">off</P>
      <P Name="SourceFile">foundation.electrical.elements.resistor</P>
      <P Name="InternalSimscapePortConfiguration">{&quot;Bottom&quot;:[],&quot;Left&quot;:[{&quot;id&quot;:&quot;p&quot;,&quot;label&quot;:&quot;+&quot;,&quot;type&quot;:&quot;foundation.electrical.electrical&quot;}],&quot;Right&quot;:[{&quot;id&quot;:&quot;n&quot;,&quot;label&quot;:&quot;-&quot;,&quot;type&quot;:&quot;foundation.electrical.electrical&quot;}],&quot;Top&quot;:[]}</P>
      <P Name="SscBlockScalableBuild">off</P>
      <P Name="ComponentPath">foundation.electrical.elements.resistor</P>
      <P Name="ComponentVariants">foundation.electrical.elements.resistor</P>
      <P Name="ComponentVariantNames">resistor</P>
      <P Name="ClassName">resistor</P>
      <P Name="SchemaVersion">1</P>
      <P Name="R">1e3</P>
      <P Name="R_unit">Ohm</P>
      <P Name="R_conf">compiletime</P>
      <P Name="i_specify">off</P>
      <P Name="i_priority">High</P>
      <P Name="i">0</P>
      <P Name="i_unit">A</P>
      <P Name="i_nominal_specify">off</P>
      <P Name="i_nominal_unit">A</P>
      <P Name="i_nominal_value">1</P>
      <P Name="v_specify">off</P>
      <P Name="v_priority">High</P>
      <P Name="v">0</P>
      <P Name="v_unit">V</P>
      <P Name="v_nominal_specify">off</P>
      <P Name="v_nominal_unit">V</P>
      <P Name="v_nominal_value">1</P>
    </InstanceData>
  </Block>
  <Block BlockType="Reference" Name="R4" SID="1924:918">
    <PortCounts lconn="1" rconn="1"/>
    <P Name="Position">[91, 120, 119, 160]</P>
    <P Name="ZOrder">-9</P>
    <P Name="BlockRotation">270</P>
    <P Name="BlockMirror">on</P>
    <P Name="NameLocation">left</P>
    <P Name="LibraryVersion">10006000.1</P>
    <P Name="SourceBlock">fl_lib/Electrical/Electrical Elements/Resistor</P>
    <P Name="SourceType">Resistor</P>
    <InstanceData>
      <P Name="LogSimulationData">off</P>
      <P Name="SourceFile">foundation.electrical.elements.resistor</P>
      <P Name="InternalSimscapePortConfiguration">{&quot;Bottom&quot;:[],&quot;Left&quot;:[{&quot;id&quot;:&quot;p&quot;,&quot;label&quot;:&quot;+&quot;,&quot;type&quot;:&quot;foundation.electrical.electrical&quot;}],&quot;Right&quot;:[{&quot;id&quot;:&quot;n&quot;,&quot;label&quot;:&quot;-&quot;,&quot;type&quot;:&quot;foundation.electrical.electrical&quot;}],&quot;Top&quot;:[]}</P>
      <P Name="SscBlockScalableBuild">off</P>
      <P Name="ComponentPath">foundation.electrical.elements.resistor</P>
      <P Name="ComponentVariants">foundation.electrical.elements.resistor</P>
      <P Name="ComponentVariantNames">resistor</P>
      <P Name="ClassName">resistor</P>
      <P Name="SchemaVersion">1</P>
      <P Name="R">500</P>
      <P Name="R_unit">Ohm</P>
      <P Name="R_conf">compiletime</P>
      <P Name="i_specify">off</P>
      <P Name="i_priority">High</P>
      <P Name="i">0</P>
      <P Name="i_unit">A</P>
      <P Name="i_nominal_specify">off</P>
      <P Name="i_nominal_unit">A</P>
      <P Name="i_nominal_value">1</P>
      <P Name="v_specify">off</P>
      <P Name="v_priority">High</P>
      <P Name="v">0</P>
      <P Name="v_unit">V</P>
      <P Name="v_nominal_specify">off</P>
      <P Name="v_nominal_unit">V</P>
      <P Name="v_nominal_value">1</P>
    </InstanceData>
  </Block>
  <Block BlockType="PMIOPort" Name="NL" SID="1924:919">
    <P Name="Position">[50, 203, 80, 217]</P>
    <P Name="ZOrder">-10</P>
    <P Name="Side">Right</P>
  </Block>
  <Block BlockType="PMIOPort" Name="NH" SID="1924:920">
    <P Name="Position">[495, 203, 525, 217]</P>
    <P Name="ZOrder">-11</P>
    <P Name="BlockMirror">on</P>
    <P Name="Port">2</P>
    <P Name="Side">Right</P>
  </Block>
  <Block BlockType="PMIOPort" Name="REV" SID="1924:921">
    <P Name="Position">[273, 290, 287, 320]</P>
    <P Name="ZOrder">-12</P>
    <P Name="BlockRotation">270</P>
    <P Name="NameLocation">right</P>
    <P Name="Port">3</P>
    <P Name="Side">Left</P>
  </Block>
  <Line LineType="Connection">
    <P Name="ZOrder">1</P>
    <P Name="Src">1924:913#rconn:2</P>
    <P Name="Dst">1924:912#lconn:1</P>
  </Line>
  <Line LineType="Connection">
    <P Name="ZOrder">2</P>
    <P Name="Src">1924:916#rconn:1</P>
    <P Name="Dst">1924:913#lconn:1</P>
  </Line>
  <Line LineType="Connection">
    <P Name="FontSize">10</P>
    <P Name="ZOrder">3</P>
    <P Name="Src">1924:915#rconn:1</P>
    <P Name="Points">[0, 40]</P>
    <Branch ConnectType="DEST_SRC">
      <P Name="Dst">1924:913#rconn:1</P>
    </Branch>
    <Branch ConnectType="DEST_SRC">
      <P Name="Dst">1924:920#rconn:1</P>
    </Branch>
  </Line>
  <Line LineType="Connection">
    <P Name="ZOrder">6</P>
    <P Name="Src">1924:917#lconn:1</P>
    <P Name="Points">[30, 0]</P>
    <Branch ConnectType="DEST_SRC">
      <P Name="Dst">1924:916#lconn:1</P>
    </Branch>
    <Branch ConnectType="DEST_DEST">
      <P Name="Src">1924:921#rconn:1</P>
      <P Name="Points">[0, -50]</P>
    </Branch>
  </Line>
  <Line LineType="Connection">
    <P Name="FontSize">10</P>
    <P Name="ZOrder">9</P>
    <P Name="Src">1924:915#lconn:1</P>
    <P Name="Points">[0, -20; -175, 0]</P>
    <Branch ConnectType="DEST_SRC">
      <P Name="Dst">1924:910#rconn:1</P>
    </Branch>
    <Branch ConnectType="DEST_SRC">
      <P Name="Points">[-175, 0]</P>
      <P Name="Dst">1924:918#lconn:1</P>
    </Branch>
  </Line>
  <Line LineType="Connection">
    <P Name="ZOrder">12</P>
    <P Name="Src">1924:917#rconn:1</P>
    <P Name="Dst">1924:914#lconn:1</P>
  </Line>
  <Line LineType="Connection">
    <P Name="ZOrder">13</P>
    <P Name="Src">1924:911#lconn:1</P>
    <P Name="Points">[0, -10]</P>
    <P Name="Dst">1924:914#rconn:2</P>
  </Line>
  <Line LineType="Connection">
    <P Name="FontSize">10</P>
    <P Name="ZOrder">14</P>
    <P Name="Src">1924:914#rconn:1</P>
    <P Name="Points">[-5, 0]</P>
    <Branch ConnectType="DEST_SRC">
      <P Name="Dst">1924:918#rconn:1</P>
    </Branch>
    <Branch ConnectType="DEST_SRC">
      <P Name="Dst">1924:919#rconn:1</P>
    </Branch>
  </Line>
  <Annotation SID="1924:922">
    <P Name="Name">Normally
High</P>
    <P Name="Position">[490, 170, 541, 202]</P>
    <P Name="InternalMargins">[1, 1, 1, 1]</P>
    <P Name="HorizontalAlignment">center</P>
    <P Name="VerticalAlignment">middle</P>
    <P Name="ZOrder">-1</P>
  </Annotation>
  <Annotation SID="1924:923">
    <P Name="Name">Normally
Low</P>
    <P Name="Position">[35, 170, 86, 202]</P>
    <P Name="InternalMargins">[1, 1, 1, 1]</P>
    <P Name="HorizontalAlignment">center</P>
    <P Name="VerticalAlignment">middle</P>
    <P Name="ZOrder">-2</P>
  </Annotation>
</System>
