<?xml version="1.0" encoding="utf-8"?>
<System>
  <P Name="Location">[27, 21, 1009, 652]</P>
  <Block BlockType="Inport" Name="SL" SID="2349:1157">
    <P Name="Position">[20, 113, 50, 127]</P>
    <P Name="ZOrder">-1</P>
  </Block>
  <Block BlockType="Reference" Name="Controlled Voltage&#xA;Source" SID="2349:1158">
    <PortCounts lconn="1" rconn="2"/>
    <P Name="Position">[155, 65, 195, 105]</P>
    <P Name="ZOrder">-2</P>
    <P Name="BlockRotation">270</P>
    <P Name="BlockMirror">on</P>
    <P Name="NameLocation">right</P>
    <P Name="LibraryVersion">10007000.1</P>
    <P Name="SourceBlock">fl_lib/Electrical/Electrical Sources/Controlled Voltage
Source</P>
    <P Name="SourceType">Controlled Voltage
Source</P>
    <InstanceData>
      <P Name="LogSimulationData">off</P>
      <P Name="SourceFile">foundation.electrical.sources.controlled_voltage</P>
      <P Name="InternalSimscapePortConfiguration">{&quot;Bottom&quot;:[],&quot;Left&quot;:[{&quot;id&quot;:&quot;p&quot;,&quot;label&quot;:&quot;&quot;,&quot;type&quot;:&quot;foundation.electrical.electrical&quot;}],&quot;Right&quot;:[{&quot;id&quot;:&quot;vT&quot;,&quot;label&quot;:&quot;&quot;,&quot;type&quot;:&quot;input&quot;},{&quot;id&quot;:&quot;n&quot;,&quot;label&quot;:&quot;&quot;,&quot;type&quot;:&quot;foundation.electrical.electrical&quot;}],&quot;Top&quot;:[]}</P>
      <P Name="SscBlockScalableBuild">off</P>
      <P Name="ComponentPath">foundation.electrical.sources.controlled_voltage</P>
      <P Name="ComponentVariants">foundation.electrical.sources.controlled_voltage</P>
      <P Name="ComponentVariantNames">controlled_voltage</P>
      <P Name="ClassName">controlled_voltage_source</P>
      <P Name="SchemaVersion">1</P>
    </InstanceData>
  </Block>
  <Block BlockType="Reference" Name="Electrical Reference" SID="2349:1159">
    <PortCounts lconn="1"/>
    <P Name="Position">[175, 155, 195, 175]</P>
    <P Name="ZOrder">-3</P>
    <P Name="BlockRotation">270</P>
    <P Name="BlockMirror">on</P>
    <P Name="NameLocation">right</P>
    <P Name="ShowName">off</P>
    <P Name="LibraryVersion">10007000.1</P>
    <P Name="SourceBlock">fl_lib/Electrical/Electrical Elements/Electrical Reference</P>
    <P Name="SourceType">Electrical Reference</P>
    <InstanceData>
      <P Name="LogSimulationData">off</P>
      <P Name="SourceFile">foundation.electrical.elements.reference</P>
      <P Name="InternalSimscapePortConfiguration">{&quot;Bottom&quot;:[],&quot;Left&quot;:[{&quot;id&quot;:&quot;V&quot;,&quot;label&quot;:&quot;&quot;,&quot;type&quot;:&quot;foundation.electrical.electrical&quot;}],&quot;Right&quot;:[],&quot;Top&quot;:[]}</P>
      <P Name="SscBlockScalableBuild">off</P>
      <P Name="ComponentPath">foundation.electrical.elements.reference</P>
      <P Name="ComponentVariants">foundation.electrical.elements.reference</P>
      <P Name="ComponentVariantNames">reference</P>
      <P Name="ClassName">reference_electrical</P>
      <P Name="SchemaVersion">1</P>
    </InstanceData>
  </Block>
  <Block BlockType="Reference" Name="Simulink-PS&#xA;Converter" SID="2349:1160">
    <PortCounts in="1" rconn="1"/>
    <P Name="Position">[90, 112, 105, 128]</P>
    <P Name="ZOrder">-4</P>
    <P Name="ShowName">off</P>
    <P Name="LibraryVersion">7.0</P>
    <P Name="FontSize">9</P>
    <P Name="SourceBlock">nesl_utility/Simulink-PS
Converter</P>
    <P Name="SourceType">Simulink-PS
Converter</P>
    <InstanceData>
      <P Name="RTWMemSecFuncInitTerm">Inherit from model</P>
      <P Name="RTWMemSecFuncExecute">Inherit from model</P>
      <P Name="RTWMemSecDataConstants">Inherit from model</P>
      <P Name="RTWMemSecDataInternal">Inherit from model</P>
      <P Name="RTWMemSecDataParameters">Inherit from model</P>
      <P Name="ContentPreviewEnabled">off</P>
      <P Name="PhysicalDomain">network_engine_domain</P>
      <P Name="SubClassName">ps_input</P>
      <P Name="LeftPortType">input</P>
      <P Name="RightPortType">output</P>
      <P Name="PseudoPeriodic">off</P>
      <P Name="Frequencies">[]</P>
      <P Name="NoiseDistribution">none</P>
      <P Name="NoiseParameters">[]</P>
      <P Name="Unit">V</P>
      <P Name="AffineConversion">off</P>
      <P Name="FilteringAndDerivatives">zero</P>
      <P Name="SimscapeFilterOrder">1</P>
      <P Name="InputFilterTimeConstant">0.005</P>
      <P Name="UdotUserProvided">0</P>
    </InstanceData>
  </Block>
  <Block BlockType="PMIOPort" Name="V" SID="2349:1161">
    <P Name="Position">[160, 25, 190, 40]</P>
    <P Name="ZOrder">-5</P>
    <P Name="BlockRotation">270</P>
    <P Name="BlockMirror">on</P>
    <P Name="NameLocation">right</P>
    <P Name="Side">Right</P>
  </Block>
  <Line LineType="Connection">
    <P Name="ZOrder">1</P>
    <P Name="Src">2349:1160#rconn:1</P>
    <P Name="Dst">2349:1158#rconn:1</P>
  </Line>
  <Line LineType="Connection">
    <P Name="ZOrder">2</P>
    <P Name="Src">2349:1161#rconn:1</P>
    <P Name="Dst">2349:1158#lconn:1</P>
  </Line>
  <Line LineType="Connection">
    <P Name="ZOrder">3</P>
    <P Name="Src">2349:1159#lconn:1</P>
    <P Name="Dst">2349:1158#rconn:2</P>
  </Line>
  <Line>
    <P Name="ZOrder">4</P>
    <P Name="Src">2349:1157#out:1</P>
    <P Name="Dst">2349:1160#in:1</P>
  </Line>
</System>
