<?xml version="1.0" encoding="utf-8"?>
<System>
  <P Name="Location">[5, 6, 819, 525]</P>
  <Block BlockType="Inport" Name="V_w" SID="2347:1473">
    <P Name="Position">[-215, -157, -185, -143]</P>
    <P Name="ZOrder">-1</P>
  </Block>
  <Block BlockType="Inport" Name="V_wref" SID="2347:1474">
    <P Name="Position">[-215, -102, -185, -88]</P>
    <P Name="ZOrder">-2</P>
    <P Name="Port">2</P>
  </Block>
  <Block BlockType="TransferFcn" Name="20Hz Lowpass Filter" SID="2347:1475">
    <P Name="Position">[-145, -168, -50, -132]</P>
    <P Name="ZOrder">-3</P>
    <P Name="Denominator">[1/(2*pi*20) 1]</P>
  </Block>
  <Block BlockType="Gain" Name="Ki" SID="2347:1476">
    <P Name="Position">[65, -169, 105, -131]</P>
    <P Name="ZOrder">-4</P>
    <P Name="Gain">Ki</P>
  </Block>
  <Block BlockType="Gain" Name="Kp" SID="2347:1477">
    <P Name="Position">[65, -114, 105, -76]</P>
    <P Name="ZOrder">-5</P>
    <P Name="Gain">Kp</P>
  </Block>
  <Block BlockType="Integrator" Name="Limits [-5,5]" SID="2347:1478">
    <PortCounts in="1" out="1"/>
    <P Name="Position">[220, -165, 250, -135]</P>
    <P Name="ZOrder">-6</P>
    <P Name="LimitOutput">on</P>
    <P Name="UpperSaturationLimit">5</P>
    <P Name="LowerSaturationLimit">-5</P>
  </Block>
  <Block BlockType="Gain" Name="Scaling_Ki" SID="2347:1479">
    <P Name="Position">[145, -169, 185, -131]</P>
    <P Name="ZOrder">-7</P>
    <P Name="Gain">Ki_scaling_elec</P>
  </Block>
  <Block BlockType="Gain" Name="Scaling_Kp" SID="2347:1480">
    <P Name="Position">[145, -114, 185, -76]</P>
    <P Name="ZOrder">-8</P>
    <P Name="Gain">5</P>
  </Block>
  <Block BlockType="Sum" Name="Sum" SID="2347:1481">
    <PortCounts in="2" out="1"/>
    <P Name="Position">[-15, -105, 5, -85]</P>
    <P Name="ZOrder">-9</P>
    <P Name="ShowName">off</P>
    <P Name="Inputs">-+|</P>
  </Block>
  <Block BlockType="Sum" Name="Sum1" SID="2347:1482">
    <PortCounts in="2" out="1"/>
    <P Name="Position">[300, -105, 320, -85]</P>
    <P Name="ZOrder">-10</P>
    <P Name="ShowName">off</P>
    <P Name="Inputs">++|</P>
  </Block>
  <Block BlockType="Saturate" Name="[-5,5]" SID="2347:1483">
    <P Name="Position">[350, -110, 380, -80]</P>
    <P Name="ZOrder">-11</P>
    <P Name="UpperLimit">5</P>
    <P Name="LowerLimit">-5</P>
  </Block>
  <Block BlockType="Outport" Name="V_iref" SID="2347:1484">
    <P Name="Position">[420, -102, 450, -88]</P>
    <P Name="ZOrder">-12</P>
    <P Name="VectorParamsAs1DForOutWhenUnconnected">off</P>
  </Block>
  <Line>
    <P Name="ZOrder">1</P>
    <P Name="Src">2347:1479#out:1</P>
    <P Name="Dst">2347:1478#in:1</P>
  </Line>
  <Line>
    <P Name="ZOrder">2</P>
    <P Name="Src">2347:1480#out:1</P>
    <P Name="Dst">2347:1482#in:2</P>
  </Line>
  <Line>
    <P Name="ZOrder">3</P>
    <P Name="Src">2347:1475#out:1</P>
    <P Name="Points">[40, 0]</P>
    <P Name="Dst">2347:1481#in:1</P>
  </Line>
  <Line>
    <P Name="ZOrder">4</P>
    <P Name="Src">2347:1483#out:1</P>
    <P Name="Dst">2347:1484#in:1</P>
  </Line>
  <Line>
    <P Name="ZOrder">5</P>
    <P Name="Src">2347:1474#out:1</P>
    <P Name="Dst">2347:1481#in:2</P>
  </Line>
  <Line>
    <P Name="ZOrder">6</P>
    <P Name="Src">2347:1473#out:1</P>
    <P Name="Dst">2347:1475#in:1</P>
  </Line>
  <Line>
    <P Name="ZOrder">7</P>
    <P Name="Src">2347:1482#out:1</P>
    <P Name="Dst">2347:1483#in:1</P>
  </Line>
  <Line>
    <P Name="ZOrder">8</P>
    <P Name="Src">2347:1481#out:1</P>
    <P Name="Points">[25, 0]</P>
    <Branch>
      <P Name="ZOrder">9</P>
      <P Name="Points">[0, -55]</P>
      <P Name="Dst">2347:1476#in:1</P>
    </Branch>
    <Branch>
      <P Name="ZOrder">10</P>
      <P Name="Dst">2347:1477#in:1</P>
    </Branch>
  </Line>
  <Line>
    <P Name="ZOrder">11</P>
    <P Name="Src">2347:1476#out:1</P>
    <P Name="Dst">2347:1479#in:1</P>
  </Line>
  <Line>
    <P Name="ZOrder">12</P>
    <P Name="Src">2347:1477#out:1</P>
    <P Name="Dst">2347:1480#in:1</P>
  </Line>
  <Line>
    <P Name="ZOrder">13</P>
    <P Name="Src">2347:1478#out:1</P>
    <P Name="Points">[55, 0]</P>
    <P Name="Dst">2347:1482#in:1</P>
  </Line>
</System>
