<?xml version="1.0" encoding="utf-8"?>
<System>
  <P Name="Location">[21, 14, 874, 552]</P>
  <Block BlockType="SubSystem" Name="Hex_Screw_M5_12_RIGID" SID="946">
    <PortCounts lconn="1"/>
    <P Name="Position">[155, -65, 195, -25]</P>
    <P Name="ZOrder">1</P>
    <Mask>
      <Display/>
    </Mask>
    <System Ref="system_946"/>
  </Block>
  <Block BlockType="SubSystem" Name="Hex_Screw_M5_1_RIGID" SID="947">
    <PortCounts lconn="1"/>
    <P Name="Position">[-170, 60, -130, 100]</P>
    <P Name="ZOrder">2</P>
    <Mask>
      <Display/>
    </Mask>
    <System Ref="system_947"/>
  </Block>
  <Block BlockType="SubSystem" Name="Hex_Screw_M5_2_RIGID" SID="948">
    <PortCounts lconn="1"/>
    <P Name="Position">[-170, 0, -130, 40]</P>
    <P Name="ZOrder">3</P>
    <Mask>
      <Display/>
    </Mask>
    <System Ref="system_948"/>
  </Block>
  <Block BlockType="SubSystem" Name="Hex_Screw_M5_3_RIGID" SID="949">
    <PortCounts lconn="1"/>
    <P Name="Position">[-170, -65, -130, -25]</P>
    <P Name="ZOrder">4</P>
    <Mask>
      <Display/>
    </Mask>
    <System Ref="system_949"/>
  </Block>
  <Block BlockType="SubSystem" Name="Hex_Screw_M5_4_RIGID" SID="950">
    <PortCounts lconn="1"/>
    <P Name="Position">[-5, 60, 35, 100]</P>
    <P Name="ZOrder">5</P>
    <Mask>
      <Display/>
    </Mask>
    <System Ref="system_950"/>
  </Block>
  <Block BlockType="SubSystem" Name="Hex_Screw_M5_5_RIGID" SID="951">
    <PortCounts lconn="1"/>
    <P Name="Position">[-5, 0, 35, 40]</P>
    <P Name="ZOrder">6</P>
    <Mask>
      <Display/>
    </Mask>
    <System Ref="system_951"/>
  </Block>
  <Block BlockType="SubSystem" Name="Hex_Screw_M5_6_RIGID" SID="952">
    <PortCounts lconn="1"/>
    <P Name="Position">[-5, -65, 35, -25]</P>
    <P Name="ZOrder">7</P>
    <Mask>
      <Display/>
    </Mask>
    <System Ref="system_952"/>
  </Block>
  <Block BlockType="SubSystem" Name="Hex_Screw_M5_7_RIGID" SID="953">
    <PortCounts lconn="1"/>
    <P Name="Position">[155, 60, 195, 100]</P>
    <P Name="ZOrder">8</P>
    <Mask>
      <Display/>
    </Mask>
    <System Ref="system_953"/>
  </Block>
  <Block BlockType="SubSystem" Name="Hex_Screw_M5_8_RIGID" SID="954">
    <PortCounts lconn="1"/>
    <P Name="Position">[155, -5, 195, 35]</P>
    <P Name="ZOrder">9</P>
    <Mask>
      <Display/>
    </Mask>
    <System Ref="system_954"/>
  </Block>
  <Block BlockType="PMIOPort" Name="G" SID="1320">
    <P Name="Position">[-290, 43, -260, 57]</P>
    <P Name="ZOrder">10</P>
    <P Name="Side">Right</P>
  </Block>
  <Line LineType="Connection">
    <P Name="ZOrder">2</P>
    <P Name="Src">946#lconn:1</P>
    <P Name="Points">[-47, 0; 0, 60]</P>
    <Branch ConnectType="DEST_SRC">
      <P Name="Points">[0, 65]</P>
      <Branch ConnectType="DEST_SRC">
        <P Name="Dst">953#lconn:1</P>
      </Branch>
      <Branch ConnectType="DEST_SRC">
        <P Name="Points">[0, 50; -158, 0]</P>
        <Branch ConnectType="DEST_SRC">
          <P Name="Points">[-165, 0; 0, -50]</P>
          <Branch ConnectType="DEST_SRC">
            <P Name="Points">[0, -30]</P>
            <Branch ConnectType="DEST_SRC">
              <P Name="Points">[0, -30]</P>
              <Branch ConnectType="DEST_SRC">
                <P Name="Points">[0, -65]</P>
                <P Name="Dst">949#lconn:1</P>
              </Branch>
              <Branch ConnectType="DEST_SRC">
                <P Name="Dst">948#lconn:1</P>
              </Branch>
            </Branch>
            <Branch ConnectType="DEST_SRC">
              <P Name="Dst">1320#rconn:1</P>
            </Branch>
          </Branch>
          <Branch ConnectType="DEST_SRC">
            <P Name="Dst">947#lconn:1</P>
          </Branch>
        </Branch>
        <Branch ConnectType="DEST_SRC">
          <P Name="Points">[0, -50]</P>
          <Branch ConnectType="DEST_SRC">
            <P Name="Points">[0, -60]</P>
            <Branch ConnectType="DEST_SRC">
              <P Name="Points">[0, -65]</P>
              <P Name="Dst">952#lconn:1</P>
            </Branch>
            <Branch ConnectType="DEST_SRC">
              <P Name="Dst">951#lconn:1</P>
            </Branch>
          </Branch>
          <Branch ConnectType="DEST_SRC">
            <P Name="Dst">950#lconn:1</P>
          </Branch>
        </Branch>
      </Branch>
    </Branch>
    <Branch ConnectType="DEST_SRC">
      <P Name="Dst">954#lconn:1</P>
    </Branch>
  </Line>
</System>
