<?xml version="1.0" encoding="utf-8"?>
<System>
  <P Name="Location">[-7, -7, 1543, 841]</P>
  <Block BlockType="SubSystem" Name="Hex_Screw_M5_1_RIGID" SID="1000">
    <PortCounts lconn="1"/>
    <P Name="Position">[90, 305, 130, 345]</P>
    <P Name="ZOrder">1</P>
    <Mask>
      <Display/>
    </Mask>
    <System Ref="system_1000"/>
  </Block>
  <Block BlockType="SubSystem" Name="Hex_Screw_M5_2_RIGID" SID="1001">
    <PortCounts lconn="1"/>
    <P Name="Position">[90, 245, 130, 285]</P>
    <P Name="ZOrder">2</P>
    <Mask>
      <Display/>
    </Mask>
    <System Ref="system_1001"/>
  </Block>
  <Block BlockType="SubSystem" Name="Hex_Screw_M5_3_RIGID" SID="1002">
    <PortCounts lconn="1"/>
    <P Name="Position">[90, 185, 130, 225]</P>
    <P Name="ZOrder">3</P>
    <Mask>
      <Display/>
    </Mask>
    <System Ref="system_1002"/>
  </Block>
  <Block BlockType="SubSystem" Name="Hex_Screw_M5_4_RIGID" SID="1003">
    <PortCounts lconn="1"/>
    <P Name="Position">[260, 305, 300, 345]</P>
    <P Name="ZOrder">4</P>
    <Mask>
      <Display/>
    </Mask>
    <System Ref="system_1003"/>
  </Block>
  <Block BlockType="SubSystem" Name="Hex_Screw_M5_5_RIGID" SID="1004">
    <PortCounts lconn="1"/>
    <P Name="Position">[260, 245, 300, 285]</P>
    <P Name="ZOrder">5</P>
    <Mask>
      <Display/>
    </Mask>
    <System Ref="system_1004"/>
  </Block>
  <Block BlockType="SubSystem" Name="Hex_Screw_M5_6_RIGID" SID="1005">
    <PortCounts lconn="1"/>
    <P Name="Position">[260, 185, 300, 225]</P>
    <P Name="ZOrder">6</P>
    <Mask>
      <Display/>
    </Mask>
    <System Ref="system_1005"/>
  </Block>
  <Block BlockType="SubSystem" Name="Hex_Screw_M5_7_RIGID" SID="1006">
    <PortCounts lconn="1"/>
    <P Name="Position">[415, 305, 455, 345]</P>
    <P Name="ZOrder">7</P>
    <Mask>
      <Display/>
    </Mask>
    <System Ref="system_1006"/>
  </Block>
  <Block BlockType="SubSystem" Name="Hex_Screw_M5_8_RIGID" SID="1007">
    <PortCounts lconn="1"/>
    <P Name="Position">[415, 245, 455, 285]</P>
    <P Name="ZOrder">8</P>
    <Mask>
      <Display/>
    </Mask>
    <System Ref="system_1007"/>
  </Block>
  <Block BlockType="SubSystem" Name="Hex_Screw_M5_9_RIGID" SID="1008">
    <PortCounts lconn="1"/>
    <P Name="Position">[415, 185, 455, 225]</P>
    <P Name="ZOrder">9</P>
    <Mask>
      <Display/>
    </Mask>
    <System Ref="system_1008"/>
  </Block>
  <Block BlockType="PMIOPort" Name="G" SID="1327">
    <P Name="Position">[-35, 288, -5, 302]</P>
    <P Name="ZOrder">10</P>
    <P Name="Side">Right</P>
  </Block>
  <Line LineType="Connection">
    <P Name="ZOrder">2</P>
    <P Name="Src">1000#lconn:1</P>
    <P Name="Points">[-51, 0]</P>
    <Branch ConnectType="DEST_SRC">
      <P Name="Points">[0, 57; 176, 0]</P>
      <Branch ConnectType="DEST_SRC">
        <P Name="Points">[0, -57]</P>
        <Branch ConnectType="DEST_SRC">
          <P Name="Points">[0, -60]</P>
          <Branch ConnectType="DEST_SRC">
            <P Name="Points">[0, -60]</P>
            <P Name="Dst">1005#lconn:1</P>
          </Branch>
          <Branch ConnectType="DEST_SRC">
            <P Name="Dst">1004#lconn:1</P>
          </Branch>
        </Branch>
        <Branch ConnectType="DEST_SRC">
          <P Name="Dst">1003#lconn:1</P>
        </Branch>
      </Branch>
      <Branch ConnectType="DEST_SRC">
        <P Name="Points">[158, 0; 0, -57]</P>
        <Branch ConnectType="DEST_SRC">
          <P Name="Points">[0, -60]</P>
          <Branch ConnectType="DEST_SRC">
            <P Name="Dst">1007#lconn:1</P>
          </Branch>
          <Branch ConnectType="DEST_SRC">
            <P Name="Points">[0, -60]</P>
            <P Name="Dst">1008#lconn:1</P>
          </Branch>
        </Branch>
        <Branch ConnectType="DEST_SRC">
          <P Name="Dst">1006#lconn:1</P>
        </Branch>
      </Branch>
    </Branch>
    <Branch ConnectType="DEST_SRC">
      <P Name="Points">[0, -30]</P>
      <Branch ConnectType="DEST_SRC">
        <P Name="Points">[0, -30]</P>
        <Branch ConnectType="DEST_SRC">
          <P Name="Points">[0, -60]</P>
          <P Name="Dst">1002#lconn:1</P>
        </Branch>
        <Branch ConnectType="DEST_SRC">
          <P Name="Dst">1001#lconn:1</P>
        </Branch>
      </Branch>
      <Branch ConnectType="DEST_SRC">
        <P Name="Dst">1327#rconn:1</P>
      </Branch>
    </Branch>
  </Line>
</System>
