<?xml version="1.0" encoding="utf-8"?>
<System>
  <P Name="Location">[21, 14, 874, 552]</P>
  <Block BlockType="SubSystem" Name="AilBrk_L_1_RIGID" SID="262">
    <PortCounts lconn="1" rconn="1"/>
    <P Name="Position">[65, 220, 105, 260]</P>
    <P Name="ZOrder">2</P>
    <Mask>
      <Display/>
    </Mask>
    <System Ref="system_262"/>
  </Block>
  <Block BlockType="SubSystem" Name="Bolt LBrk" SID="1271">
    <PortCounts lconn="1"/>
    <P Name="Position">[55, 130, 115, 190]</P>
    <P Name="ZOrder">39</P>
    <P Name="ContentPreviewEnabled">on</P>
    <System Ref="system_1271"/>
  </Block>
  <Block BlockType="SubSystem" Name="Screws LBrk " SID="1269">
    <PortCounts lconn="1"/>
    <P Name="Position">[55, 20, 115, 80]</P>
    <P Name="ZOrder">38</P>
    <P Name="ContentPreviewEnabled">on</P>
    <System Ref="system_1269"/>
  </Block>
  <Block BlockType="PMIOPort" Name="Ail" SID="1281">
    <P Name="Position">[185, 233, 215, 247]</P>
    <P Name="ZOrder">40</P>
    <P Name="BlockMirror">on</P>
    <P Name="Side">Right</P>
  </Block>
  <Line LineType="Connection">
    <P Name="ZOrder">17</P>
    <P Name="Src">262#lconn:1</P>
    <P Name="Points">[-26, 0; 0, -80]</P>
    <Branch ConnectType="DEST_SRC">
      <P Name="Points">[0, -110]</P>
      <P Name="Dst">1269#lconn:1</P>
    </Branch>
    <Branch ConnectType="DEST_SRC">
      <P Name="Dst">1271#lconn:1</P>
    </Branch>
  </Line>
  <Line LineType="Connection">
    <P Name="ZOrder">152</P>
    <P Name="Src">262#rconn:1</P>
    <P Name="Dst">1281#rconn:1</P>
  </Line>
</System>
