<?xml version="1.0" encoding="utf-8"?>
<System>
  <P Name="Location">[-1, -7, 1537, 825]</P>
  <P Name="ZoomFactor">91</P>
  <P Name="ReportName">simulink-default.rpt</P>
  <P Name="SIDHighWatermark">2581</P>
  <Block BlockType="SubSystem" Name="Actuator" SID="1142">
    <P Name="Tag">PublishSubsystem</P>
    <PortCounts in="2" out="4" rconn="6"/>
    <P Name="Position">[-420, -188, -260, -2]</P>
    <P Name="ZOrder">132</P>
    <P Name="AttributesFormatString">%&lt;ActiveVariant&gt;</P>
    <P Name="Variant">on</P>
    <P Name="VariantControlMode">label</P>
    <P Name="VariantControl">Variant1</P>
    <P Name="LabelModeActiveChoice">Electric</P>
    <P Name="ContentPreviewEnabled">on</P>
    <Mask>
      <Display IconOpaque="opaque-with-ports" RunInitForIconRedraw="on" IconRotate="port" PortRotate="physical">Act_Char = get_param([bdroot &apos;/Actuator&apos;],&apos;ActiveVariant&apos;);
SnC_Char = &apos;X&apos;;
PWM_Char = &apos;X&apos;;
if(strcmp(Act_Char(1),&apos;E&apos;))
    SnC_Char = get_param([bdroot &apos;/Actuator/Electric/Leadscrew 1&apos;],&apos;popup_ctrl&apos;);
    PWM_Char = get_param([bdroot &apos;/Actuator/Electric/Leadscrew 1&apos;],&apos;popup_driver&apos;);
end

image_str = [&apos;sm_aileron_actuator_&apos; Act_Char(1) &apos;sc&apos; upper(SnC_Char(1)) &apos;pw&apos; PWM_Char(1) &apos;_IMAGE.png&apos;];

try
    image(image_str);
catch
    
end</Display>
    </Mask>
    <PortProperties>
      <Port Type="out" Index="1">
        <P Name="PropagatedSignals">f1</P>
        <P Name="DataLoggingNameMode">Custom</P>
        <P Name="DataLoggingName">force_act</P>
      </Port>
      <Port Type="out" Index="2">
        <P Name="PropagatedSignals">S</P>
      </Port>
      <Port Type="out" Index="3">
        <P Name="PropagatedSignals">S</P>
      </Port>
      <Port Type="out" Index="4">
        <P Name="PropagatedSignals">S</P>
      </Port>
    </PortProperties>
    <System Ref="system_1142"/>
  </Block>
  <Block BlockType="SubSystem" Name="Aero Load" SID="1956">
    <PortCounts in="4" rconn="1"/>
    <P Name="Position">[125, -81, 190, -24]</P>
    <P Name="ZOrder">147</P>
    <P Name="BlockMirror">on</P>
    <System Ref="system_1956"/>
  </Block>
  <Block BlockType="Reference" Name="Command&#xA;Angle" SID="1355">
    <PortCounts out="1"/>
    <P Name="Position">[-485, -63, -455, -47]</P>
    <P Name="ZOrder">140</P>
    <P Name="LibraryVersion">4.1</P>
    <P Name="SourceBlock">simulink/Sources/Repeating
Sequence</P>
    <P Name="SourceType">Repeating table</P>
    <InstanceData>
      <P Name="RTWMemSecFuncInitTerm">Inherit from model</P>
      <P Name="RTWMemSecFuncExecute">Inherit from model</P>
      <P Name="RTWMemSecDataConstants">Inherit from model</P>
      <P Name="RTWMemSecDataInternal">Inherit from model</P>
      <P Name="RTWMemSecDataParameters">Inherit from model</P>
      <P Name="ContentPreviewEnabled">off</P>
      <P Name="rep_seq_t">[0.0  4.0  6.0   8.0     10.0     12.0   14.0  16.0  18.0  20.0    22.0   24.0    26.0   28.0  30.0   32.0  34.0  36.0   38.0  40.0  42.0  44.0  46.0  48.0]</P>
      <P Name="rep_seq_y">[0.0  0.0  0.0  -5.0  -10.0  -10.0  0.0  0.0  9.0  17.5  17.5  10.0  0.0  -2.0  -6.0   -11.0  -15.0  -15.0  -20.0  -20.0  15.0  15.0  0.0  0.0]</P>
    </InstanceData>
  </Block>
  <Block BlockType="SubSystem" Name="Flight Cycle" SID="1965">
    <P Name="Tag">STV Subsys</P>
    <PortCounts out="3"/>
    <P Name="Position">[215, -66, 270, -24]</P>
    <P Name="ZOrder">150</P>
    <P Name="BlockMirror">on</P>
    <P Name="CopyFcn">sigbuilder_block(&apos;copy&apos;);</P>
    <P Name="DeleteFcn">sigbuilder_block(&apos;delete&apos;);</P>
    <P Name="LoadFcn">sigbuilder_block(&apos;load&apos;);</P>
    <P Name="ModelCloseFcn">sigbuilder_block(&apos;modelClose&apos;);</P>
    <P Name="PreSaveFcn">sigbuilder_block(&apos;preSave&apos;);</P>
    <P Name="StartFcn">sigbuilder_block(&apos;start&apos;);</P>
    <P Name="PauseFcn">sigbuilder_block(&apos;pause&apos;);</P>
    <P Name="ContinueFcn">sigbuilder_block(&apos;continue&apos;);</P>
    <P Name="StopFcn">sigbuilder_block(&apos;stop&apos;);</P>
    <P Name="NameChangeFcn">sigbuilder_block(&apos;namechange&apos;);</P>
    <P Name="ClipboardFcn">sigbuilder_block(&apos;clipboard&apos;);</P>
    <P Name="OpenFcn">sigbuilder_block(&apos;open&apos;,[440.4 133.2 550.8 400.2 ]);</P>
    <P Name="CloseFcn">sigbuilder_block(&apos;close&apos;);</P>
    <P Name="MaskHideContents">on</P>
    <P Name="ContentPreviewEnabled">on</P>
    <Mask SelfModifiable="on">
      <Type>Sigbuilder block</Type>
      <Display IconOpaque="transparent" IconRotate="port">plot(0, 0, 100, 100,[2, 2, 32, 32, 2], [68, 8, 8, 68, 68],[32, 2], [38, 38], [32, 19, 2],[53, 60, 44], [32, 17, 17, 2],[16, 16, 31, 31]);txt = getActiveGroup(gcbh);text(2, 100, txt,&apos;verticalAlignment&apos;, &apos;top&apos;);</Display>
      <Description>Simulink:masks:SigbuilderBlock_MD</Description>
      <Initialization>if ~strcmp(get_param(bdroot(gcbh),&apos;SimulationStatus&apos;),&apos;stopped&apos;) tuvar = sigbuilder_block(&apos;maskInit&apos;); end</Initialization>
      <Capabilities>slmaskedcaps(gcbh)</Capabilities>
      <MaskParameter Name="tuvar" Type="edit" Visible="off">
        <Value>[0:10]</Value>
      </MaskParameter>
    </Mask>
    <System Ref="system_1965"/>
  </Block>
  <Block BlockType="From" Name="From" SID="1256">
    <P Name="Position">[120, -188, 165, -172]</P>
    <P Name="ZOrder">138</P>
    <P Name="ShowName">off</P>
    <P Name="GotoTag">qCmd</P>
    <PortProperties>
      <Port Type="out" Index="1">
        <P Name="DataLoggingNameMode">Custom</P>
        <P Name="DataLoggingName">qCmd</P>
      </Port>
    </PortProperties>
  </Block>
  <Block BlockType="From" Name="From1" SID="1946">
    <P Name="Position">[130, -168, 155, -152]</P>
    <P Name="ZOrder">145</P>
    <P Name="ShowName">off</P>
    <P Name="GotoTag">fz</P>
    <PortProperties>
      <Port Type="out" Index="1">
        <P Name="PropagatedSignals">f1</P>
      </Port>
    </PortProperties>
  </Block>
  <Block BlockType="From" Name="From2" SID="2173">
    <P Name="Position">[10, -294, 30, -276]</P>
    <P Name="ZOrder">160</P>
    <P Name="GotoTag">S1</P>
    <PortProperties>
      <Port Type="out" Index="1">
        <P Name="Name">S1</P>
        <P Name="PropagatedSignals">S</P>
      </Port>
    </PortProperties>
  </Block>
  <Block BlockType="From" Name="From3" SID="2205">
    <P Name="Position">[10, -259, 30, -241]</P>
    <P Name="ZOrder">164</P>
    <P Name="GotoTag">S2</P>
    <PortProperties>
      <Port Type="out" Index="1">
        <P Name="Name">S2</P>
        <P Name="PropagatedSignals">S</P>
      </Port>
    </PortProperties>
  </Block>
  <Block BlockType="From" Name="From4" SID="2206">
    <P Name="Position">[10, -229, 30, -211]</P>
    <P Name="ZOrder">165</P>
    <P Name="GotoTag">S3</P>
    <PortProperties>
      <Port Type="out" Index="1">
        <P Name="Name">S3</P>
        <P Name="PropagatedSignals">S</P>
      </Port>
    </PortProperties>
  </Block>
  <Block BlockType="Goto" Name="Goto" SID="1255">
    <P Name="Position">[-495, -94, -450, -76]</P>
    <P Name="ZOrder">137</P>
    <P Name="BlockMirror">on</P>
    <P Name="ShowName">off</P>
    <P Name="GotoTag">qCmd</P>
  </Block>
  <Block BlockType="Goto" Name="Goto1" SID="1945">
    <P Name="Position">[-190, -333, -170, -317]</P>
    <P Name="ZOrder">144</P>
    <P Name="ShowName">off</P>
    <P Name="GotoTag">fz</P>
  </Block>
  <Block BlockType="Goto" Name="Goto2" SID="2172">
    <P Name="Position">[-190, -223, -170, -207]</P>
    <P Name="ZOrder">159</P>
    <P Name="GotoTag">S3</P>
  </Block>
  <Block BlockType="Goto" Name="Goto3" SID="2202">
    <P Name="Position">[-190, -258, -170, -242]</P>
    <P Name="ZOrder">161</P>
    <P Name="GotoTag">S2</P>
  </Block>
  <Block BlockType="Goto" Name="Goto4" SID="2203">
    <P Name="Position">[-190, -293, -170, -277]</P>
    <P Name="ZOrder">162</P>
    <P Name="GotoTag">S1</P>
  </Block>
  <Block BlockType="SubSystem" Name="Mechanical" SID="1069">
    <P Name="Tag">PublishSubsystem</P>
    <PortCounts out="1" lconn="6" rconn="1"/>
    <P Name="Position">[-190, -165, 80, -10]</P>
    <P Name="ZOrder">102</P>
    <P Name="ContentPreviewEnabled">on</P>
    <Mask>
      <Display IconOpaque="opaque-with-ports" RunInitForIconRedraw="off" IconRotate="port" PortRotate="physical">image(&apos;sm_aileron_actuator_aileron_full_IMAGE.png&apos;);</Display>
    </Mask>
    <PortProperties>
      <Port Type="out" Index="1">
        <P Name="Name">Angle</P>
        <P Name="DataLoggingNameMode">Custom</P>
        <P Name="DataLoggingName">qMeas</P>
      </Port>
    </PortProperties>
    <System Ref="system_1069"/>
  </Block>
  <Block BlockType="Mux" Name="Mux" SID="1257">
    <PortCounts in="2" out="1"/>
    <P Name="Position">[175, -204, 180, -171]</P>
    <P Name="ZOrder">139</P>
    <P Name="ShowName">off</P>
    <P Name="Inputs">2</P>
    <P Name="DisplayOption">bar</P>
  </Block>
  <Block BlockType="Mux" Name="Mux1" SID="2204">
    <PortCounts in="3" out="1"/>
    <P Name="Position">[120, -269, 125, -231]</P>
    <P Name="ZOrder">163</P>
    <P Name="Inputs">3</P>
    <P Name="DisplayOption">bar</P>
  </Block>
  <Block BlockType="Scope" Name="Scope" SID="1100">
    <PortCounts in="3"/>
    <P Name="Position">[210, -191, 245, -149]</P>
    <P Name="ZOrder">113</P>
    <P Name="ScopeSpecificationString">Simulink.scopes.TimeScopeBlockCfg(&apos;CurrentConfiguration&apos;, extmgr.ConfigurationSet(extmgr.Configuration(&apos;Core&apos;,&apos;General UI&apos;,true,&apos;FigureColor&apos;,[0 0 0]),extmgr.Configuration(&apos;Core&apos;,&apos;Source UI&apos;,true),extmgr.Configuration(&apos;Sources&apos;,&apos;WiredSimulink&apos;,true,&apos;DataLogging&apos;,true,&apos;DataLoggingVariableName&apos;,&apos;Angles_Forces&apos;,&apos;DataLoggingSaveFormat&apos;,&apos;StructureWithTime&apos;),extmgr.Configuration(&apos;Visuals&apos;,&apos;Time Domain&apos;,true,&apos;SerializedDisplays&apos;,{struct(&apos;MinYLimReal&apos;,&apos;-24.69051&apos;,&apos;MaxYLimReal&apos;,&apos;22.21459&apos;,&apos;YLabelReal&apos;,&apos;&apos;,&apos;MinYLimMag&apos;,&apos;0.00000&apos;,&apos;MaxYLimMag&apos;,&apos;24.69051&apos;,&apos;LegendVisibility&apos;,&apos;Off&apos;,&apos;XGrid&apos;,true,&apos;YGrid&apos;,true,&apos;PlotMagPhase&apos;,false,&apos;AxesColor&apos;,[0 0 0],&apos;AxesTickColor&apos;,[0.686274509803922 0.686274509803922 0.686274509803922],&apos;ColorOrder&apos;,[1 1 0.0666666666666667;0.0745098039215686 0.623529411764706 1;1 0.411764705882353 0.16078431372549;0.392156862745098 0.831372549019608 0.0745098039215686;0.717647058823529 0.274509803921569 1;0.0588235294117647 1 1;1 0.0745098039215686 0.650980392156863],&apos;Title&apos;,&apos;%&lt;SignalLabel&gt;&apos;,&apos;LinePropertiesCache&apos;,{{struct(&apos;Color&apos;,[1 1 0.0666666666666667],&apos;LineStyle&apos;,&apos;-&apos;,&apos;LineWidth&apos;,2,&apos;Marker&apos;,&apos;none&apos;,&apos;Visible&apos;,&apos;on&apos;),struct(&apos;Color&apos;,[0.0745098039215686 0.623529411764706 1],&apos;LineStyle&apos;,&apos;-&apos;,&apos;LineWidth&apos;,2,&apos;Marker&apos;,&apos;none&apos;,&apos;Visible&apos;,&apos;on&apos;)}},&apos;UserDefinedChannelNames&apos;,{{}},&apos;NumLines&apos;,2,&apos;LineNames&apos;,{{&apos;Angle&apos;,&apos;Command Angle&apos;}},&apos;ShowContent&apos;,true,&apos;Placement&apos;,1),struct(&apos;MinYLimReal&apos;,&apos;-539.96796&apos;,&apos;MaxYLimReal&apos;,&apos;540.07032&apos;,&apos;YLabelReal&apos;,&apos;&apos;,&apos;MinYLimMag&apos;,&apos; 0.00000&apos;,&apos;MaxYLimMag&apos;,&apos;223.12931&apos;,&apos;LegendVisibility&apos;,&apos;Off&apos;,&apos;XGrid&apos;,true,&apos;YGrid&apos;,true,&apos;PlotMagPhase&apos;,false,&apos;AxesColor&apos;,[0 0 0],&apos;AxesTickColor&apos;,[0.686274509803922 0.686274509803922 0.686274509803922],&apos;ColorOrder&apos;,[1 1 0.0666666666666667;0.0745098039215686 0.623529411764706 1;1 0.411764705882353 0.16078431372549;0.392156862745098 0.831372549019608 0.0745098039215686;0.717647058823529 0.274509803921569 1;0.0588235294117647 1 1;1 0.0745098039215686 0.650980392156863],&apos;Title&apos;,&apos;%&lt;SignalLabel&gt;&apos;,&apos;LinePropertiesCache&apos;,{{struct(&apos;Color&apos;,[1 1 0.0666666666666667],&apos;LineStyle&apos;,&apos;-&apos;,&apos;LineWidth&apos;,2,&apos;Marker&apos;,&apos;none&apos;,&apos;Visible&apos;,&apos;on&apos;)}},&apos;UserDefinedChannelNames&apos;,{{}},&apos;NumLines&apos;,1,&apos;LineNames&apos;,{{&apos;&lt;f1&gt;&apos;}},&apos;ShowContent&apos;,true,&apos;Placement&apos;,2),struct(&apos;MinYLimReal&apos;,&apos;-2.375&apos;,&apos;MaxYLimReal&apos;,&apos;1.375&apos;,&apos;YLabelReal&apos;,&apos;&apos;,&apos;MinYLimMag&apos;,&apos; 0.00000&apos;,&apos;MaxYLimMag&apos;,&apos;223.12931&apos;,&apos;LegendVisibility&apos;,&apos;Off&apos;,&apos;XGrid&apos;,true,&apos;YGrid&apos;,true,&apos;PlotMagPhase&apos;,false,&apos;AxesColor&apos;,[0 0 0],&apos;AxesTickColor&apos;,[0.686274509803922 0.686274509803922 0.686274509803922],&apos;ColorOrder&apos;,[1 1 0.0666666666666667;0.0745098039215686 0.623529411764706 1;1 0.411764705882353 0.16078431372549;0.392156862745098 0.831372549019608 0.0745098039215686;0.717647058823529 0.274509803921569 1;0.0588235294117647 1 1;1 0.0745098039215686 0.650980392156863],&apos;Title&apos;,&apos;%&lt;SignalLabel&gt;&apos;,&apos;LinePropertiesCache&apos;,{{struct(&apos;Color&apos;,[1 1 0],&apos;LineStyle&apos;,&apos;-&apos;,&apos;LineWidth&apos;,3,&apos;Marker&apos;,&apos;none&apos;,&apos;Visible&apos;,&apos;on&apos;),struct(&apos;Color&apos;,[0.0745098039215686 0.623529411764706 1],&apos;LineStyle&apos;,&apos;-&apos;,&apos;LineWidth&apos;,3,&apos;Marker&apos;,&apos;none&apos;,&apos;Visible&apos;,&apos;on&apos;),struct(&apos;Color&apos;,[1 0.411764705882353 0.16078431372549],&apos;LineStyle&apos;,&apos;-&apos;,&apos;LineWidth&apos;,3,&apos;Marker&apos;,&apos;none&apos;,&apos;Visible&apos;,&apos;on&apos;)}},&apos;UserDefinedChannelNames&apos;,{{}},&apos;NumLines&apos;,3,&apos;LineNames&apos;,{{&apos;S1&apos;,&apos;S2&apos;,&apos;S3&apos;}},&apos;ShowContent&apos;,true,&apos;Placement&apos;,3)},&apos;DisplayPropertyDefaults&apos;,struct(&apos;YLabelReal&apos;,&apos;&apos;,&apos;ColorOrder&apos;,[1 1 0.0666666666666667;0.0745098039215686 0.623529411764706 1;1 0.411764705882353 0.16078431372549;0.392156862745098 0.831372549019608 0.0745098039215686;0.717647058823529 0.274509803921569 1;0.0588235294117647 1 1;1 0.0745098039215686 0.650980392156863],&apos;Title&apos;,&apos;%&lt;SignalLabel&gt;&apos;),&apos;DisplayContentCache&apos;,[],&apos;DisplayLayoutDimensions&apos;,[3 1]),extmgr.Configuration(&apos;Tools&apos;,&apos;Plot Navigation&apos;,true,&apos;OnceAtStop&apos;,false,&apos;PreviousAutoscale&apos;,&apos;XY&apos;,&apos;PreviousZoomMode&apos;,&apos;ZoomX&apos;),extmgr.Configuration(&apos;Tools&apos;,&apos;Measurements&apos;,true,&apos;Version&apos;,&apos;2023a&apos;,&apos;Measurements&apos;,struct(&apos;traceselector&apos;,struct(&apos;Line&apos;,4),&apos;tcursors&apos;,struct(&apos;XCoordinates&apos;,[10.1480263157895 10.2689361149585],&apos;YCoordinates&apos;,[0 -1],&apos;CursorChannels&apos;,[4 6],&apos;WaveformCursors&apos;,true,&apos;ShowHorizontal&apos;,false,&apos;ShowVertical&apos;,true,&apos;LockCursorSpacing&apos;,false,&apos;SnapToData&apos;,false,&apos;SettingsPanelOpen&apos;,1,&apos;MeasurementsPanelOpen&apos;,1)))),&apos;Version&apos;,&apos;2023a&apos;,&apos;Position&apos;,[1 41 1536 748.8],&apos;VisibleAtModelOpen&apos;,&apos;on&apos;)</P>
    <P Name="NumInputPorts">3</P>
    <P Name="Floating">off</P>
  </Block>
  <Block BlockType="From" Name="qMFrom1" SID="1991">
    <P Name="Position">[-470, -153, -440, -137]</P>
    <P Name="ZOrder">157</P>
    <P Name="BackgroundColor">[0.796078, 0.839216, 0.882353]</P>
    <P Name="ShowName">off</P>
    <P Name="GotoTag">qM</P>
    <PortProperties>
      <Port Type="out" Index="1">
        <P Name="PropagatedSignals">Angle</P>
      </Port>
    </PortProperties>
  </Block>
  <Block BlockType="From" Name="qMFrom2" SID="1992">
    <P Name="Position">[215, -83, 245, -67]</P>
    <P Name="ZOrder">158</P>
    <P Name="BlockMirror">on</P>
    <P Name="BackgroundColor">[0.796078, 0.839216, 0.882353]</P>
    <P Name="ShowName">off</P>
    <P Name="GotoTag">qM</P>
    <PortProperties>
      <Port Type="out" Index="1">
        <P Name="PropagatedSignals">Angle</P>
      </Port>
    </PortProperties>
  </Block>
  <Block BlockType="Goto" Name="qMGoto" SID="1990">
    <P Name="Position">[115, -133, 145, -117]</P>
    <P Name="ZOrder">156</P>
    <P Name="BackgroundColor">[0.796078, 0.839216, 0.882353]</P>
    <P Name="ShowName">off</P>
    <P Name="GotoTag">qM</P>
  </Block>
  <Block BlockType="Scope" Name="Scope1" SID="1977">
    <PortCounts/>
    <P Name="Position">[185, 14, 215, 46]</P>
    <P Name="ZOrder">151</P>
    <P Name="IOType">viewer</P>
    <List ListType="IOSignalStrings">
      <P Name="set0ParseKeys">20</P>
      <P Name="set0Sigs">Aero Load/Scaling:o1</P>
    </List>
    <P Name="ScopeSpecificationString">Simulink.scopes.TimeScopeBlockCfg(&apos;CurrentConfiguration&apos;, extmgr.ConfigurationSet(extmgr.Configuration(&apos;Core&apos;,&apos;General UI&apos;,true),extmgr.Configuration(&apos;Core&apos;,&apos;Source UI&apos;,true),extmgr.Configuration(&apos;Sources&apos;,&apos;WiredSimulink&apos;,true,&apos;DataLoggingVariableName&apos;,&apos;ScopeData1&apos;),extmgr.Configuration(&apos;Visuals&apos;,&apos;Time Domain&apos;,true,&apos;SerializedDisplays&apos;,{struct(&apos;MinYLimReal&apos;,&apos;-0.73422&apos;,&apos;MaxYLimReal&apos;,&apos;0.73196&apos;,&apos;YLabelReal&apos;,&apos;&apos;,&apos;MinYLimMag&apos;,&apos;0.00000&apos;,&apos;MaxYLimMag&apos;,&apos;0.73422&apos;,&apos;LegendVisibility&apos;,&apos;off&apos;,&apos;XGrid&apos;,true,&apos;YGrid&apos;,true,&apos;PlotMagPhase&apos;,false,&apos;AxesColor&apos;,[0 0 0],&apos;AxesTickColor&apos;,[0.686274509803922 0.686274509803922 0.686274509803922],&apos;ColorOrder&apos;,[1 1 0.0666666666666667;0.0745098039215686 0.623529411764706 1;1 0.411764705882353 0.16078431372549;0.392156862745098 0.831372549019608 0.0745098039215686;0.717647058823529 0.274509803921569 1;0.0588235294117647 1 1;1 0.0745098039215686 0.650980392156863],&apos;Title&apos;,&apos;%&lt;SignalLabel&gt;&apos;,&apos;LinePropertiesCache&apos;,{{}},&apos;UserDefinedChannelNames&apos;,{{}},&apos;NumLines&apos;,1,&apos;LineNames&apos;,{{&apos;Scaling&apos;}},&apos;ShowContent&apos;,true,&apos;Placement&apos;,1)},&apos;DisplayPropertyDefaults&apos;,struct(&apos;MinYLimReal&apos;,&apos;-0.73422&apos;,&apos;MaxYLimReal&apos;,&apos;0.73196&apos;,&apos;YLabelReal&apos;,&apos;&apos;,&apos;MinYLimMag&apos;,&apos;0.00000&apos;,&apos;MaxYLimMag&apos;,&apos;0.73422&apos;,&apos;LegendVisibility&apos;,&apos;off&apos;,&apos;XGrid&apos;,true,&apos;YGrid&apos;,true,&apos;PlotMagPhase&apos;,false,&apos;AxesColor&apos;,[0 0 0],&apos;AxesTickColor&apos;,[0.686274509803922 0.686274509803922 0.686274509803922],&apos;ColorOrder&apos;,[0.0745098039215686 0.623529411764706 1;1 0.411764705882353 0.16078431372549;1 1 0.0666666666666667;0.717647058823529 0.274509803921569 1;0.392156862745098 0.831372549019608 0.0745098039215686;0.0588235294117647 1 1;1 0.0745098039215686 0.650980392156863])),extmgr.Configuration(&apos;Tools&apos;,&apos;Plot Navigation&apos;,true),extmgr.Configuration(&apos;Tools&apos;,&apos;Measurements&apos;,true,&apos;Version&apos;,&apos;2023a&apos;)),&apos;Version&apos;,&apos;2023a&apos;,&apos;Position&apos;,[953 309.8 560 420])</P>
    <P Name="NumInputPorts">1</P>
    <P Name="Floating">off</P>
  </Block>
  <Line>
    <P Name="ZOrder">218</P>
    <P Name="Src">1142#out:1</P>
    <P Name="Points">[29, 0; 0, -140]</P>
    <P Name="Dst">1945#in:1</P>
  </Line>
  <Line LineType="Connection">
    <P Name="ZOrder">127</P>
    <P Name="Src">1142#rconn:1</P>
    <P Name="Points">[6, 0; 0, -45]</P>
    <P Name="Dst">1069#lconn:1</P>
  </Line>
  <Line LineType="Connection">
    <P Name="ZOrder">128</P>
    <P Name="Src">1142#rconn:2</P>
    <P Name="Points">[11, 0; 0, -40]</P>
    <P Name="Dst">1069#lconn:2</P>
  </Line>
  <Line LineType="Connection">
    <P Name="ZOrder">129</P>
    <P Name="Src">1142#rconn:3</P>
    <P Name="Points">[17, 0; 0, -35]</P>
    <P Name="Dst">1069#lconn:3</P>
  </Line>
  <Line LineType="Connection">
    <P Name="ZOrder">130</P>
    <P Name="Src">1142#rconn:4</P>
    <P Name="Points">[23, 0; 0, -30]</P>
    <P Name="Dst">1069#lconn:4</P>
  </Line>
  <Line LineType="Connection">
    <P Name="ZOrder">131</P>
    <P Name="Src">1142#rconn:5</P>
    <P Name="Points">[29, 0; 0, -25]</P>
    <P Name="Dst">1069#lconn:5</P>
  </Line>
  <Line LineType="Connection">
    <P Name="ZOrder">132</P>
    <P Name="Src">1142#rconn:6</P>
    <P Name="Points">[34, 0; 0, -20]</P>
    <P Name="Dst">1069#lconn:6</P>
  </Line>
  <Line>
    <P Name="ZOrder">239</P>
    <P Name="Src">1257#out:1</P>
    <P Name="Dst">1100#in:1</P>
  </Line>
  <Line>
    <P Name="ZOrder">172</P>
    <P Name="Src">1256#out:1</P>
    <P Name="Dst">1257#in:2</P>
  </Line>
  <Line>
    <P Name="ZOrder">208</P>
    <P Name="Src">1355#out:1</P>
    <P Name="Points">[14, 0]</P>
    <Branch>
      <P Name="ZOrder">216</P>
      <P Name="Points">[0, -30]</P>
      <P Name="Dst">1255#in:1</P>
    </Branch>
    <Branch>
      <P Name="ZOrder">215</P>
      <P Name="Points">[0, 10]</P>
      <P Name="Dst">1142#in:2</P>
    </Branch>
  </Line>
  <Line>
    <P Name="ZOrder">238</P>
    <P Name="Src">1946#out:1</P>
    <P Name="Points">[28, 0; 0, -10]</P>
    <P Name="Dst">1100#in:2</P>
  </Line>
  <Line LineType="Connection">
    <P Name="ZOrder">237</P>
    <P Name="Src">1956#rconn:1</P>
    <P Name="Dst">1069#rconn:1</P>
  </Line>
  <Line>
    <P Name="ZOrder">245</P>
    <P Name="Src">1965#out:2</P>
    <P Name="Dst">1956#in:3</P>
  </Line>
  <Line>
    <P Name="ZOrder">246</P>
    <P Name="Src">1965#out:1</P>
    <P Name="Dst">1956#in:2</P>
  </Line>
  <Line>
    <P Name="ZOrder">247</P>
    <P Name="Src">1965#out:3</P>
    <P Name="Dst">1956#in:4</P>
  </Line>
  <Line>
    <P Name="Name">Angle</P>
    <P Name="ZOrder">77</P>
    <P Name="Src">1069#out:1</P>
    <P Name="Points">[11, 0]</P>
    <Branch>
      <P Name="ZOrder">321</P>
      <P Name="Dst">1990#in:1</P>
    </Branch>
    <Branch>
      <P Name="ZOrder">316</P>
      <P Name="Labels">[-1, 1]</P>
      <P Name="Points">[0, -70]</P>
      <P Name="Dst">1257#in:1</P>
    </Branch>
  </Line>
  <Line>
    <P Name="ZOrder">298</P>
    <P Name="Src">1991#out:1</P>
    <P Name="Dst">1142#in:1</P>
  </Line>
  <Line>
    <P Name="ZOrder">299</P>
    <P Name="Src">1992#out:1</P>
    <P Name="Dst">1956#in:1</P>
  </Line>
  <Line>
    <P Name="ZOrder">325</P>
    <P Name="Src">1142#out:2</P>
    <P Name="Points">[2, 0; 0, -50]</P>
    <P Name="Dst">2172#in:1</P>
  </Line>
  <Line>
    <P Name="Name">S1</P>
    <P Name="ZOrder">330</P>
    <P Name="Labels">[1, 1]</P>
    <P Name="Src">2173#out:1</P>
    <P Name="Points">[52, 0; 0, 25]</P>
    <P Name="Dst">2204#in:1</P>
  </Line>
  <Line>
    <P Name="ZOrder">327</P>
    <P Name="Src">1142#out:3</P>
    <P Name="Points">[22, 0; 0, -105]</P>
    <P Name="Dst">2202#in:1</P>
  </Line>
  <Line>
    <P Name="ZOrder">328</P>
    <P Name="Src">1142#out:4</P>
    <P Name="Points">[9, 0; 0, -160]</P>
    <P Name="Dst">2203#in:1</P>
  </Line>
  <Line>
    <P Name="Name">S2</P>
    <P Name="ZOrder">331</P>
    <P Name="Labels">[1, 1]</P>
    <P Name="Src">2205#out:1</P>
    <P Name="Dst">2204#in:2</P>
  </Line>
  <Line>
    <P Name="Name">S3</P>
    <P Name="ZOrder">332</P>
    <P Name="Labels">[1, 1]</P>
    <P Name="Src">2206#out:1</P>
    <P Name="Points">[40, 0; 0, -20]</P>
    <P Name="Dst">2204#in:3</P>
  </Line>
  <Line>
    <P Name="ZOrder">333</P>
    <P Name="Src">2204#out:1</P>
    <P Name="Points">[65, 0]</P>
    <P Name="Dst">1100#in:3</P>
  </Line>
  <Annotation SID="1943">
    <P Name="Name">Aileron Actuation System</P>
    <P Name="Tag">ModelTitle</P>
    <P Name="Position">[-487, 30, -316, 48]</P>
    <P Name="InternalMargins">[0, 0, 0, 0]</P>
    <P Name="ZOrder">-1</P>
    <P Name="FontSize">14</P>
    <P Name="FontWeight">bold</P>
  </Annotation>
  <Annotation SID="1944">
    <P Name="Name">&lt;!DOCTYPE HTML PUBLIC &quot;-//W3C//DTD HTML 4.0//EN&quot; &quot;http://www.w3.org/TR/REC-html40/strict.dtd&quot;&gt;
&lt;html&gt;&lt;head&gt;&lt;meta name=&quot;qrichtext&quot; content=&quot;1&quot; /&gt;&lt;style type=&quot;text/css&quot;&gt;
p, li { white-space: pre-wrap; }
&lt;/style&gt;&lt;/head&gt;&lt;body style=&quot; font-family:&apos;Arial&apos;; font-size:12px; font-weight:400; font-style:normal;&quot;&gt;
&lt;p style=&quot; margin-top:0px; margin-bottom:0px; margin-left:0px; margin-right:0px; -qt-block-indent:0; text-indent:0px;&quot;&gt;&lt;span style=&quot; font-size:12px;&quot;&gt;1. &lt;/span&gt;&lt;a href=&quot;matlab:sm_aileron_actuator_plot1forcereq&quot;&gt;&lt;span style=&quot; font-size:12px; text-decoration: underline; color:#0000ff;&quot;&gt;Plot required actuator force&lt;/span&gt;&lt;/a&gt;&lt;span style=&quot; font-size:12px;&quot;&gt; to follow command angle (&lt;/span&gt;&lt;a href=&quot;matlab:edit sm_aileron_actuator_plot1forcereq&quot;&gt;&lt;span style=&quot; font-size:12px; text-decoration: underline; color:#0000ff;&quot;&gt;see code&lt;/span&gt;&lt;/a&gt;&lt;span style=&quot; font-size:12px;&quot;&gt;)&lt;/span&gt;&lt;/p&gt;
&lt;p style=&quot; margin-top:0px; margin-bottom:0px; margin-left:0px; margin-right:0px; -qt-block-indent:0; text-indent:0px;&quot;&gt;&lt;span style=&quot; font-size:12px;&quot;&gt;2. &lt;/span&gt;&lt;a href=&quot;matlab:sm_aileron_actuator_plot6forceused&quot;&gt;&lt;span style=&quot; font-size:12px; text-decoration: underline; color:#0000ff;&quot;&gt;Plot force used&lt;/span&gt;&lt;/a&gt;&lt;span style=&quot; font-size:12px;&quot;&gt; with current design (&lt;/span&gt;&lt;a href=&quot;matlab:edit sm_aileron_actuator_plot6forceused&quot;&gt;&lt;span style=&quot; font-size:12px; text-decoration: underline; color:#0000ff;&quot;&gt;see code&lt;/span&gt;&lt;/a&gt;&lt;span style=&quot; font-size:12px;&quot;&gt;)&lt;/span&gt;&lt;/p&gt;
&lt;p style=&quot; margin-top:0px; margin-bottom:0px; margin-left:0px; margin-right:0px; -qt-block-indent:0; text-indent:0px;&quot;&gt;&lt;span style=&quot; font-size:12px;&quot;&gt;3. Actuation (&lt;/span&gt;&lt;a href=&quot;matlab:% Reset leadscrew masks
sm_aileron_actuator_configModel(bdroot,&apos;E SL Avg&apos;); 
% Use Motion as default
sm_aileron_actuator_configModel(bdroot,&apos;Motion&apos;);&quot;&gt;&lt;span style=&quot; font-size:12px; text-decoration: underline; color:#0000ff;&quot;&gt;default&lt;/span&gt;&lt;/a&gt;&lt;span style=&quot; font-size:12px;&quot;&gt;): &lt;/span&gt;&lt;a href=&quot;matlab:sm_aileron_actuator_configModel(bdroot,&apos;Motion&apos;)&quot;&gt;&lt;span style=&quot; font-size:12px; text-decoration: underline; color:#0000ff;&quot;&gt;Motion&lt;/span&gt;&lt;/a&gt;&lt;span style=&quot; font-size:12px;&quot;&gt;, &lt;/span&gt;&lt;a href=&quot;matlab:sm_aileron_actuator_configModel(bdroot,&apos;Ideal&apos;)&quot;&gt;&lt;span style=&quot; font-size:12px; text-decoration: underline; color:#0000ff;&quot;&gt;Ideal&lt;/span&gt;&lt;/a&gt;&lt;span style=&quot; font-size:12px;&quot;&gt;, &lt;/span&gt;&lt;a href=&quot;matlab:sm_aileron_actuator_configModel(bdroot,&apos;Hydraulic&apos;)&quot;&gt;&lt;span style=&quot; font-size:12px; text-decoration: underline; color:#0000ff;&quot;&gt;Hydraulic&lt;/span&gt;&lt;/a&gt;&lt;span style=&quot; font-size:12px;&quot;&gt;, &lt;/span&gt;&lt;a href=&quot;matlab:sm_aileron_actuator_configModel(bdroot,&apos;E SL Avg&apos;)&quot;&gt;&lt;span style=&quot; font-size:12px; text-decoration: underline; color:#0000ff;&quot;&gt;Electric&lt;/span&gt;&lt;/a&gt;&lt;/p&gt;
&lt;p style=&quot; margin-top:0px; margin-bottom:0px; margin-left:0px; margin-right:0px; -qt-block-indent:0; text-indent:0px;&quot;&gt;&lt;span style=&quot; font-size:12px;&quot;&gt;4. &lt;/span&gt;&lt;a href=&quot;matlab:try
sscexplore(simlog_sm_aileron_actuator);
catch
sim(bdroot)
sscexplore(simlog_sm_aileron_actuator);
end&quot;&gt;&lt;span style=&quot; font-size:12px; text-decoration: underline; color:#0000ff;&quot;&gt;Explore simulation results&lt;/span&gt;&lt;/a&gt;&lt;span style=&quot; font-size:12px;&quot;&gt; using &lt;/span&gt;&lt;a href=&quot;matlab://web(fullfile(docroot, &apos;physmod/simscape/ug/log-navigate-and-plot-simulation-data.html&apos;))&quot;&gt;&lt;span style=&quot; font-size:12px; text-decoration: underline; color:#0000ff;&quot;&gt;sscexplore&lt;/span&gt;&lt;/a&gt;&lt;/p&gt;
&lt;p style=&quot; margin-top:0px; margin-bottom:0px; margin-left:0px; margin-right:0px; -qt-block-indent:0; text-indent:0px;&quot;&gt;&lt;span style=&quot; font-size:12px;&quot;&gt;5. &lt;/span&gt;&lt;a href=&quot;matlab:web(&apos;sm_aileron_actuator_Demo_Script.html&apos;);&quot;&gt;&lt;span style=&quot; font-size:12px; text-decoration: underline; color:#0000ff;&quot;&gt;Explore workflows&lt;/span&gt;&lt;/a&gt;&lt;span style=&quot; font-size:12px; color:#000000;&quot;&gt; with this example (see &lt;/span&gt;&lt;a href=&quot;matlab:web(&apos;sm_aileron_actuator_electric.html&apos;);&quot;&gt;&lt;span style=&quot; font-size:12px; text-decoration: underline; color:#0000ff;&quot;&gt;documentation&lt;/span&gt;&lt;/a&gt;&lt;span style=&quot; font-size:12px; color:#000000;&quot;&gt;)&lt;/span&gt;&lt;/p&gt;&lt;/body&gt;&lt;/html&gt;</P>
    <P Name="Tag">ModelFeatures</P>
    <P Name="Position">[-487, 47, -132, 119]</P>
    <P Name="InternalMargins">[0, 0, 0, 0]</P>
    <P Name="Interpreter">rich</P>
    <P Name="ZOrder">-2</P>
  </Annotation>
</System>
