<?xml version="1.0" encoding="utf-8"?>
<System>
  <P Name="Location">[21, 14, 874, 552]</P>
  <Block BlockType="SubSystem" Name="Hex_Flange_Screw_M6_1_RIGID" SID="268">
    <PortCounts lconn="1"/>
    <P Name="Position">[260, 325, 300, 365]</P>
    <P Name="ZOrder">8</P>
    <Mask>
      <Display/>
    </Mask>
    <System Ref="system_268"/>
  </Block>
  <Block BlockType="SubSystem" Name="Hex_Flange_Screw_M6_2_RIGID" SID="269">
    <PortCounts lconn="1"/>
    <P Name="Position">[260, 265, 300, 305]</P>
    <P Name="ZOrder">9</P>
    <Mask>
      <Display/>
    </Mask>
    <System Ref="system_269"/>
  </Block>
  <Block BlockType="SubSystem" Name="Hex_Flange_Screw_M6_3_RIGID" SID="270">
    <PortCounts lconn="1"/>
    <P Name="Position">[260, 205, 300, 245]</P>
    <P Name="ZOrder">10</P>
    <Mask>
      <Display/>
    </Mask>
    <System Ref="system_270"/>
  </Block>
  <Block BlockType="SubSystem" Name="Hex_Flange_Screw_M6_4_RIGID" SID="271">
    <PortCounts lconn="1"/>
    <P Name="Position">[260, 145, 300, 185]</P>
    <P Name="ZOrder">11</P>
    <Mask>
      <Display/>
    </Mask>
    <System Ref="system_271"/>
  </Block>
  <Block BlockType="SubSystem" Name="Hex_Flange_Screw_M6_5_RIGID" SID="272">
    <PortCounts lconn="1"/>
    <P Name="Position">[260, 85, 300, 125]</P>
    <P Name="ZOrder">12</P>
    <Mask>
      <Display/>
    </Mask>
    <System Ref="system_272"/>
  </Block>
  <Block BlockType="SubSystem" Name="Hex_Flange_Screw_M6_6_RIGID" SID="273">
    <PortCounts lconn="1"/>
    <P Name="Position">[260, 20, 300, 60]</P>
    <P Name="ZOrder">13</P>
    <Mask>
      <Display/>
    </Mask>
    <System Ref="system_273"/>
  </Block>
  <Block BlockType="PMIOPort" Name="G" SID="1266">
    <P Name="Position">[20, 193, 50, 207]</P>
    <P Name="ZOrder">14</P>
    <P Name="Side">Left</P>
  </Block>
  <Line LineType="Connection">
    <P Name="ZOrder">43</P>
    <P Name="Points">[178, 105; 0, -65; 67, 0]</P>
    <P Name="Dst">273#lconn:1</P>
    <Branch ConnectType="SRC_DEST">
      <P Name="Points">[178, 165; 0, -60]</P>
      <Branch ConnectType="SRC_DEST">
        <P Name="Points">[178, 198; 0, -33]</P>
        <Branch ConnectType="SRC_DEST">
          <P Name="Src">1266#rconn:1</P>
          <P Name="Points">[57, 0; 0, -2; 56, 0]</P>
        </Branch>
        <Branch ConnectType="SRC_SRC">
          <P Name="Points">[0, 27]</P>
          <Branch ConnectType="DEST_SRC">
            <P Name="Points">[0, 60]</P>
            <Branch ConnectType="DEST_SRC">
              <P Name="Points">[0, 60]</P>
              <P Name="Dst">268#lconn:1</P>
            </Branch>
            <Branch ConnectType="DEST_SRC">
              <P Name="Dst">269#lconn:1</P>
            </Branch>
          </Branch>
          <Branch ConnectType="DEST_SRC">
            <P Name="Dst">270#lconn:1</P>
          </Branch>
        </Branch>
      </Branch>
      <Branch ConnectType="SRC_SRC">
        <P Name="Dst">271#lconn:1</P>
      </Branch>
    </Branch>
    <Branch ConnectType="SRC_SRC">
      <P Name="Dst">272#lconn:1</P>
    </Branch>
  </Line>
</System>
