<?xml version="1.0" encoding="utf-8"?>
<System>
  <P Name="Location">[5, 6, 858, 544]</P>
  <Block BlockType="Inport" Name="A" SID="1924:1225">
    <P Name="Position">[50, 63, 80, 77]</P>
    <P Name="ZOrder">-1</P>
  </Block>
  <Block BlockType="Inport" Name="B" SID="1924:1226">
    <P Name="Position">[50, 123, 80, 137]</P>
    <P Name="ZOrder">-2</P>
    <P Name="Port">2</P>
  </Block>
  <Block BlockType="Clock" Name="Clock" SID="1924:1227">
    <P Name="Position">[190, 175, 210, 195]</P>
    <P Name="ZOrder">-3</P>
  </Block>
  <Block BlockType="Constant" Name="Constant" SID="1924:1228">
    <P Name="Position">[95, 169, 130, 191]</P>
    <P Name="ZOrder">-4</P>
    <P Name="Value">0.5</P>
  </Block>
  <Block BlockType="Signum" Name="Sign" SID="1924:1229">
    <P Name="Position">[190, 115, 220, 145]</P>
    <P Name="ZOrder">-5</P>
  </Block>
  <Block BlockType="Sum" Name="Sum1" SID="1924:1230">
    <PortCounts in="2" out="1"/>
    <P Name="Position">[135, 120, 155, 140]</P>
    <P Name="ZOrder">-6</P>
    <P Name="ShowName">off</P>
    <P Name="Inputs">|-+</P>
  </Block>
  <Block BlockType="SubSystem" Name="Triggered&#xA;Subsystem" SID="1924:1231">
    <PortCounts in="2" out="3" trigger="1"/>
    <P Name="Position">[260, 115, 400, 165]</P>
    <P Name="ZOrder">-7</P>
    <P Name="TreatAsAtomicUnit">on</P>
    <System Ref="system_1924_1231"/>
  </Block>
  <Block BlockType="Outport" Name="Pulse frequency" SID="1924:1243">
    <P Name="Position">[455, 133, 485, 147]</P>
    <P Name="ZOrder">-8</P>
    <P Name="VectorParamsAs1DForOutWhenUnconnected">off</P>
  </Block>
  <Block BlockType="Outport" Name="Direction" SID="1924:1244">
    <P Name="Position">[455, 188, 485, 202]</P>
    <P Name="ZOrder">-9</P>
    <P Name="Port">2</P>
    <P Name="VectorParamsAs1DForOutWhenUnconnected">off</P>
  </Block>
  <Block BlockType="Outport" Name="Pulse count" SID="1924:1245">
    <P Name="Position">[455, 78, 485, 92]</P>
    <P Name="ZOrder">-10</P>
    <P Name="Port">3</P>
    <P Name="VectorParamsAs1DForOutWhenUnconnected">off</P>
  </Block>
  <Line>
    <P Name="ZOrder">1</P>
    <P Name="Src">1924:1228#out:1</P>
    <P Name="Points">[10, 0]</P>
    <P Name="Dst">1924:1230#in:2</P>
  </Line>
  <Line>
    <P Name="ZOrder">2</P>
    <P Name="Src">1924:1230#out:1</P>
    <P Name="Dst">1924:1229#in:1</P>
  </Line>
  <Line>
    <P Name="ZOrder">3</P>
    <P Name="Src">1924:1226#out:1</P>
    <P Name="Dst">1924:1230#in:1</P>
  </Line>
  <Line>
    <P Name="ZOrder">4</P>
    <P Name="Src">1924:1229#out:1</P>
    <P Name="Dst">1924:1231#in:1</P>
  </Line>
  <Line>
    <P Name="ZOrder">5</P>
    <P Name="Src">1924:1225#out:1</P>
    <P Name="Points">[245, 0]</P>
    <P Name="Dst">1924:1231#trigger</P>
  </Line>
  <Line>
    <P Name="ZOrder">6</P>
    <P Name="Src">1924:1231#out:1</P>
    <P Name="Points">[20, 0; 0, -40]</P>
    <P Name="Dst">1924:1245#in:1</P>
  </Line>
  <Line>
    <P Name="ZOrder">7</P>
    <P Name="Src">1924:1227#out:1</P>
    <P Name="Points">[15, 0; 0, -30]</P>
    <P Name="Dst">1924:1231#in:2</P>
  </Line>
  <Line>
    <P Name="ZOrder">8</P>
    <P Name="Src">1924:1231#out:2</P>
    <P Name="Dst">1924:1243#in:1</P>
  </Line>
  <Line>
    <P Name="ZOrder">9</P>
    <P Name="Src">1924:1231#out:3</P>
    <P Name="Points">[20, 0; 0, 40]</P>
    <P Name="Dst">1924:1244#in:1</P>
  </Line>
</System>
