<?xml version="1.0" encoding="utf-8"?>
<System>
  <P Name="Location">[21, 14, 874, 552]</P>
  <Block BlockType="SubSystem" Name="Hex_Bolt_M10_3_RIGID" SID="105">
    <PortCounts lconn="1"/>
    <P Name="Position">[-110, 45, -70, 85]</P>
    <P Name="ZOrder">6</P>
    <Mask>
      <Display/>
    </Mask>
    <System Ref="system_105"/>
  </Block>
  <Block BlockType="SubSystem" Name="Hex_Flange_Nut_M10_1_RIGID" SID="106">
    <PortCounts lconn="1"/>
    <P Name="Position">[-110, -20, -70, 20]</P>
    <P Name="ZOrder">7</P>
    <Mask>
      <Display/>
    </Mask>
    <System Ref="system_106"/>
  </Block>
  <Block BlockType="SubSystem" Name="Washer_3_RIGID" SID="128">
    <PortCounts lconn="1"/>
    <P Name="Position">[-110, -85, -70, -45]</P>
    <P Name="ZOrder">29</P>
    <Mask>
      <Display/>
    </Mask>
    <System Ref="system_128"/>
  </Block>
  <Block BlockType="SubSystem" Name="Washer_4_RIGID" SID="129">
    <PortCounts lconn="1"/>
    <P Name="Position">[-110, -145, -70, -105]</P>
    <P Name="ZOrder">30</P>
    <Mask>
      <Display/>
    </Mask>
    <System Ref="system_129"/>
  </Block>
  <Block BlockType="PMIOPort" Name="G" SID="1293">
    <P Name="Position">[-310, 58, -280, 72]</P>
    <P Name="ZOrder">31</P>
    <P Name="Side">Left</P>
  </Block>
  <Line LineType="Connection">
    <P Name="ZOrder">10</P>
    <P Name="Points">[-210, 65; 85, 0]</P>
    <P Name="Dst">105#lconn:1</P>
    <Branch ConnectType="SRC_DEST">
      <P Name="Src">1293#rconn:1</P>
      <P Name="Points">[55, 0]</P>
    </Branch>
    <Branch ConnectType="SRC_SRC">
      <P Name="Points">[0, -65]</P>
      <Branch ConnectType="DEST_SRC">
        <P Name="Points">[0, -65]</P>
        <Branch ConnectType="DEST_SRC">
          <P Name="Points">[0, -60]</P>
          <P Name="Dst">129#lconn:1</P>
        </Branch>
        <Branch ConnectType="DEST_SRC">
          <P Name="Dst">128#lconn:1</P>
        </Branch>
      </Branch>
      <Branch ConnectType="DEST_SRC">
        <P Name="Dst">106#lconn:1</P>
      </Branch>
    </Branch>
  </Line>
</System>
