<?xml version="1.0" encoding="utf-8"?>
<System>
  <P Name="Location">[-7, -7, 1543, 841]</P>
  <Block BlockType="SubSystem" Name="Hex_Screw_M5_1_RIGID" SID="604">
    <PortCounts lconn="1"/>
    <P Name="Position">[280, 250, 320, 290]</P>
    <P Name="ZOrder">3</P>
    <Mask>
      <Display/>
    </Mask>
    <System Ref="system_604"/>
  </Block>
  <Block BlockType="SubSystem" Name="Hex_Screw_M5_2_RIGID" SID="605">
    <PortCounts lconn="1"/>
    <P Name="Position">[280, 190, 320, 230]</P>
    <P Name="ZOrder">4</P>
    <Mask>
      <Display/>
    </Mask>
    <System Ref="system_605"/>
  </Block>
  <Block BlockType="SubSystem" Name="Hex_Screw_M5_3_RIGID" SID="606">
    <PortCounts lconn="1"/>
    <P Name="Position">[280, 130, 320, 170]</P>
    <P Name="ZOrder">5</P>
    <Mask>
      <Display/>
    </Mask>
    <System Ref="system_606"/>
  </Block>
  <Block BlockType="SubSystem" Name="Hex_Screw_M5_4_RIGID" SID="607">
    <PortCounts lconn="1"/>
    <P Name="Position">[280, 70, 320, 110]</P>
    <P Name="ZOrder">6</P>
    <Mask>
      <Display/>
    </Mask>
    <System Ref="system_607"/>
  </Block>
  <Block BlockType="PMIOPort" Name="G" SID="1953">
    <P Name="Position">[160, 168, 190, 182]</P>
    <P Name="ZOrder">7</P>
    <P Name="Side">Right</P>
  </Block>
  <Line LineType="Connection">
    <P Name="ZOrder">3</P>
    <P Name="Points">[223, 210; 0, 60; 42, 0]</P>
    <P Name="Dst">604#lconn:1</P>
    <Branch ConnectType="SRC_DEST">
      <P Name="Points">[223, 175; 0, 35]</P>
      <Branch ConnectType="SRC_SRC">
        <P Name="Points">[0, -25]</P>
        <Branch ConnectType="DEST_SRC">
          <P Name="Points">[0, -60]</P>
          <P Name="Dst">607#lconn:1</P>
        </Branch>
        <Branch ConnectType="DEST_SRC">
          <P Name="Dst">606#lconn:1</P>
        </Branch>
      </Branch>
      <Branch ConnectType="SRC_DEST">
        <P Name="Src">1953#rconn:1</P>
        <P Name="Points">[18, 0]</P>
      </Branch>
    </Branch>
    <Branch ConnectType="SRC_SRC">
      <P Name="Dst">605#lconn:1</P>
    </Branch>
  </Line>
</System>
