<?xml version="1.0" encoding="utf-8"?>
<System>
  <P Name="Location">[21, 14, 874, 552]</P>
  <P Name="ZoomFactor">80</P>
  <Block BlockType="SubSystem" Name="Oval_Head_M4_1_RIGID" SID="435">
    <PortCounts lconn="1"/>
    <P Name="Position">[385, 215, 425, 255]</P>
    <P Name="ZOrder">17</P>
    <Mask>
      <Display/>
    </Mask>
    <System Ref="system_435"/>
  </Block>
  <Block BlockType="SubSystem" Name="Oval_Head_M4_2_RIGID" SID="436">
    <PortCounts lconn="1"/>
    <P Name="Position">[385, 150, 425, 190]</P>
    <P Name="ZOrder">18</P>
    <Mask>
      <Display/>
    </Mask>
    <System Ref="system_436"/>
  </Block>
  <Block BlockType="SubSystem" Name="Oval_Head_M4_3_RIGID" SID="437">
    <PortCounts lconn="1"/>
    <P Name="Position">[385, 85, 425, 125]</P>
    <P Name="ZOrder">19</P>
    <Mask>
      <Display/>
    </Mask>
    <System Ref="system_437"/>
  </Block>
  <Block BlockType="SubSystem" Name="Oval_Head_M4_4_RIGID" SID="438">
    <PortCounts lconn="1"/>
    <P Name="Position">[125, 215, 165, 255]</P>
    <P Name="ZOrder">20</P>
    <Mask>
      <Display/>
    </Mask>
    <System Ref="system_438"/>
  </Block>
  <Block BlockType="SubSystem" Name="Oval_Head_M4_7_RIGID" SID="441">
    <PortCounts lconn="1"/>
    <P Name="Position">[125, 150, 165, 190]</P>
    <P Name="ZOrder">23</P>
    <Mask>
      <Display/>
    </Mask>
    <System Ref="system_441"/>
  </Block>
  <Block BlockType="SubSystem" Name="Oval_Head_M4_9_RIGID" SID="443">
    <PortCounts lconn="1"/>
    <P Name="Position">[125, 85, 165, 125]</P>
    <P Name="ZOrder">25</P>
    <Mask>
      <Display/>
    </Mask>
    <System Ref="system_443"/>
  </Block>
  <Block BlockType="PMIOPort" Name="G" SID="1243">
    <P Name="Position">[150, 308, 180, 322]</P>
    <P Name="ZOrder">26</P>
    <P Name="Side">Left</P>
  </Block>
  <Line LineType="Connection">
    <P Name="ZOrder">19</P>
    <P Name="Points">[275, 235; 95, 0]</P>
    <P Name="Dst">435#lconn:1</P>
    <Branch ConnectType="SRC_SRC">
      <P Name="Points">[0, -65]</P>
      <Branch ConnectType="DEST_SRC">
        <P Name="Points">[0, -65]</P>
        <P Name="Dst">437#lconn:1</P>
      </Branch>
      <Branch ConnectType="DEST_SRC">
        <P Name="Dst">436#lconn:1</P>
      </Branch>
    </Branch>
    <Branch ConnectType="SRC_DEST">
      <P Name="Points">[230, 285; 45, 0; 0, -50]</P>
      <Branch ConnectType="SRC_DEST">
        <P Name="Src">1243#rconn:1</P>
        <P Name="Points">[35, 0; 0, -30]</P>
      </Branch>
      <Branch ConnectType="SRC_SRC">
        <P Name="Points">[-164, 0; 0, -50]</P>
        <Branch ConnectType="DEST_SRC">
          <P Name="Points">[0, -65]</P>
          <Branch ConnectType="DEST_SRC">
            <P Name="Points">[0, -65]</P>
            <P Name="Dst">443#lconn:1</P>
          </Branch>
          <Branch ConnectType="DEST_SRC">
            <P Name="Dst">441#lconn:1</P>
          </Branch>
        </Branch>
        <Branch ConnectType="DEST_SRC">
          <P Name="Dst">438#lconn:1</P>
        </Branch>
      </Branch>
    </Branch>
  </Line>
</System>
