<?xml version="1.0" encoding="utf-8"?>
<System>
  <P Name="Location">[-1, -7, 1537, 825]</P>
  <Block BlockType="Reference" Name="Current Sensor" SID="1924:1205">
    <PortCounts lconn="1" rconn="2"/>
    <P Name="Position">[105, 165, 145, 205]</P>
    <P Name="ZOrder">-1</P>
    <P Name="LibraryVersion">10007000.1</P>
    <P Name="SourceBlock">fl_lib/Electrical/Electrical Sensors/Current Sensor</P>
    <P Name="SourceType">Current Sensor</P>
    <InstanceData>
      <P Name="LogSimulationData">off</P>
      <P Name="SourceFile">foundation.electrical.sensors.current</P>
      <P Name="InternalSimscapePortConfiguration">{&quot;Bottom&quot;:[],&quot;Left&quot;:[{&quot;id&quot;:&quot;p&quot;,&quot;label&quot;:&quot;+&quot;,&quot;type&quot;:&quot;foundation.electrical.electrical&quot;}],&quot;Right&quot;:[{&quot;id&quot;:&quot;I&quot;,&quot;label&quot;:&quot;I&quot;,&quot;type&quot;:&quot;output&quot;},{&quot;id&quot;:&quot;n&quot;,&quot;label&quot;:&quot;-&quot;,&quot;type&quot;:&quot;foundation.electrical.electrical&quot;}],&quot;Top&quot;:[]}</P>
      <P Name="SscBlockScalableBuild">off</P>
      <P Name="ComponentPath">foundation.electrical.sensors.current</P>
      <P Name="ComponentVariants">foundation.electrical.sensors.current</P>
      <P Name="ComponentVariantNames">current</P>
      <P Name="ClassName">sensor_current</P>
      <P Name="SchemaVersion">1</P>
    </InstanceData>
  </Block>
  <Block BlockType="Goto" Name="Goto" SID="1924:1206">
    <P Name="Position">[330, 139, 425, 161]</P>
    <P Name="ZOrder">38</P>
    <P Name="ShowName">off</P>
    <P Name="Commented">on</P>
    <P Name="GotoTag">Motor_Current</P>
    <P Name="TagVisibility">global</P>
  </Block>
  <Block BlockType="Reference" Name="PS Gain" SID="1924:1314">
    <PortCounts lconn="1" rconn="1"/>
    <P Name="Position">[215, 75, 245, 105]</P>
    <P Name="ZOrder">39</P>
    <P Name="LibraryVersion">10007000.1</P>
    <P Name="SourceBlock">fl_lib/Physical Signals/Functions/PS Gain</P>
    <P Name="SourceType">PS Gain</P>
    <InstanceData>
      <P Name="LogSimulationData">off</P>
      <P Name="SourceFile">foundation.signal.functions.gain</P>
      <P Name="InternalSimscapePortConfiguration">{&quot;Bottom&quot;:[],&quot;Left&quot;:[{&quot;id&quot;:&quot;I&quot;,&quot;label&quot;:&quot;&quot;,&quot;type&quot;:&quot;input&quot;}],&quot;Right&quot;:[{&quot;id&quot;:&quot;O&quot;,&quot;label&quot;:&quot;&quot;,&quot;type&quot;:&quot;output&quot;}],&quot;Top&quot;:[]}</P>
      <P Name="SscBlockScalableBuild">off</P>
      <P Name="ComponentPath">foundation.signal.functions.gain</P>
      <P Name="ComponentVariants">foundation.signal.functions.gain</P>
      <P Name="ComponentVariantNames">gain</P>
      <P Name="ClassName">gain</P>
      <P Name="SchemaVersion">1</P>
      <P Name="gain">0.1</P>
      <P Name="gain_unit">V/A</P>
      <P Name="gain_conf">compiletime</P>
    </InstanceData>
  </Block>
  <Block BlockType="Reference" Name="PS-Simulink&#xA;Converter 2" SID="1924:1207">
    <PortCounts out="1" lconn="1"/>
    <P Name="Position">[220, 142, 235, 158]</P>
    <P Name="ZOrder">-2</P>
    <P Name="ShowName">off</P>
    <P Name="LibraryVersion">7.0</P>
    <P Name="FontSize">9</P>
    <P Name="SourceBlock">nesl_utility/PS-Simulink
Converter</P>
    <P Name="SourceType">PS-Simulink
Converter</P>
    <InstanceData>
      <P Name="RTWMemSecFuncInitTerm">Inherit from model</P>
      <P Name="RTWMemSecFuncExecute">Inherit from model</P>
      <P Name="RTWMemSecDataConstants">Inherit from model</P>
      <P Name="RTWMemSecDataInternal">Inherit from model</P>
      <P Name="RTWMemSecDataParameters">Inherit from model</P>
      <P Name="ContentPreviewEnabled">off</P>
      <P Name="PhysicalDomain">network_engine_domain</P>
      <P Name="SubClassName">ps_output</P>
      <P Name="LeftPortType">input</P>
      <P Name="RightPortType">output</P>
      <P Name="PseudoPeriodic">off</P>
      <P Name="Frequencies">[]</P>
      <P Name="VectorFormat">1-D array</P>
      <P Name="Unit">A</P>
      <P Name="AffineConversion">off</P>
    </InstanceData>
    <PortProperties>
      <Port Type="out" Index="1">
        <P Name="Name">Current (A)</P>
      </Port>
    </PortProperties>
  </Block>
  <Block BlockType="PMIOPort" Name="Vi" SID="1924:1209">
    <P Name="Position">[330, 83, 360, 97]</P>
    <P Name="ZOrder">-4</P>
    <P Name="BlockMirror">on</P>
    <P Name="Side">Left</P>
  </Block>
  <Block BlockType="PMIOPort" Name="+" SID="1924:1210">
    <P Name="Position">[30, 178, 60, 192]</P>
    <P Name="ZOrder">-5</P>
    <P Name="Port">2</P>
    <P Name="Side">Right</P>
  </Block>
  <Block BlockType="PMIOPort" Name="-" SID="1924:1211">
    <P Name="Position">[215, 188, 245, 202]</P>
    <P Name="ZOrder">-6</P>
    <P Name="BlockMirror">on</P>
    <P Name="Port">3</P>
    <P Name="Side">Left</P>
  </Block>
  <Line LineType="Connection">
    <P Name="ZOrder">1</P>
    <P Name="Src">1924:1314#rconn:1</P>
    <P Name="Dst">1924:1209#rconn:1</P>
  </Line>
  <Line LineType="Connection">
    <P Name="ZOrder">2</P>
    <P Name="Points">[175, 150; 0, 25; -15, 0]</P>
    <P Name="Dst">1924:1205#rconn:1</P>
    <Branch ConnectType="SRC_DEST">
      <P Name="Src">1924:1314#lconn:1</P>
      <P Name="Points">[-25, 0; 0, 60]</P>
    </Branch>
    <Branch ConnectType="SRC_DEST">
      <P Name="Src">1924:1207#lconn:1</P>
      <P Name="Points">[-30, 0]</P>
    </Branch>
  </Line>
  <Line>
    <P Name="Name">Current (A)</P>
    <P Name="ZOrder">5</P>
    <P Name="Labels">[1, 1]</P>
    <P Name="Src">1924:1207#out:1</P>
    <P Name="Dst">1924:1206#in:1</P>
  </Line>
  <Line LineType="Connection">
    <P Name="ZOrder">6</P>
    <P Name="Src">1924:1211#rconn:1</P>
    <P Name="Dst">1924:1205#rconn:2</P>
  </Line>
  <Line LineType="Connection">
    <P Name="ZOrder">7</P>
    <P Name="Src">1924:1210#rconn:1</P>
    <P Name="Dst">1924:1205#lconn:1</P>
  </Line>
</System>
