<?xml version="1.0" encoding="utf-8"?>
<System>
  <P Name="Location">[-1, -7, 1537, 825]</P>
  <P Name="ZoomFactor">98</P>
  <Block BlockType="SubSystem" Name="Hex_Screw_M5_1_RIGID" SID="755">
    <PortCounts lconn="1"/>
    <P Name="Position">[350, 245, 390, 285]</P>
    <P Name="ZOrder">3</P>
    <Mask>
      <Display/>
    </Mask>
    <System Ref="system_755"/>
  </Block>
  <Block BlockType="SubSystem" Name="Hex_Screw_M5_2_RIGID" SID="756">
    <PortCounts lconn="1"/>
    <P Name="Position">[350, 185, 390, 225]</P>
    <P Name="ZOrder">4</P>
    <Mask>
      <Display/>
    </Mask>
    <System Ref="system_756"/>
  </Block>
  <Block BlockType="SubSystem" Name="Hex_Screw_M5_3_RIGID" SID="757">
    <PortCounts lconn="1"/>
    <P Name="Position">[350, 125, 390, 165]</P>
    <P Name="ZOrder">5</P>
    <Mask>
      <Display/>
    </Mask>
    <System Ref="system_757"/>
  </Block>
  <Block BlockType="SubSystem" Name="Hex_Screw_M5_4_RIGID" SID="758">
    <PortCounts lconn="1"/>
    <P Name="Position">[350, 65, 390, 105]</P>
    <P Name="ZOrder">6</P>
    <Mask>
      <Display/>
    </Mask>
    <System Ref="system_758"/>
  </Block>
  <Block BlockType="PMIOPort" Name="G" SID="1955">
    <P Name="Position">[205, 163, 235, 177]</P>
    <P Name="ZOrder">7</P>
    <P Name="Side">Left</P>
  </Block>
  <Line LineType="Connection">
    <P Name="ZOrder">8</P>
    <P Name="Points">[294, 145; 0, -60; 41, 0]</P>
    <P Name="Dst">758#lconn:1</P>
    <Branch ConnectType="SRC_DEST">
      <P Name="Points">[294, 170; 0, -25]</P>
      <Branch ConnectType="SRC_DEST">
        <P Name="Src">1955#rconn:1</P>
        <P Name="Points">[44, 0]</P>
      </Branch>
      <Branch ConnectType="SRC_SRC">
        <P Name="Points">[0, 35]</P>
        <Branch ConnectType="DEST_SRC">
          <P Name="Points">[0, 60]</P>
          <P Name="Dst">755#lconn:1</P>
        </Branch>
        <Branch ConnectType="DEST_SRC">
          <P Name="Dst">756#lconn:1</P>
        </Branch>
      </Branch>
    </Branch>
    <Branch ConnectType="SRC_SRC">
      <P Name="Dst">757#lconn:1</P>
    </Branch>
  </Line>
</System>
