<?xml version="1.0" encoding="utf-8"?>
<System>
  <P Name="Location">[-7, -7, 1543, 937]</P>
  <Block BlockType="SubSystem" Name="AilBrk_R_1_RIGID" SID="421">
    <PortCounts lconn="1" rconn="1"/>
    <P Name="Position">[60, 150, 100, 190]</P>
    <P Name="ZOrder">3</P>
    <Mask>
      <Display/>
    </Mask>
    <System Ref="system_421"/>
  </Block>
  <Block BlockType="SubSystem" Name="Bolt RBrk" SID="1250">
    <PortCounts lconn="1"/>
    <P Name="Position">[120, 92, 165, 138]</P>
    <P Name="ZOrder">43</P>
    <P Name="ContentPreviewEnabled">on</P>
    <System Ref="system_1250"/>
  </Block>
  <Block BlockType="SubSystem" Name="Screws RBrk" SID="1242">
    <PortCounts lconn="1"/>
    <P Name="Position">[120, 22, 165, 68]</P>
    <P Name="ZOrder">38</P>
    <P Name="ContentPreviewEnabled">on</P>
    <System Ref="system_1242"/>
  </Block>
  <Block BlockType="PMIOPort" Name="Ail" SID="1264">
    <P Name="Position">[200, 163, 230, 177]</P>
    <P Name="ZOrder">44</P>
    <P Name="BlockMirror">on</P>
    <P Name="Side">Right</P>
  </Block>
  <Line LineType="Connection">
    <P Name="ZOrder">206</P>
    <P Name="Points">[20, 115; 0, -70; 85, 0]</P>
    <P Name="Dst">1242#lconn:1</P>
    <Branch ConnectType="SRC_DEST">
      <P Name="Src">421#lconn:1</P>
      <P Name="Points">[-25, 0; 0, -55]</P>
    </Branch>
    <Branch ConnectType="SRC_SRC">
      <P Name="Dst">1250#lconn:1</P>
    </Branch>
  </Line>
  <Line LineType="Connection">
    <P Name="ZOrder">209</P>
    <P Name="Src">421#rconn:1</P>
    <P Name="Dst">1264#rconn:1</P>
  </Line>
</System>
