<?xml version="1.0" encoding="utf-8"?>
<System>
  <P Name="Location">[21, 14, 874, 552]</P>
  <Block BlockType="SubSystem" Name="AilBrk_L_1_RIGID" SID="420">
    <PortCounts lconn="1" rconn="1"/>
    <P Name="Position">[55, 175, 95, 215]</P>
    <P Name="ZOrder">2</P>
    <Mask>
      <Display/>
    </Mask>
    <System Ref="system_420"/>
  </Block>
  <Block BlockType="SubSystem" Name="Bolt LBrk" SID="1248">
    <PortCounts lconn="1"/>
    <P Name="Position">[55, 97, 100, 143]</P>
    <P Name="ZOrder">42</P>
    <P Name="ContentPreviewEnabled">on</P>
    <System Ref="system_1248"/>
  </Block>
  <Block BlockType="SubSystem" Name="Screws LBrk" SID="1244">
    <PortCounts lconn="1"/>
    <P Name="Position">[55, 22, 100, 68]</P>
    <P Name="ZOrder">40</P>
    <P Name="ContentPreviewEnabled">on</P>
    <System Ref="system_1244"/>
  </Block>
  <Block BlockType="PMIOPort" Name="Ail" SID="1262">
    <P Name="Position">[145, 188, 175, 202]</P>
    <P Name="ZOrder">43</P>
    <P Name="BlockMirror">on</P>
    <P Name="Side">Right</P>
  </Block>
  <Line LineType="Connection">
    <P Name="ZOrder">202</P>
    <P Name="Points">[19, 120; 0, -75; 21, 0]</P>
    <P Name="Dst">1244#lconn:1</P>
    <Branch ConnectType="SRC_DEST">
      <P Name="Src">420#lconn:1</P>
      <P Name="Points">[-21, 0; 0, -75]</P>
    </Branch>
    <Branch ConnectType="SRC_SRC">
      <P Name="Dst">1248#lconn:1</P>
    </Branch>
  </Line>
  <Line LineType="Connection">
    <P Name="ZOrder">205</P>
    <P Name="Src">420#rconn:1</P>
    <P Name="Dst">1262#rconn:1</P>
  </Line>
</System>
