<?xml version="1.0" encoding="utf-8"?>
<System>
  <P Name="Location">[5, 6, 819, 525]</P>
  <P Name="ZoomFactor">87</P>
  <Block BlockType="Reference" Name="Controlled PWM&#xA;Voltage" SID="2347:1529">
    <PortCounts lconn="2" rconn="2"/>
    <P Name="Position">[100, 60, 160, 100]</P>
    <P Name="ZOrder">156</P>
    <P Name="HideAutomaticName">off</P>
    <P Name="LibraryVersion">10007000.3</P>
    <P Name="SourceBlock">ee_lib/Integrated Circuits/Controlled PWM
Voltage</P>
    <P Name="SourceType">Controlled PWM
Voltage</P>
    <InstanceData>
      <P Name="LogSimulationData">off</P>
      <P Name="SourceFile">ee.ic.controlled_pwm</P>
      <P Name="InternalSimscapePortConfiguration">{&quot;Bottom&quot;:[],&quot;Left&quot;:[{&quot;id&quot;:&quot;p1&quot;,&quot;label&quot;:&quot;ref+&quot;,&quot;type&quot;:&quot;foundation.electrical.electrical&quot;},{&quot;id&quot;:&quot;n1&quot;,&quot;label&quot;:&quot;ref-&quot;,&quot;type&quot;:&quot;foundation.electrical.electrical&quot;}],&quot;Right&quot;:[{&quot;id&quot;:&quot;p2&quot;,&quot;label&quot;:&quot;PWM&quot;,&quot;type&quot;:&quot;foundation.electrical.electrical&quot;},{&quot;id&quot;:&quot;n2&quot;,&quot;label&quot;:&quot;REF&quot;,&quot;type&quot;:&quot;foundation.electrical.electrical&quot;}],&quot;Top&quot;:[]}</P>
      <P Name="SscBlockScalableBuild">off</P>
      <P Name="ComponentPath">ee.ic.controlled_pwm</P>
      <P Name="ComponentVariants">ee.ic.controlled_pwm, ee.ic.controlled_pwm_ps</P>
      <P Name="ComponentVariantNames">Electrical input ports, PS input</P>
      <P Name="ClassName">Simscape variant</P>
      <P Name="SchemaVersion">1</P>
      <P Name="F">10000</P>
      <P Name="F_unit">Hz</P>
      <P Name="F_conf">compiletime</P>
      <P Name="TD">0</P>
      <P Name="TD_unit">s</P>
      <P Name="TD_conf">compiletime</P>
      <P Name="pulse_width_offset">0</P>
      <P Name="pulse_width_offset_unit">s</P>
      <P Name="pulse_width_offset_conf">compiletime</P>
      <P Name="pulse_min">0</P>
      <P Name="pulse_min_unit">s</P>
      <P Name="pulse_min_conf">compiletime</P>
      <P Name="pwm_or_av">2</P>
      <P Name="pwm_or_av_unit">1</P>
      <P Name="pwm_or_av_conf">compiletime</P>
      <P Name="event_type">1</P>
      <P Name="event_type_unit">1</P>
      <P Name="event_type_conf">compiletime</P>
      <P Name="sample_time">1e-6</P>
      <P Name="sample_time_unit">s</P>
      <P Name="sample_time_conf">compiletime</P>
      <P Name="Vmin">0</P>
      <P Name="Vmin_unit">V</P>
      <P Name="Vmin_conf">compiletime</P>
      <P Name="Vmax">5</P>
      <P Name="Vmax_unit">V</P>
      <P Name="Vmax_conf">compiletime</P>
      <P Name="Vm">5</P>
      <P Name="Vm_unit">V</P>
      <P Name="Vm_conf">compiletime</P>
      <P Name="u_min">0</P>
      <P Name="u_min_unit">1</P>
      <P Name="u_min_conf">compiletime</P>
      <P Name="u_max">1</P>
      <P Name="u_max_unit">1</P>
      <P Name="u_max_conf">compiletime</P>
    </InstanceData>
  </Block>
  <Block BlockType="Reference" Name="ERef" SID="2347:1530">
    <PortCounts lconn="1"/>
    <P Name="Position">[435, 240, 455, 260]</P>
    <P Name="ZOrder">155</P>
    <P Name="BlockRotation">270</P>
    <P Name="BlockMirror">on</P>
    <P Name="NameLocation">right</P>
    <P Name="ShowName">off</P>
    <P Name="LibraryVersion">10007000.1</P>
    <P Name="SourceBlock">fl_lib/Electrical/Electrical Elements/Electrical Reference</P>
    <P Name="SourceType">Electrical Reference</P>
    <InstanceData>
      <P Name="LogSimulationData">off</P>
      <P Name="SourceFile">foundation.electrical.elements.reference</P>
      <P Name="InternalSimscapePortConfiguration">{&quot;Bottom&quot;:[],&quot;Left&quot;:[{&quot;id&quot;:&quot;V&quot;,&quot;label&quot;:&quot;&quot;,&quot;type&quot;:&quot;foundation.electrical.electrical&quot;}],&quot;Right&quot;:[],&quot;Top&quot;:[]}</P>
      <P Name="SscBlockScalableBuild">off</P>
      <P Name="ComponentPath">foundation.electrical.elements.reference</P>
      <P Name="ComponentVariants">foundation.electrical.elements.reference</P>
      <P Name="ComponentVariantNames">reference</P>
      <P Name="ClassName">reference_electrical</P>
      <P Name="SchemaVersion">1</P>
    </InstanceData>
  </Block>
  <Block BlockType="Reference" Name="ERef&#xA;PWM&#xA;REF" SID="2347:1531">
    <PortCounts lconn="1"/>
    <P Name="Position">[170, 105, 190, 125]</P>
    <P Name="ZOrder">151</P>
    <P Name="BlockRotation">270</P>
    <P Name="BlockMirror">on</P>
    <P Name="NameLocation">right</P>
    <P Name="ShowName">off</P>
    <P Name="LibraryVersion">10007000.1</P>
    <P Name="SourceBlock">fl_lib/Electrical/Electrical Elements/Electrical Reference</P>
    <P Name="SourceType">Electrical Reference</P>
    <InstanceData>
      <P Name="LogSimulationData">off</P>
      <P Name="SourceFile">foundation.electrical.elements.reference</P>
      <P Name="InternalSimscapePortConfiguration">{&quot;Bottom&quot;:[],&quot;Left&quot;:[{&quot;id&quot;:&quot;V&quot;,&quot;label&quot;:&quot;&quot;,&quot;type&quot;:&quot;foundation.electrical.electrical&quot;}],&quot;Right&quot;:[],&quot;Top&quot;:[]}</P>
      <P Name="SscBlockScalableBuild">off</P>
      <P Name="ComponentPath">foundation.electrical.elements.reference</P>
      <P Name="ComponentVariants">foundation.electrical.elements.reference</P>
      <P Name="ComponentVariantNames">reference</P>
      <P Name="ClassName">reference_electrical</P>
      <P Name="SchemaVersion">1</P>
    </InstanceData>
  </Block>
  <Block BlockType="Reference" Name="ERef&#xA;PWM&#xA;nRef" SID="2347:1532">
    <PortCounts lconn="1"/>
    <P Name="Position">[70, 105, 90, 125]</P>
    <P Name="ZOrder">152</P>
    <P Name="BlockRotation">270</P>
    <P Name="BlockMirror">on</P>
    <P Name="NameLocation">left</P>
    <P Name="ShowName">off</P>
    <P Name="LibraryVersion">10007000.1</P>
    <P Name="SourceBlock">fl_lib/Electrical/Electrical Elements/Electrical Reference</P>
    <P Name="SourceType">Electrical Reference</P>
    <InstanceData>
      <P Name="LogSimulationData">off</P>
      <P Name="SourceFile">foundation.electrical.elements.reference</P>
      <P Name="InternalSimscapePortConfiguration">{&quot;Bottom&quot;:[],&quot;Left&quot;:[{&quot;id&quot;:&quot;V&quot;,&quot;label&quot;:&quot;&quot;,&quot;type&quot;:&quot;foundation.electrical.electrical&quot;}],&quot;Right&quot;:[],&quot;Top&quot;:[]}</P>
      <P Name="SscBlockScalableBuild">off</P>
      <P Name="ComponentPath">foundation.electrical.elements.reference</P>
      <P Name="ComponentVariants">foundation.electrical.elements.reference</P>
      <P Name="ComponentVariantNames">reference</P>
      <P Name="ClassName">reference_electrical</P>
      <P Name="SchemaVersion">1</P>
    </InstanceData>
  </Block>
  <Block BlockType="Reference" Name="ERef Nu" SID="2347:1533">
    <PortCounts lconn="1"/>
    <P Name="Position">[625, 150, 645, 170]</P>
    <P Name="ZOrder">153</P>
    <P Name="BlockRotation">270</P>
    <P Name="BlockMirror">on</P>
    <P Name="NameLocation">left</P>
    <P Name="ShowName">off</P>
    <P Name="LibraryVersion">10007000.1</P>
    <P Name="SourceBlock">fl_lib/Electrical/Electrical Elements/Electrical Reference</P>
    <P Name="SourceType">Electrical Reference</P>
    <InstanceData>
      <P Name="LogSimulationData">off</P>
      <P Name="SourceFile">foundation.electrical.elements.reference</P>
      <P Name="InternalSimscapePortConfiguration">{&quot;Bottom&quot;:[],&quot;Left&quot;:[{&quot;id&quot;:&quot;V&quot;,&quot;label&quot;:&quot;&quot;,&quot;type&quot;:&quot;foundation.electrical.electrical&quot;}],&quot;Right&quot;:[],&quot;Top&quot;:[]}</P>
      <P Name="SscBlockScalableBuild">off</P>
      <P Name="ComponentPath">foundation.electrical.elements.reference</P>
      <P Name="ComponentVariants">foundation.electrical.elements.reference</P>
      <P Name="ComponentVariantNames">reference</P>
      <P Name="ClassName">reference_electrical</P>
      <P Name="SchemaVersion">1</P>
    </InstanceData>
  </Block>
  <Block BlockType="Reference" Name="ERef Pu" SID="2347:1534">
    <PortCounts lconn="1"/>
    <P Name="Position">[240, 155, 260, 175]</P>
    <P Name="ZOrder">154</P>
    <P Name="BlockRotation">270</P>
    <P Name="BlockMirror">on</P>
    <P Name="NameLocation">right</P>
    <P Name="ShowName">off</P>
    <P Name="LibraryVersion">10007000.1</P>
    <P Name="SourceBlock">fl_lib/Electrical/Electrical Elements/Electrical Reference</P>
    <P Name="SourceType">Electrical Reference</P>
    <InstanceData>
      <P Name="LogSimulationData">off</P>
      <P Name="SourceFile">foundation.electrical.elements.reference</P>
      <P Name="InternalSimscapePortConfiguration">{&quot;Bottom&quot;:[],&quot;Left&quot;:[{&quot;id&quot;:&quot;V&quot;,&quot;label&quot;:&quot;&quot;,&quot;type&quot;:&quot;foundation.electrical.electrical&quot;}],&quot;Right&quot;:[],&quot;Top&quot;:[]}</P>
      <P Name="SscBlockScalableBuild">off</P>
      <P Name="ComponentPath">foundation.electrical.elements.reference</P>
      <P Name="ComponentVariants">foundation.electrical.elements.reference</P>
      <P Name="ComponentVariantNames">reference</P>
      <P Name="ClassName">reference_electrical</P>
      <P Name="SchemaVersion">1</P>
    </InstanceData>
  </Block>
  <Block BlockType="Goto" Name="Goto" SID="2347:1535">
    <P Name="Position">[440, 41, 510, 59]</P>
    <P Name="ZOrder">62</P>
    <P Name="ShowName">off</P>
    <P Name="Commented">on</P>
    <P Name="GotoTag">MOS_Data</P>
    <P Name="TagVisibility">global</P>
  </Block>
  <Block BlockType="SubSystem" Name="Interfacing" SID="2347:1536">
    <PortCounts lconn="1" rconn="2"/>
    <P Name="Position">[105, 262, 160, 293]</P>
    <P Name="ZOrder">150</P>
    <P Name="NameLocation">top</P>
    <System Ref="system_2347_1536"/>
  </Block>
  <Block BlockType="SubSystem" Name="LegNl" SID="2347:1551">
    <PortCounts lconn="1" rconn="2"/>
    <P Name="Position">[510, 185, 560, 245]</P>
    <P Name="ZOrder">137</P>
    <P Name="BlockMirror">on</P>
    <P Name="ShowName">off</P>
    <Mask>
      <Display IconOpaque="opaque-with-ports" RunInitForIconRedraw="off" IconRotate="port" PortRotate="physical">patch([96+30;0-30;0-30;96+30], [0+10;0+10;227-10;227-10], [1;1;1])
plot([96.6109160799533;96.4198282107139;95.8484048836359;94.9021492177306;93.5901741723367;91.9251147843401;89.9230064858609;87.6031306742773;84.9878290218281;82.1022883130956;78.9742978825019;75.6339819878271;72.1135096971394;68.4467850830839;64.6691207081296;60.8168975452888;56.927214609459;53.0375316736292;49.1853085107884;45.4076441358342;41.7409195217787;38.220447231091;34.8801313364162;31.7521409058224;28.86660019709;26.2512985446407;23.9314227330572;21.929314434578;20.2642550465813;18.9522800011875;18.0060243352822;17.4346010082041;17.2435131389648;17.4346010082041;18.0060243352822;18.9522800011875;20.2642550465814;21.9293144345781;23.9314227330573;26.2512985446408;28.8666001970901;31.7521409058226;34.8801313364163;38.2204472310911;41.7409195217788;45.4076441358342;49.1853085107884;53.0375316736292;56.927214609459;60.8168975452889;64.6691207081297;68.4467850830839;72.1135096971393;75.633981987827;78.9742978825018;82.1022883130955;84.9878290218281;87.6031306742773;89.9230064858608;91.9251147843399;93.5901741723367;94.9021492177305;95.8484048836358;96.4198282107139;96.6109160799533;96.6109160799533], [113.618216710165;109.728533774335;105.876310611494;102.09864623654;98.4319216224848;94.9114493317971;91.5711334371223;88.4431430065286;85.5576022977961;82.9423006453468;80.6224248337633;78.6203165352841;76.9552571472875;75.6432821018936;74.6970264359883;74.1256031089102;73.9345152396709;74.1256031089102;74.6970264359883;75.6432821018936;76.9552571472875;78.6203165352842;80.6224248337634;82.9423006453469;85.5576022977961;88.4431430065287;91.5711334371223;94.9114493317971;98.4319216224849;102.09864623654;105.876310611495;109.728533774335;113.618216710165;117.507899645995;121.360122808836;125.13778718379;128.804511797846;132.324984088533;135.665299983208;138.793290413802;141.678831122534;144.294132774983;146.614008586567;148.616116885046;150.281176273043;151.593151318437;152.539406984342;153.11083031142;153.301918180659;153.11083031142;152.539406984342;151.593151318437;150.281176273043;148.616116885046;146.614008586567;144.294132774983;141.678831122534;138.793290413802;135.665299983208;132.324984088533;128.804511797846;125.13778718379;121.360122808836;117.507899645995;113.618216710165;113.618216710165])
plot([33.9988537598401;34.5027737785131], [113.618216710165;113.618216710165])
plot([0.236212508752942;34.2508137691766], [113.618216710165;113.618216710165])
plot([34.2508137691766;34.2508137691766], [136.294617550448;90.9418158698827])
plot([45.5890141893178;45.5890141893178], [136.294617550448;90.9418158698827])
plot([45.5890141893178;68.2654150296003], [130.625517340377;130.625517340377])
plot([68.2654150296003;68.2654150296003], [130.625517340377;170.309218810871])
plot([68.2654150296003;93.776365974918], [170.309218810871;170.309218810871])
plot([45.5890141893178;68.2654150296003], [96.6109160799533;96.6109160799533])
plot([68.2654150296003;68.2654150296003], [96.6109160799533;56.927214609459])
plot([68.2654150296003;96.6109160799533], [56.927214609459;56.927214609459])
plot([45.5890141893178;68.2654150296003], [113.618216710165;113.618216710165])
plot([68.2654150296003;68.2654150296003], [130.618216710165;113.6109160799533])
plot([51.5963148195297;62.2581143993884;51.5963148195297], [124.956417130306;113.618216710165;102.280016290024])

</Display>
    </Mask>
    <System Ref="system_2347_1551"/>
  </Block>
  <Block BlockType="SubSystem" Name="LegNu" SID="2347:1565">
    <PortCounts lconn="1" rconn="2"/>
    <P Name="Position">[510, 115, 560, 175]</P>
    <P Name="ZOrder">138</P>
    <P Name="BlockMirror">on</P>
    <P Name="NameLocation">top</P>
    <P Name="ShowName">off</P>
    <Mask>
      <Display IconOpaque="opaque-with-ports" RunInitForIconRedraw="off" IconRotate="port" PortRotate="physical">patch([96+30;0-30;0-30;96+30], [0+10;0+10;227-10;227-10], [1;1;1])
plot([96.6109160799533;96.4198282107139;95.8484048836359;94.9021492177306;93.5901741723367;91.9251147843401;89.9230064858609;87.6031306742773;84.9878290218281;82.1022883130956;78.9742978825019;75.6339819878271;72.1135096971394;68.4467850830839;64.6691207081296;60.8168975452888;56.927214609459;53.0375316736292;49.1853085107884;45.4076441358342;41.7409195217787;38.220447231091;34.8801313364162;31.7521409058224;28.86660019709;26.2512985446407;23.9314227330572;21.929314434578;20.2642550465813;18.9522800011875;18.0060243352822;17.4346010082041;17.2435131389648;17.4346010082041;18.0060243352822;18.9522800011875;20.2642550465814;21.9293144345781;23.9314227330573;26.2512985446408;28.8666001970901;31.7521409058226;34.8801313364163;38.2204472310911;41.7409195217788;45.4076441358342;49.1853085107884;53.0375316736292;56.927214609459;60.8168975452889;64.6691207081297;68.4467850830839;72.1135096971393;75.633981987827;78.9742978825018;82.1022883130955;84.9878290218281;87.6031306742773;89.9230064858608;91.9251147843399;93.5901741723367;94.9021492177305;95.8484048836358;96.4198282107139;96.6109160799533;96.6109160799533], [113.618216710165;109.728533774335;105.876310611494;102.09864623654;98.4319216224848;94.9114493317971;91.5711334371223;88.4431430065286;85.5576022977961;82.9423006453468;80.6224248337633;78.6203165352841;76.9552571472875;75.6432821018936;74.6970264359883;74.1256031089102;73.9345152396709;74.1256031089102;74.6970264359883;75.6432821018936;76.9552571472875;78.6203165352842;80.6224248337634;82.9423006453469;85.5576022977961;88.4431430065287;91.5711334371223;94.9114493317971;98.4319216224849;102.09864623654;105.876310611495;109.728533774335;113.618216710165;117.507899645995;121.360122808836;125.13778718379;128.804511797846;132.324984088533;135.665299983208;138.793290413802;141.678831122534;144.294132774983;146.614008586567;148.616116885046;150.281176273043;151.593151318437;152.539406984342;153.11083031142;153.301918180659;153.11083031142;152.539406984342;151.593151318437;150.281176273043;148.616116885046;146.614008586567;144.294132774983;141.678831122534;138.793290413802;135.665299983208;132.324984088533;128.804511797846;125.13778718379;121.360122808836;117.507899645995;113.618216710165;113.618216710165])
plot([33.9988537598401;34.5027737785131], [113.618216710165;113.618216710165])
plot([0.236212508752942;34.2508137691766], [113.618216710165;113.618216710165])
plot([34.2508137691766;34.2508137691766], [136.294617550448;90.9418158698827])
plot([45.5890141893178;45.5890141893178], [136.294617550448;90.9418158698827])
plot([45.5890141893178;68.2654150296003], [130.625517340377;130.625517340377])
plot([68.2654150296003;68.2654150296003], [130.625517340377;170.309218810871])
plot([68.2654150296003;93.776365974918], [170.309218810871;170.309218810871])
plot([45.5890141893178;68.2654150296003], [96.6109160799533;96.6109160799533])
plot([68.2654150296003;68.2654150296003], [96.6109160799533;56.927214609459])
plot([68.2654150296003;96.6109160799533], [56.927214609459;56.927214609459])
plot([45.5890141893178;68.2654150296003], [113.618216710165;113.618216710165])
plot([68.2654150296003;68.2654150296003], [130.618216710165;113.6109160799533])
plot([51.5963148195297;62.2581143993884;51.5963148195297], [124.956417130306;113.618216710165;102.280016290024])

</Display>
    </Mask>
    <System Ref="system_2347_1565"/>
  </Block>
  <Block BlockType="SubSystem" Name="LegPl" SID="2347:1579">
    <PortCounts lconn="1" rconn="2"/>
    <P Name="Position">[330, 185, 380, 245]</P>
    <P Name="ZOrder">135</P>
    <P Name="ShowName">off</P>
    <Mask>
      <Display IconOpaque="opaque-with-ports" RunInitForIconRedraw="off" IconRotate="port" PortRotate="physical">patch([96+30;0-30;0-30;96+30], [0+10;0+10;227-10;227-10], [1;1;1])
plot([96.6109160799533;96.4198282107139;95.8484048836359;94.9021492177306;93.5901741723367;91.9251147843401;89.9230064858609;87.6031306742773;84.9878290218281;82.1022883130956;78.9742978825019;75.6339819878271;72.1135096971394;68.4467850830839;64.6691207081296;60.8168975452888;56.927214609459;53.0375316736292;49.1853085107884;45.4076441358342;41.7409195217787;38.220447231091;34.8801313364162;31.7521409058224;28.86660019709;26.2512985446407;23.9314227330572;21.929314434578;20.2642550465813;18.9522800011875;18.0060243352822;17.4346010082041;17.2435131389648;17.4346010082041;18.0060243352822;18.9522800011875;20.2642550465814;21.9293144345781;23.9314227330573;26.2512985446408;28.8666001970901;31.7521409058226;34.8801313364163;38.2204472310911;41.7409195217788;45.4076441358342;49.1853085107884;53.0375316736292;56.927214609459;60.8168975452889;64.6691207081297;68.4467850830839;72.1135096971393;75.633981987827;78.9742978825018;82.1022883130955;84.9878290218281;87.6031306742773;89.9230064858608;91.9251147843399;93.5901741723367;94.9021492177305;95.8484048836358;96.4198282107139;96.6109160799533;96.6109160799533], [113.618216710165;109.728533774335;105.876310611494;102.09864623654;98.4319216224848;94.9114493317971;91.5711334371223;88.4431430065286;85.5576022977961;82.9423006453468;80.6224248337633;78.6203165352841;76.9552571472875;75.6432821018936;74.6970264359883;74.1256031089102;73.9345152396709;74.1256031089102;74.6970264359883;75.6432821018936;76.9552571472875;78.6203165352842;80.6224248337634;82.9423006453469;85.5576022977961;88.4431430065287;91.5711334371223;94.9114493317971;98.4319216224849;102.09864623654;105.876310611495;109.728533774335;113.618216710165;117.507899645995;121.360122808836;125.13778718379;128.804511797846;132.324984088533;135.665299983208;138.793290413802;141.678831122534;144.294132774983;146.614008586567;148.616116885046;150.281176273043;151.593151318437;152.539406984342;153.11083031142;153.301918180659;153.11083031142;152.539406984342;151.593151318437;150.281176273043;148.616116885046;146.614008586567;144.294132774983;141.678831122534;138.793290413802;135.665299983208;132.324984088533;128.804511797846;125.13778718379;121.360122808836;117.507899645995;113.618216710165;113.618216710165])
plot([33.9988537598401;34.5027737785131], [113.618216710165;113.618216710165])
plot([0.236212508752942;34.2508137691766], [113.618216710165;113.618216710165])
plot([34.2508137691766;34.2508137691766], [136.294617550448;90.9418158698827])
plot([45.5890141893178;45.5890141893178], [136.294617550448;90.9418158698827])
plot([45.5890141893178;68.2654150296003], [130.625517340377;130.625517340377])
plot([68.2654150296003;68.2654150296003], [130.625517340377;170.309218810871])
plot([68.2654150296003;93.776365974918], [170.309218810871;170.309218810871])
plot([45.5890141893178;68.2654150296003], [96.6109160799533;96.6109160799533])
plot([68.2654150296003;68.2654150296003], [96.6109160799533;56.927214609459])
plot([68.2654150296003;96.6109160799533], [56.927214609459;56.927214609459])
plot([45.5890141893178;68.2654150296003], [113.618216710165;113.618216710165])
plot([68.2654150296003;68.2654150296003], [130.618216710165;113.6109160799533])
plot([51.5963148195297;62.2581143993884;51.5963148195297], [124.956417130306;113.618216710165;102.280016290024])



</Display>
    </Mask>
    <System Ref="system_2347_1579"/>
  </Block>
  <Block BlockType="SubSystem" Name="LegPu" SID="2347:1593">
    <PortCounts lconn="1" rconn="2"/>
    <P Name="Position">[330, 115, 380, 175]</P>
    <P Name="ZOrder">136</P>
    <P Name="NameLocation">top</P>
    <P Name="ShowName">off</P>
    <Mask>
      <Display IconOpaque="opaque-with-ports" RunInitForIconRedraw="off" IconRotate="port" PortRotate="physical">patch([96+30;0-30;0-30;96+30], [0+10;0+10;227-10;227-10], [1;1;1])
plot([96.6109160799533;96.4198282107139;95.8484048836359;94.9021492177306;93.5901741723367;91.9251147843401;89.9230064858609;87.6031306742773;84.9878290218281;82.1022883130956;78.9742978825019;75.6339819878271;72.1135096971394;68.4467850830839;64.6691207081296;60.8168975452888;56.927214609459;53.0375316736292;49.1853085107884;45.4076441358342;41.7409195217787;38.220447231091;34.8801313364162;31.7521409058224;28.86660019709;26.2512985446407;23.9314227330572;21.929314434578;20.2642550465813;18.9522800011875;18.0060243352822;17.4346010082041;17.2435131389648;17.4346010082041;18.0060243352822;18.9522800011875;20.2642550465814;21.9293144345781;23.9314227330573;26.2512985446408;28.8666001970901;31.7521409058226;34.8801313364163;38.2204472310911;41.7409195217788;45.4076441358342;49.1853085107884;53.0375316736292;56.927214609459;60.8168975452889;64.6691207081297;68.4467850830839;72.1135096971393;75.633981987827;78.9742978825018;82.1022883130955;84.9878290218281;87.6031306742773;89.9230064858608;91.9251147843399;93.5901741723367;94.9021492177305;95.8484048836358;96.4198282107139;96.6109160799533;96.6109160799533], [113.618216710165;109.728533774335;105.876310611494;102.09864623654;98.4319216224848;94.9114493317971;91.5711334371223;88.4431430065286;85.5576022977961;82.9423006453468;80.6224248337633;78.6203165352841;76.9552571472875;75.6432821018936;74.6970264359883;74.1256031089102;73.9345152396709;74.1256031089102;74.6970264359883;75.6432821018936;76.9552571472875;78.6203165352842;80.6224248337634;82.9423006453469;85.5576022977961;88.4431430065287;91.5711334371223;94.9114493317971;98.4319216224849;102.09864623654;105.876310611495;109.728533774335;113.618216710165;117.507899645995;121.360122808836;125.13778718379;128.804511797846;132.324984088533;135.665299983208;138.793290413802;141.678831122534;144.294132774983;146.614008586567;148.616116885046;150.281176273043;151.593151318437;152.539406984342;153.11083031142;153.301918180659;153.11083031142;152.539406984342;151.593151318437;150.281176273043;148.616116885046;146.614008586567;144.294132774983;141.678831122534;138.793290413802;135.665299983208;132.324984088533;128.804511797846;125.13778718379;121.360122808836;117.507899645995;113.618216710165;113.618216710165])
plot([33.9988537598401;34.5027737785131], [113.618216710165;113.618216710165])
plot([0.236212508752942;34.2508137691766], [113.618216710165;113.618216710165])
plot([34.2508137691766;34.2508137691766], [136.294617550448;90.9418158698827])
plot([45.5890141893178;45.5890141893178], [136.294617550448;90.9418158698827])
plot([45.5890141893178;68.2654150296003], [130.625517340377;130.625517340377])
plot([68.2654150296003;68.2654150296003], [130.625517340377;170.309218810871])
plot([68.2654150296003;93.776365974918], [170.309218810871;170.309218810871])
plot([45.5890141893178;68.2654150296003], [96.6109160799533;96.6109160799533])
plot([68.2654150296003;68.2654150296003], [96.6109160799533;56.927214609459])
plot([68.2654150296003;96.6109160799533], [56.927214609459;56.927214609459])
plot([45.5890141893178;68.2654150296003], [113.618216710165;113.618216710165])
plot([68.2654150296003;68.2654150296003], [130.618216710165;113.6109160799533])
plot([51.5963148195297;62.2581143993884;51.5963148195297], [124.956417130306;113.618216710165;102.280016290024])



</Display>
    </Mask>
    <System Ref="system_2347_1593"/>
  </Block>
  <Block BlockType="Mux" Name="Mux" SID="2347:1614">
    <PortCounts in="2" out="1"/>
    <P Name="Position">[220, 45, 225, 60]</P>
    <P Name="ZOrder">164</P>
    <P Name="ShowName">off</P>
    <P Name="Inputs">2</P>
    <P Name="DisplayOption">bar</P>
  </Block>
  <Block BlockType="Reference" Name="Optocoupler Nl" SID="2347:1615">
    <PortCounts lconn="2" rconn="2"/>
    <P Name="Position">[590, 204, 625, 251]</P>
    <P Name="ZOrder">139</P>
    <P Name="BlockRotation">180</P>
    <P Name="ShowName">off</P>
    <P Name="LibraryVersion">10007000.3</P>
    <P Name="SourceBlock">ee_lib/Semiconductors &amp;
Converters/Optocoupler</P>
    <P Name="SourceType">Optocoupler</P>
    <InstanceData>
      <P Name="LogSimulationData">off</P>
      <P Name="SourceFile">ee.semiconductors.optocoupler</P>
      <P Name="InternalSimscapePortConfiguration">{&quot;Bottom&quot;:[],&quot;Left&quot;:[{&quot;id&quot;:&quot;p&quot;,&quot;label&quot;:&quot;&quot;,&quot;type&quot;:&quot;foundation.electrical.electrical&quot;},{&quot;id&quot;:&quot;C&quot;,&quot;label&quot;:&quot;&quot;,&quot;type&quot;:&quot;foundation.electrical.electrical&quot;}],&quot;Right&quot;:[{&quot;id&quot;:&quot;n&quot;,&quot;label&quot;:&quot;&quot;,&quot;type&quot;:&quot;foundation.electrical.electrical&quot;},{&quot;id&quot;:&quot;E&quot;,&quot;label&quot;:&quot;&quot;,&quot;type&quot;:&quot;foundation.electrical.electrical&quot;}],&quot;Top&quot;:[]}</P>
      <P Name="SscBlockScalableBuild">off</P>
      <P Name="ComponentPath">ee.semiconductors.optocoupler</P>
      <P Name="ComponentVariants">[&quot;ee.semiconductors.optocoupler&quot;,&quot;ee.semiconductors.optocoupler_thermal&quot;]</P>
      <P Name="ComponentVariantNames">[&quot;physmod:ee:library:comments:semiconductors:optocoupler_sscx:noThermalPort&quot;,&quot;physmod:ee:library:comments:semiconductors:optocoupler_sscx:showThermalPort&quot;]</P>
      <P Name="ClassName">Simscape variant</P>
      <P Name="SchemaVersion">1</P>
      <P Name="CTR">0.2</P>
      <P Name="CTR_unit">1</P>
      <P Name="CTR_conf">compiletime</P>
      <P Name="prmExp">1</P>
      <P Name="prmExp_unit">1</P>
      <P Name="prmExp_conf">compiletime</P>
      <P Name="I12">[  0.001 0.015 ]</P>
      <P Name="I12_unit">A</P>
      <P Name="I12_conf">compiletime</P>
      <P Name="V12">[  0.9 1.05 ]</P>
      <P Name="V12_unit">V</P>
      <P Name="V12_conf">compiletime</P>
      <P Name="IS">1e-10</P>
      <P Name="IS_unit">A</P>
      <P Name="IS_conf">compiletime</P>
      <P Name="ec">2</P>
      <P Name="ec_unit">1</P>
      <P Name="ec_conf">compiletime</P>
      <P Name="RS">0</P>
      <P Name="RS_unit">Ohm</P>
      <P Name="RS_conf">compiletime</P>
      <P Name="Tmeas">298.15</P>
      <P Name="Tmeas_unit">K</P>
      <P Name="Tmeas_conf">compiletime</P>
      <P Name="C_param">1</P>
      <P Name="C_param_unit">1</P>
      <P Name="C_param_conf">compiletime</P>
      <P Name="CJ">50</P>
      <P Name="CJ_unit">pF</P>
      <P Name="CJ_conf">compiletime</P>
      <P Name="CJ0">50</P>
      <P Name="CJ0_unit">pF</P>
      <P Name="CJ0_conf">compiletime</P>
      <P Name="VJ">1</P>
      <P Name="VJ_unit">V</P>
      <P Name="VJ_conf">compiletime</P>
      <P Name="Mgrad">0.5</P>
      <P Name="Mgrad_unit">1</P>
      <P Name="Mgrad_conf">compiletime</P>
      <P Name="Vvec">[  0.1 10 100 ]</P>
      <P Name="Vvec_unit">V</P>
      <P Name="Vvec_conf">compiletime</P>
      <P Name="Cvec">[  3.5 1 0.4 ]</P>
      <P Name="Cvec_unit">pF</P>
      <P Name="Cvec_conf">compiletime</P>
      <P Name="FC">0.5</P>
      <P Name="FC_unit">1</P>
      <P Name="FC_conf">compiletime</P>
      <P Name="T_param">1</P>
      <P Name="T_param_unit">1</P>
      <P Name="T_param_conf">compiletime</P>
      <P Name="IS_T2">1.8e-8</P>
      <P Name="IS_T2_unit">A</P>
      <P Name="IS_T2_conf">compiletime</P>
      <P Name="I1_T2">0.029</P>
      <P Name="I1_T2_unit">A</P>
      <P Name="I1_T2_conf">compiletime</P>
      <P Name="V1_T2">1.05</P>
      <P Name="V1_T2_unit">V</P>
      <P Name="V1_T2_conf">compiletime</P>
      <P Name="Tmeas2">125</P>
      <P Name="Tmeas2_unit">degC</P>
      <P Name="Tmeas2_conf">compiletime</P>
      <P Name="EG_param">1</P>
      <P Name="EG_param_unit">1</P>
      <P Name="EG_param_conf">compiletime</P>
      <P Name="EG">1.11</P>
      <P Name="EG_unit">eV</P>
      <P Name="EG_conf">compiletime</P>
      <P Name="XTI_param">1</P>
      <P Name="XTI_param_unit">1</P>
      <P Name="XTI_param_conf">compiletime</P>
      <P Name="XTI">3</P>
      <P Name="XTI_unit">1</P>
      <P Name="XTI_conf">compiletime</P>
      <P Name="Tdevice">25</P>
      <P Name="Tdevice_unit">degC</P>
      <P Name="Tdevice_conf">compiletime</P>
      <P Name="i_specify">off</P>
      <P Name="i_priority">None</P>
      <P Name="i">0</P>
      <P Name="i_unit">A</P>
      <P Name="i_nominal_specify">off</P>
      <P Name="i_nominal_unit">A</P>
      <P Name="i_nominal_value">1</P>
      <P Name="v_specify">off</P>
      <P Name="v_priority">None</P>
      <P Name="v">0</P>
      <P Name="v_unit">V</P>
      <P Name="v_nominal_specify">off</P>
      <P Name="v_nominal_unit">V</P>
      <P Name="v_nominal_value">1</P>
      <P Name="v_capacitor_specify">off</P>
      <P Name="v_capacitor_priority">None</P>
      <P Name="v_capacitor">0</P>
      <P Name="v_capacitor_unit">V</P>
      <P Name="v_capacitor_nominal_specify">off</P>
      <P Name="v_capacitor_nominal_unit">V</P>
      <P Name="v_capacitor_nominal_value">1</P>
      <P Name="thermal_network_parameterization">ee.enum.thermalNetworkTopology.junctionCase</P>
      <P Name="thermal_network_parameterization_unit">1</P>
      <P Name="thermal_network_parameterization_conf">compiletime</P>
      <P Name="Rth">[0, 10]</P>
      <P Name="Rth_unit">K/W</P>
      <P Name="Rth_conf">compiletime</P>
      <P Name="Rth_Cauer">[1, 3, 10]</P>
      <P Name="Rth_Cauer_unit">K/W</P>
      <P Name="Rth_Cauer_conf">compiletime</P>
      <P Name="Rth_Foster">[4, 6]</P>
      <P Name="Rth_Foster_unit">K/W</P>
      <P Name="Rth_Foster_conf">compiletime</P>
      <P Name="thermal_mass_parameterization">ee.enum.thermalNetwork.timeconstant</P>
      <P Name="thermal_mass_parameterization_unit">1</P>
      <P Name="thermal_mass_parameterization_conf">compiletime</P>
      <P Name="thermal_mass">[0, 1]</P>
      <P Name="thermal_mass_unit">J/K</P>
      <P Name="thermal_mass_conf">compiletime</P>
      <P Name="thermal_mass_Cauer">[.1, .3, 1]</P>
      <P Name="thermal_mass_Cauer_unit">J/K</P>
      <P Name="thermal_mass_Cauer_conf">compiletime</P>
      <P Name="thermal_mass_Foster">[1.5, 3]</P>
      <P Name="thermal_mass_Foster_unit">J/K</P>
      <P Name="thermal_mass_Foster_conf">compiletime</P>
      <P Name="thermal_time_constant">[0, 10]</P>
      <P Name="thermal_time_constant_unit">s</P>
      <P Name="thermal_time_constant_conf">compiletime</P>
      <P Name="thermal_time_constant_Cauer">[1, 3, 10]</P>
      <P Name="thermal_time_constant_Cauer_unit">s</P>
      <P Name="thermal_time_constant_Cauer_conf">compiletime</P>
      <P Name="thermal_time_constant_Foster">[6, 18]</P>
      <P Name="thermal_time_constant_Foster_unit">s</P>
      <P Name="thermal_time_constant_Foster_conf">compiletime</P>
      <P Name="thermal_mass_initial_temperatures">[25, 25]</P>
      <P Name="thermal_mass_initial_temperatures_unit">degC</P>
      <P Name="thermal_mass_initial_temperatures_conf">compiletime</P>
      <P Name="thermal_mass_initial_temperatures_Cauer">[25, 25, 25]</P>
      <P Name="thermal_mass_initial_temperatures_Cauer_unit">degC</P>
      <P Name="thermal_mass_initial_temperatures_Cauer_conf">compiletime</P>
      <P Name="Tvec_initial_Foster">[25, 25, 25, 25]</P>
      <P Name="Tvec_initial_Foster_unit">degC</P>
      <P Name="Tvec_initial_Foster_conf">compiletime</P>
      <P Name="i_capacitor_specify">off</P>
      <P Name="i_capacitor_priority">High</P>
      <P Name="i_capacitor">0</P>
      <P Name="i_capacitor_unit">A</P>
      <P Name="i_capacitor_nominal_specify">off</P>
      <P Name="i_capacitor_nominal_unit">A</P>
      <P Name="i_capacitor_nominal_value">1</P>
    </InstanceData>
  </Block>
  <Block BlockType="Reference" Name="Optocoupler Nu" SID="2347:1616">
    <PortCounts lconn="2" rconn="2"/>
    <P Name="Position">[590, 109, 625, 156]</P>
    <P Name="ZOrder">140</P>
    <P Name="NameLocation">top</P>
    <P Name="ShowName">off</P>
    <P Name="LibraryVersion">10007000.3</P>
    <P Name="SourceBlock">ee_lib/Semiconductors &amp;
Converters/Optocoupler</P>
    <P Name="SourceType">Optocoupler</P>
    <InstanceData>
      <P Name="LogSimulationData">off</P>
      <P Name="SourceFile">ee.semiconductors.optocoupler</P>
      <P Name="InternalSimscapePortConfiguration">{&quot;Bottom&quot;:[],&quot;Left&quot;:[{&quot;id&quot;:&quot;p&quot;,&quot;label&quot;:&quot;&quot;,&quot;type&quot;:&quot;foundation.electrical.electrical&quot;},{&quot;id&quot;:&quot;C&quot;,&quot;label&quot;:&quot;&quot;,&quot;type&quot;:&quot;foundation.electrical.electrical&quot;}],&quot;Right&quot;:[{&quot;id&quot;:&quot;n&quot;,&quot;label&quot;:&quot;&quot;,&quot;type&quot;:&quot;foundation.electrical.electrical&quot;},{&quot;id&quot;:&quot;E&quot;,&quot;label&quot;:&quot;&quot;,&quot;type&quot;:&quot;foundation.electrical.electrical&quot;}],&quot;Top&quot;:[]}</P>
      <P Name="SscBlockScalableBuild">off</P>
      <P Name="ComponentPath">ee.semiconductors.optocoupler</P>
      <P Name="ComponentVariants">[&quot;ee.semiconductors.optocoupler&quot;,&quot;ee.semiconductors.optocoupler_thermal&quot;]</P>
      <P Name="ComponentVariantNames">[&quot;physmod:ee:library:comments:semiconductors:optocoupler_sscx:noThermalPort&quot;,&quot;physmod:ee:library:comments:semiconductors:optocoupler_sscx:showThermalPort&quot;]</P>
      <P Name="ClassName">Simscape variant</P>
      <P Name="SchemaVersion">1</P>
      <P Name="CTR">0.2</P>
      <P Name="CTR_unit">1</P>
      <P Name="CTR_conf">compiletime</P>
      <P Name="prmExp">1</P>
      <P Name="prmExp_unit">1</P>
      <P Name="prmExp_conf">compiletime</P>
      <P Name="I12">[  0.001 0.015 ]</P>
      <P Name="I12_unit">A</P>
      <P Name="I12_conf">compiletime</P>
      <P Name="V12">[  0.9 1.05 ]</P>
      <P Name="V12_unit">V</P>
      <P Name="V12_conf">compiletime</P>
      <P Name="IS">1e-10</P>
      <P Name="IS_unit">A</P>
      <P Name="IS_conf">compiletime</P>
      <P Name="ec">2</P>
      <P Name="ec_unit">1</P>
      <P Name="ec_conf">compiletime</P>
      <P Name="RS">0</P>
      <P Name="RS_unit">Ohm</P>
      <P Name="RS_conf">compiletime</P>
      <P Name="Tmeas">298.15</P>
      <P Name="Tmeas_unit">K</P>
      <P Name="Tmeas_conf">compiletime</P>
      <P Name="C_param">1</P>
      <P Name="C_param_unit">1</P>
      <P Name="C_param_conf">compiletime</P>
      <P Name="CJ">50</P>
      <P Name="CJ_unit">pF</P>
      <P Name="CJ_conf">compiletime</P>
      <P Name="CJ0">50</P>
      <P Name="CJ0_unit">pF</P>
      <P Name="CJ0_conf">compiletime</P>
      <P Name="VJ">1</P>
      <P Name="VJ_unit">V</P>
      <P Name="VJ_conf">compiletime</P>
      <P Name="Mgrad">0.5</P>
      <P Name="Mgrad_unit">1</P>
      <P Name="Mgrad_conf">compiletime</P>
      <P Name="Vvec">[  0.1 10 100 ]</P>
      <P Name="Vvec_unit">V</P>
      <P Name="Vvec_conf">compiletime</P>
      <P Name="Cvec">[  3.5 1 0.4 ]</P>
      <P Name="Cvec_unit">pF</P>
      <P Name="Cvec_conf">compiletime</P>
      <P Name="FC">0.5</P>
      <P Name="FC_unit">1</P>
      <P Name="FC_conf">compiletime</P>
      <P Name="T_param">1</P>
      <P Name="T_param_unit">1</P>
      <P Name="T_param_conf">compiletime</P>
      <P Name="IS_T2">1.8e-8</P>
      <P Name="IS_T2_unit">A</P>
      <P Name="IS_T2_conf">compiletime</P>
      <P Name="I1_T2">0.029</P>
      <P Name="I1_T2_unit">A</P>
      <P Name="I1_T2_conf">compiletime</P>
      <P Name="V1_T2">1.05</P>
      <P Name="V1_T2_unit">V</P>
      <P Name="V1_T2_conf">compiletime</P>
      <P Name="Tmeas2">125</P>
      <P Name="Tmeas2_unit">degC</P>
      <P Name="Tmeas2_conf">compiletime</P>
      <P Name="EG_param">1</P>
      <P Name="EG_param_unit">1</P>
      <P Name="EG_param_conf">compiletime</P>
      <P Name="EG">1.11</P>
      <P Name="EG_unit">eV</P>
      <P Name="EG_conf">compiletime</P>
      <P Name="XTI_param">1</P>
      <P Name="XTI_param_unit">1</P>
      <P Name="XTI_param_conf">compiletime</P>
      <P Name="XTI">3</P>
      <P Name="XTI_unit">1</P>
      <P Name="XTI_conf">compiletime</P>
      <P Name="Tdevice">25</P>
      <P Name="Tdevice_unit">degC</P>
      <P Name="Tdevice_conf">compiletime</P>
      <P Name="i_specify">off</P>
      <P Name="i_priority">None</P>
      <P Name="i">0</P>
      <P Name="i_unit">A</P>
      <P Name="i_nominal_specify">off</P>
      <P Name="i_nominal_unit">A</P>
      <P Name="i_nominal_value">1</P>
      <P Name="v_specify">off</P>
      <P Name="v_priority">None</P>
      <P Name="v">0</P>
      <P Name="v_unit">V</P>
      <P Name="v_nominal_specify">off</P>
      <P Name="v_nominal_unit">V</P>
      <P Name="v_nominal_value">1</P>
      <P Name="v_capacitor_specify">off</P>
      <P Name="v_capacitor_priority">None</P>
      <P Name="v_capacitor">0</P>
      <P Name="v_capacitor_unit">V</P>
      <P Name="v_capacitor_nominal_specify">off</P>
      <P Name="v_capacitor_nominal_unit">V</P>
      <P Name="v_capacitor_nominal_value">1</P>
      <P Name="thermal_network_parameterization">ee.enum.thermalNetworkTopology.junctionCase</P>
      <P Name="thermal_network_parameterization_unit">1</P>
      <P Name="thermal_network_parameterization_conf">compiletime</P>
      <P Name="Rth">[0, 10]</P>
      <P Name="Rth_unit">K/W</P>
      <P Name="Rth_conf">compiletime</P>
      <P Name="Rth_Cauer">[1, 3, 10]</P>
      <P Name="Rth_Cauer_unit">K/W</P>
      <P Name="Rth_Cauer_conf">compiletime</P>
      <P Name="Rth_Foster">[4, 6]</P>
      <P Name="Rth_Foster_unit">K/W</P>
      <P Name="Rth_Foster_conf">compiletime</P>
      <P Name="thermal_mass_parameterization">ee.enum.thermalNetwork.timeconstant</P>
      <P Name="thermal_mass_parameterization_unit">1</P>
      <P Name="thermal_mass_parameterization_conf">compiletime</P>
      <P Name="thermal_mass">[0, 1]</P>
      <P Name="thermal_mass_unit">J/K</P>
      <P Name="thermal_mass_conf">compiletime</P>
      <P Name="thermal_mass_Cauer">[.1, .3, 1]</P>
      <P Name="thermal_mass_Cauer_unit">J/K</P>
      <P Name="thermal_mass_Cauer_conf">compiletime</P>
      <P Name="thermal_mass_Foster">[1.5, 3]</P>
      <P Name="thermal_mass_Foster_unit">J/K</P>
      <P Name="thermal_mass_Foster_conf">compiletime</P>
      <P Name="thermal_time_constant">[0, 10]</P>
      <P Name="thermal_time_constant_unit">s</P>
      <P Name="thermal_time_constant_conf">compiletime</P>
      <P Name="thermal_time_constant_Cauer">[1, 3, 10]</P>
      <P Name="thermal_time_constant_Cauer_unit">s</P>
      <P Name="thermal_time_constant_Cauer_conf">compiletime</P>
      <P Name="thermal_time_constant_Foster">[6, 18]</P>
      <P Name="thermal_time_constant_Foster_unit">s</P>
      <P Name="thermal_time_constant_Foster_conf">compiletime</P>
      <P Name="thermal_mass_initial_temperatures">[25, 25]</P>
      <P Name="thermal_mass_initial_temperatures_unit">degC</P>
      <P Name="thermal_mass_initial_temperatures_conf">compiletime</P>
      <P Name="thermal_mass_initial_temperatures_Cauer">[25, 25, 25]</P>
      <P Name="thermal_mass_initial_temperatures_Cauer_unit">degC</P>
      <P Name="thermal_mass_initial_temperatures_Cauer_conf">compiletime</P>
      <P Name="Tvec_initial_Foster">[25, 25, 25, 25]</P>
      <P Name="Tvec_initial_Foster_unit">degC</P>
      <P Name="Tvec_initial_Foster_conf">compiletime</P>
      <P Name="i_capacitor_specify">off</P>
      <P Name="i_capacitor_priority">High</P>
      <P Name="i_capacitor">0</P>
      <P Name="i_capacitor_unit">A</P>
      <P Name="i_capacitor_nominal_specify">off</P>
      <P Name="i_capacitor_nominal_unit">A</P>
      <P Name="i_capacitor_nominal_value">1</P>
    </InstanceData>
  </Block>
  <Block BlockType="Reference" Name="Optocoupler Pl" SID="2347:1617">
    <PortCounts lconn="2" rconn="2"/>
    <P Name="Position">[260, 204, 295, 251]</P>
    <P Name="ZOrder">141</P>
    <P Name="BlockRotation">180</P>
    <P Name="BlockMirror">on</P>
    <P Name="NameLocation">top</P>
    <P Name="ShowName">off</P>
    <P Name="LibraryVersion">10007000.3</P>
    <P Name="SourceBlock">ee_lib/Semiconductors &amp;
Converters/Optocoupler</P>
    <P Name="SourceType">Optocoupler</P>
    <InstanceData>
      <P Name="LogSimulationData">off</P>
      <P Name="SourceFile">ee.semiconductors.optocoupler</P>
      <P Name="InternalSimscapePortConfiguration">{&quot;Bottom&quot;:[],&quot;Left&quot;:[{&quot;id&quot;:&quot;p&quot;,&quot;label&quot;:&quot;&quot;,&quot;type&quot;:&quot;foundation.electrical.electrical&quot;},{&quot;id&quot;:&quot;C&quot;,&quot;label&quot;:&quot;&quot;,&quot;type&quot;:&quot;foundation.electrical.electrical&quot;}],&quot;Right&quot;:[{&quot;id&quot;:&quot;n&quot;,&quot;label&quot;:&quot;&quot;,&quot;type&quot;:&quot;foundation.electrical.electrical&quot;},{&quot;id&quot;:&quot;E&quot;,&quot;label&quot;:&quot;&quot;,&quot;type&quot;:&quot;foundation.electrical.electrical&quot;}],&quot;Top&quot;:[]}</P>
      <P Name="SscBlockScalableBuild">off</P>
      <P Name="ComponentPath">ee.semiconductors.optocoupler</P>
      <P Name="ComponentVariants">[&quot;ee.semiconductors.optocoupler&quot;,&quot;ee.semiconductors.optocoupler_thermal&quot;]</P>
      <P Name="ComponentVariantNames">[&quot;physmod:ee:library:comments:semiconductors:optocoupler_sscx:noThermalPort&quot;,&quot;physmod:ee:library:comments:semiconductors:optocoupler_sscx:showThermalPort&quot;]</P>
      <P Name="ClassName">Simscape variant</P>
      <P Name="SchemaVersion">1</P>
      <P Name="CTR">0.2</P>
      <P Name="CTR_unit">1</P>
      <P Name="CTR_conf">compiletime</P>
      <P Name="prmExp">1</P>
      <P Name="prmExp_unit">1</P>
      <P Name="prmExp_conf">compiletime</P>
      <P Name="I12">[  0.001 0.015 ]</P>
      <P Name="I12_unit">A</P>
      <P Name="I12_conf">compiletime</P>
      <P Name="V12">[  0.9 1.05 ]</P>
      <P Name="V12_unit">V</P>
      <P Name="V12_conf">compiletime</P>
      <P Name="IS">1e-10</P>
      <P Name="IS_unit">A</P>
      <P Name="IS_conf">compiletime</P>
      <P Name="ec">2</P>
      <P Name="ec_unit">1</P>
      <P Name="ec_conf">compiletime</P>
      <P Name="RS">0</P>
      <P Name="RS_unit">Ohm</P>
      <P Name="RS_conf">compiletime</P>
      <P Name="Tmeas">298.15</P>
      <P Name="Tmeas_unit">K</P>
      <P Name="Tmeas_conf">compiletime</P>
      <P Name="C_param">1</P>
      <P Name="C_param_unit">1</P>
      <P Name="C_param_conf">compiletime</P>
      <P Name="CJ">50</P>
      <P Name="CJ_unit">pF</P>
      <P Name="CJ_conf">compiletime</P>
      <P Name="CJ0">50</P>
      <P Name="CJ0_unit">pF</P>
      <P Name="CJ0_conf">compiletime</P>
      <P Name="VJ">1</P>
      <P Name="VJ_unit">V</P>
      <P Name="VJ_conf">compiletime</P>
      <P Name="Mgrad">0.5</P>
      <P Name="Mgrad_unit">1</P>
      <P Name="Mgrad_conf">compiletime</P>
      <P Name="Vvec">[  0.1 10 100 ]</P>
      <P Name="Vvec_unit">V</P>
      <P Name="Vvec_conf">compiletime</P>
      <P Name="Cvec">[  3.5 1 0.4 ]</P>
      <P Name="Cvec_unit">pF</P>
      <P Name="Cvec_conf">compiletime</P>
      <P Name="FC">0.5</P>
      <P Name="FC_unit">1</P>
      <P Name="FC_conf">compiletime</P>
      <P Name="T_param">1</P>
      <P Name="T_param_unit">1</P>
      <P Name="T_param_conf">compiletime</P>
      <P Name="IS_T2">1.8e-8</P>
      <P Name="IS_T2_unit">A</P>
      <P Name="IS_T2_conf">compiletime</P>
      <P Name="I1_T2">0.029</P>
      <P Name="I1_T2_unit">A</P>
      <P Name="I1_T2_conf">compiletime</P>
      <P Name="V1_T2">1.05</P>
      <P Name="V1_T2_unit">V</P>
      <P Name="V1_T2_conf">compiletime</P>
      <P Name="Tmeas2">125</P>
      <P Name="Tmeas2_unit">degC</P>
      <P Name="Tmeas2_conf">compiletime</P>
      <P Name="EG_param">1</P>
      <P Name="EG_param_unit">1</P>
      <P Name="EG_param_conf">compiletime</P>
      <P Name="EG">1.11</P>
      <P Name="EG_unit">eV</P>
      <P Name="EG_conf">compiletime</P>
      <P Name="XTI_param">1</P>
      <P Name="XTI_param_unit">1</P>
      <P Name="XTI_param_conf">compiletime</P>
      <P Name="XTI">3</P>
      <P Name="XTI_unit">1</P>
      <P Name="XTI_conf">compiletime</P>
      <P Name="Tdevice">25</P>
      <P Name="Tdevice_unit">degC</P>
      <P Name="Tdevice_conf">compiletime</P>
      <P Name="i_specify">off</P>
      <P Name="i_priority">None</P>
      <P Name="i">0</P>
      <P Name="i_unit">A</P>
      <P Name="i_nominal_specify">off</P>
      <P Name="i_nominal_unit">A</P>
      <P Name="i_nominal_value">1</P>
      <P Name="v_specify">off</P>
      <P Name="v_priority">None</P>
      <P Name="v">0</P>
      <P Name="v_unit">V</P>
      <P Name="v_nominal_specify">off</P>
      <P Name="v_nominal_unit">V</P>
      <P Name="v_nominal_value">1</P>
      <P Name="v_capacitor_specify">off</P>
      <P Name="v_capacitor_priority">None</P>
      <P Name="v_capacitor">0</P>
      <P Name="v_capacitor_unit">V</P>
      <P Name="v_capacitor_nominal_specify">off</P>
      <P Name="v_capacitor_nominal_unit">V</P>
      <P Name="v_capacitor_nominal_value">1</P>
      <P Name="thermal_network_parameterization">ee.enum.thermalNetworkTopology.junctionCase</P>
      <P Name="thermal_network_parameterization_unit">1</P>
      <P Name="thermal_network_parameterization_conf">compiletime</P>
      <P Name="Rth">[0, 10]</P>
      <P Name="Rth_unit">K/W</P>
      <P Name="Rth_conf">compiletime</P>
      <P Name="Rth_Cauer">[1, 3, 10]</P>
      <P Name="Rth_Cauer_unit">K/W</P>
      <P Name="Rth_Cauer_conf">compiletime</P>
      <P Name="Rth_Foster">[4, 6]</P>
      <P Name="Rth_Foster_unit">K/W</P>
      <P Name="Rth_Foster_conf">compiletime</P>
      <P Name="thermal_mass_parameterization">ee.enum.thermalNetwork.timeconstant</P>
      <P Name="thermal_mass_parameterization_unit">1</P>
      <P Name="thermal_mass_parameterization_conf">compiletime</P>
      <P Name="thermal_mass">[0, 1]</P>
      <P Name="thermal_mass_unit">J/K</P>
      <P Name="thermal_mass_conf">compiletime</P>
      <P Name="thermal_mass_Cauer">[.1, .3, 1]</P>
      <P Name="thermal_mass_Cauer_unit">J/K</P>
      <P Name="thermal_mass_Cauer_conf">compiletime</P>
      <P Name="thermal_mass_Foster">[1.5, 3]</P>
      <P Name="thermal_mass_Foster_unit">J/K</P>
      <P Name="thermal_mass_Foster_conf">compiletime</P>
      <P Name="thermal_time_constant">[0, 10]</P>
      <P Name="thermal_time_constant_unit">s</P>
      <P Name="thermal_time_constant_conf">compiletime</P>
      <P Name="thermal_time_constant_Cauer">[1, 3, 10]</P>
      <P Name="thermal_time_constant_Cauer_unit">s</P>
      <P Name="thermal_time_constant_Cauer_conf">compiletime</P>
      <P Name="thermal_time_constant_Foster">[6, 18]</P>
      <P Name="thermal_time_constant_Foster_unit">s</P>
      <P Name="thermal_time_constant_Foster_conf">compiletime</P>
      <P Name="thermal_mass_initial_temperatures">[25, 25]</P>
      <P Name="thermal_mass_initial_temperatures_unit">degC</P>
      <P Name="thermal_mass_initial_temperatures_conf">compiletime</P>
      <P Name="thermal_mass_initial_temperatures_Cauer">[25, 25, 25]</P>
      <P Name="thermal_mass_initial_temperatures_Cauer_unit">degC</P>
      <P Name="thermal_mass_initial_temperatures_Cauer_conf">compiletime</P>
      <P Name="Tvec_initial_Foster">[25, 25, 25, 25]</P>
      <P Name="Tvec_initial_Foster_unit">degC</P>
      <P Name="Tvec_initial_Foster_conf">compiletime</P>
      <P Name="i_capacitor_specify">off</P>
      <P Name="i_capacitor_priority">High</P>
      <P Name="i_capacitor">0</P>
      <P Name="i_capacitor_unit">A</P>
      <P Name="i_capacitor_nominal_specify">off</P>
      <P Name="i_capacitor_nominal_unit">A</P>
      <P Name="i_capacitor_nominal_value">1</P>
    </InstanceData>
  </Block>
  <Block BlockType="Reference" Name="Optocoupler Pu" SID="2347:1618">
    <PortCounts lconn="2" rconn="2"/>
    <P Name="Position">[260, 109, 295, 156]</P>
    <P Name="ZOrder">142</P>
    <P Name="BlockMirror">on</P>
    <P Name="ShowName">off</P>
    <P Name="LibraryVersion">10007000.3</P>
    <P Name="SourceBlock">ee_lib/Semiconductors &amp;
Converters/Optocoupler</P>
    <P Name="SourceType">Optocoupler</P>
    <InstanceData>
      <P Name="LogSimulationData">off</P>
      <P Name="SourceFile">ee.semiconductors.optocoupler</P>
      <P Name="InternalSimscapePortConfiguration">{&quot;Bottom&quot;:[],&quot;Left&quot;:[{&quot;id&quot;:&quot;p&quot;,&quot;label&quot;:&quot;&quot;,&quot;type&quot;:&quot;foundation.electrical.electrical&quot;},{&quot;id&quot;:&quot;C&quot;,&quot;label&quot;:&quot;&quot;,&quot;type&quot;:&quot;foundation.electrical.electrical&quot;}],&quot;Right&quot;:[{&quot;id&quot;:&quot;n&quot;,&quot;label&quot;:&quot;&quot;,&quot;type&quot;:&quot;foundation.electrical.electrical&quot;},{&quot;id&quot;:&quot;E&quot;,&quot;label&quot;:&quot;&quot;,&quot;type&quot;:&quot;foundation.electrical.electrical&quot;}],&quot;Top&quot;:[]}</P>
      <P Name="SscBlockScalableBuild">off</P>
      <P Name="ComponentPath">ee.semiconductors.optocoupler</P>
      <P Name="ComponentVariants">[&quot;ee.semiconductors.optocoupler&quot;,&quot;ee.semiconductors.optocoupler_thermal&quot;]</P>
      <P Name="ComponentVariantNames">[&quot;physmod:ee:library:comments:semiconductors:optocoupler_sscx:noThermalPort&quot;,&quot;physmod:ee:library:comments:semiconductors:optocoupler_sscx:showThermalPort&quot;]</P>
      <P Name="ClassName">Simscape variant</P>
      <P Name="SchemaVersion">1</P>
      <P Name="CTR">0.2</P>
      <P Name="CTR_unit">1</P>
      <P Name="CTR_conf">compiletime</P>
      <P Name="prmExp">1</P>
      <P Name="prmExp_unit">1</P>
      <P Name="prmExp_conf">compiletime</P>
      <P Name="I12">[  0.001 0.015 ]</P>
      <P Name="I12_unit">A</P>
      <P Name="I12_conf">compiletime</P>
      <P Name="V12">[  0.9 1.05 ]</P>
      <P Name="V12_unit">V</P>
      <P Name="V12_conf">compiletime</P>
      <P Name="IS">1e-10</P>
      <P Name="IS_unit">A</P>
      <P Name="IS_conf">compiletime</P>
      <P Name="ec">2</P>
      <P Name="ec_unit">1</P>
      <P Name="ec_conf">compiletime</P>
      <P Name="RS">0</P>
      <P Name="RS_unit">Ohm</P>
      <P Name="RS_conf">compiletime</P>
      <P Name="Tmeas">298.15</P>
      <P Name="Tmeas_unit">K</P>
      <P Name="Tmeas_conf">compiletime</P>
      <P Name="C_param">1</P>
      <P Name="C_param_unit">1</P>
      <P Name="C_param_conf">compiletime</P>
      <P Name="CJ">50</P>
      <P Name="CJ_unit">pF</P>
      <P Name="CJ_conf">compiletime</P>
      <P Name="CJ0">50</P>
      <P Name="CJ0_unit">pF</P>
      <P Name="CJ0_conf">compiletime</P>
      <P Name="VJ">1</P>
      <P Name="VJ_unit">V</P>
      <P Name="VJ_conf">compiletime</P>
      <P Name="Mgrad">0.5</P>
      <P Name="Mgrad_unit">1</P>
      <P Name="Mgrad_conf">compiletime</P>
      <P Name="Vvec">[  0.1 10 100 ]</P>
      <P Name="Vvec_unit">V</P>
      <P Name="Vvec_conf">compiletime</P>
      <P Name="Cvec">[  3.5 1 0.4 ]</P>
      <P Name="Cvec_unit">pF</P>
      <P Name="Cvec_conf">compiletime</P>
      <P Name="FC">0.5</P>
      <P Name="FC_unit">1</P>
      <P Name="FC_conf">compiletime</P>
      <P Name="T_param">1</P>
      <P Name="T_param_unit">1</P>
      <P Name="T_param_conf">compiletime</P>
      <P Name="IS_T2">1.8e-8</P>
      <P Name="IS_T2_unit">A</P>
      <P Name="IS_T2_conf">compiletime</P>
      <P Name="I1_T2">0.029</P>
      <P Name="I1_T2_unit">A</P>
      <P Name="I1_T2_conf">compiletime</P>
      <P Name="V1_T2">1.05</P>
      <P Name="V1_T2_unit">V</P>
      <P Name="V1_T2_conf">compiletime</P>
      <P Name="Tmeas2">125</P>
      <P Name="Tmeas2_unit">degC</P>
      <P Name="Tmeas2_conf">compiletime</P>
      <P Name="EG_param">1</P>
      <P Name="EG_param_unit">1</P>
      <P Name="EG_param_conf">compiletime</P>
      <P Name="EG">1.11</P>
      <P Name="EG_unit">eV</P>
      <P Name="EG_conf">compiletime</P>
      <P Name="XTI_param">1</P>
      <P Name="XTI_param_unit">1</P>
      <P Name="XTI_param_conf">compiletime</P>
      <P Name="XTI">3</P>
      <P Name="XTI_unit">1</P>
      <P Name="XTI_conf">compiletime</P>
      <P Name="Tdevice">25</P>
      <P Name="Tdevice_unit">degC</P>
      <P Name="Tdevice_conf">compiletime</P>
      <P Name="i_specify">off</P>
      <P Name="i_priority">None</P>
      <P Name="i">0</P>
      <P Name="i_unit">A</P>
      <P Name="i_nominal_specify">off</P>
      <P Name="i_nominal_unit">A</P>
      <P Name="i_nominal_value">1</P>
      <P Name="v_specify">off</P>
      <P Name="v_priority">None</P>
      <P Name="v">0</P>
      <P Name="v_unit">V</P>
      <P Name="v_nominal_specify">off</P>
      <P Name="v_nominal_unit">V</P>
      <P Name="v_nominal_value">1</P>
      <P Name="v_capacitor_specify">off</P>
      <P Name="v_capacitor_priority">None</P>
      <P Name="v_capacitor">0</P>
      <P Name="v_capacitor_unit">V</P>
      <P Name="v_capacitor_nominal_specify">off</P>
      <P Name="v_capacitor_nominal_unit">V</P>
      <P Name="v_capacitor_nominal_value">1</P>
      <P Name="thermal_network_parameterization">ee.enum.thermalNetworkTopology.junctionCase</P>
      <P Name="thermal_network_parameterization_unit">1</P>
      <P Name="thermal_network_parameterization_conf">compiletime</P>
      <P Name="Rth">[0, 10]</P>
      <P Name="Rth_unit">K/W</P>
      <P Name="Rth_conf">compiletime</P>
      <P Name="Rth_Cauer">[1, 3, 10]</P>
      <P Name="Rth_Cauer_unit">K/W</P>
      <P Name="Rth_Cauer_conf">compiletime</P>
      <P Name="Rth_Foster">[4, 6]</P>
      <P Name="Rth_Foster_unit">K/W</P>
      <P Name="Rth_Foster_conf">compiletime</P>
      <P Name="thermal_mass_parameterization">ee.enum.thermalNetwork.timeconstant</P>
      <P Name="thermal_mass_parameterization_unit">1</P>
      <P Name="thermal_mass_parameterization_conf">compiletime</P>
      <P Name="thermal_mass">[0, 1]</P>
      <P Name="thermal_mass_unit">J/K</P>
      <P Name="thermal_mass_conf">compiletime</P>
      <P Name="thermal_mass_Cauer">[.1, .3, 1]</P>
      <P Name="thermal_mass_Cauer_unit">J/K</P>
      <P Name="thermal_mass_Cauer_conf">compiletime</P>
      <P Name="thermal_mass_Foster">[1.5, 3]</P>
      <P Name="thermal_mass_Foster_unit">J/K</P>
      <P Name="thermal_mass_Foster_conf">compiletime</P>
      <P Name="thermal_time_constant">[0, 10]</P>
      <P Name="thermal_time_constant_unit">s</P>
      <P Name="thermal_time_constant_conf">compiletime</P>
      <P Name="thermal_time_constant_Cauer">[1, 3, 10]</P>
      <P Name="thermal_time_constant_Cauer_unit">s</P>
      <P Name="thermal_time_constant_Cauer_conf">compiletime</P>
      <P Name="thermal_time_constant_Foster">[6, 18]</P>
      <P Name="thermal_time_constant_Foster_unit">s</P>
      <P Name="thermal_time_constant_Foster_conf">compiletime</P>
      <P Name="thermal_mass_initial_temperatures">[25, 25]</P>
      <P Name="thermal_mass_initial_temperatures_unit">degC</P>
      <P Name="thermal_mass_initial_temperatures_conf">compiletime</P>
      <P Name="thermal_mass_initial_temperatures_Cauer">[25, 25, 25]</P>
      <P Name="thermal_mass_initial_temperatures_Cauer_unit">degC</P>
      <P Name="thermal_mass_initial_temperatures_Cauer_conf">compiletime</P>
      <P Name="Tvec_initial_Foster">[25, 25, 25, 25]</P>
      <P Name="Tvec_initial_Foster_unit">degC</P>
      <P Name="Tvec_initial_Foster_conf">compiletime</P>
      <P Name="i_capacitor_specify">off</P>
      <P Name="i_capacitor_priority">High</P>
      <P Name="i_capacitor">0</P>
      <P Name="i_capacitor_unit">A</P>
      <P Name="i_capacitor_nominal_specify">off</P>
      <P Name="i_capacitor_nominal_unit">A</P>
      <P Name="i_capacitor_nominal_value">1</P>
    </InstanceData>
  </Block>
  <Block BlockType="Scope" Name="PWM" SID="2347:1619">
    <PortCounts in="1"/>
    <P Name="Position">[240, 46, 270, 64]</P>
    <P Name="ZOrder">163</P>
    <P Name="NameLocation">top</P>
    <P Name="ShowName">off</P>
    <P Name="ScopeSpecificationString">C++SS(StrPVP(&apos;SaveName&apos;,&apos;ScopeData1&apos;),StrPVP(&apos;SaveName&apos;,&apos;ScopeData3&apos;),StrPVP(&apos;LimitDataPoints&apos;,&apos;on&apos;),StrPVP(&apos;DataFormat&apos;,&apos;Array&apos;),StrPVP(&apos;Decimation&apos;,&apos;1&apos;),StrPVP(&apos;BlockParamSampleInput&apos;,&apos;off&apos;))</P>
    <P Name="NumInputPorts">1</P>
    <P Name="Floating">off</P>
  </Block>
  <Block BlockType="Reference" Name="R OcNl" SID="2347:1620">
    <PortCounts lconn="1" rconn="1"/>
    <P Name="Position">[651, 75, 679, 115]</P>
    <P Name="ZOrder">145</P>
    <P Name="BlockRotation">90</P>
    <P Name="BlockMirror">on</P>
    <P Name="NameLocation">left</P>
    <P Name="ShowName">off</P>
    <P Name="LibraryVersion">10007000.1</P>
    <P Name="SourceBlock">fl_lib/Electrical/Electrical Elements/Resistor</P>
    <P Name="SourceType">Resistor</P>
    <InstanceData>
      <P Name="LogSimulationData">off</P>
      <P Name="SourceFile">foundation.electrical.elements.resistor</P>
      <P Name="InternalSimscapePortConfiguration">{&quot;Bottom&quot;:[],&quot;Left&quot;:[{&quot;id&quot;:&quot;p&quot;,&quot;label&quot;:&quot;+&quot;,&quot;type&quot;:&quot;foundation.electrical.electrical&quot;}],&quot;Right&quot;:[{&quot;id&quot;:&quot;n&quot;,&quot;label&quot;:&quot;-&quot;,&quot;type&quot;:&quot;foundation.electrical.electrical&quot;}],&quot;Top&quot;:[]}</P>
      <P Name="SscBlockScalableBuild">off</P>
      <P Name="ComponentPath">foundation.electrical.elements.resistor</P>
      <P Name="ComponentVariants">foundation.electrical.elements.resistor</P>
      <P Name="ComponentVariantNames">resistor</P>
      <P Name="ClassName">resistor</P>
      <P Name="SchemaVersion">1</P>
      <P Name="R">470</P>
      <P Name="R_unit">Ohm</P>
      <P Name="R_conf">compiletime</P>
      <P Name="i_specify">off</P>
      <P Name="i_priority">High</P>
      <P Name="i">0</P>
      <P Name="i_unit">A</P>
      <P Name="i_nominal_specify">off</P>
      <P Name="i_nominal_unit">A</P>
      <P Name="i_nominal_value">1</P>
      <P Name="v_specify">off</P>
      <P Name="v_priority">High</P>
      <P Name="v">0</P>
      <P Name="v_unit">V</P>
      <P Name="v_nominal_specify">off</P>
      <P Name="v_nominal_unit">V</P>
      <P Name="v_nominal_value">1</P>
    </InstanceData>
  </Block>
  <Block BlockType="Reference" Name="R OcNu" SID="2347:1621">
    <PortCounts lconn="1" rconn="1"/>
    <P Name="Position">[561, 75, 589, 115]</P>
    <P Name="ZOrder">144</P>
    <P Name="BlockRotation">270</P>
    <P Name="NameLocation">left</P>
    <P Name="ShowName">off</P>
    <P Name="LibraryVersion">10007000.1</P>
    <P Name="SourceBlock">fl_lib/Electrical/Electrical Elements/Resistor</P>
    <P Name="SourceType">Resistor</P>
    <InstanceData>
      <P Name="LogSimulationData">off</P>
      <P Name="SourceFile">foundation.electrical.elements.resistor</P>
      <P Name="InternalSimscapePortConfiguration">{&quot;Bottom&quot;:[],&quot;Left&quot;:[{&quot;id&quot;:&quot;p&quot;,&quot;label&quot;:&quot;+&quot;,&quot;type&quot;:&quot;foundation.electrical.electrical&quot;}],&quot;Right&quot;:[{&quot;id&quot;:&quot;n&quot;,&quot;label&quot;:&quot;-&quot;,&quot;type&quot;:&quot;foundation.electrical.electrical&quot;}],&quot;Top&quot;:[]}</P>
      <P Name="SscBlockScalableBuild">off</P>
      <P Name="ComponentPath">foundation.electrical.elements.resistor</P>
      <P Name="ComponentVariants">foundation.electrical.elements.resistor</P>
      <P Name="ComponentVariantNames">resistor</P>
      <P Name="ClassName">resistor</P>
      <P Name="SchemaVersion">1</P>
      <P Name="R">470</P>
      <P Name="R_unit">Ohm</P>
      <P Name="R_conf">compiletime</P>
      <P Name="i_specify">off</P>
      <P Name="i_priority">High</P>
      <P Name="i">0</P>
      <P Name="i_unit">A</P>
      <P Name="i_nominal_specify">off</P>
      <P Name="i_nominal_unit">A</P>
      <P Name="i_nominal_value">1</P>
      <P Name="v_specify">off</P>
      <P Name="v_priority">High</P>
      <P Name="v">0</P>
      <P Name="v_unit">V</P>
      <P Name="v_nominal_specify">off</P>
      <P Name="v_nominal_unit">V</P>
      <P Name="v_nominal_value">1</P>
    </InstanceData>
  </Block>
  <Block BlockType="Reference" Name="R OcPl" SID="2347:1622">
    <PortCounts lconn="1" rconn="1"/>
    <P Name="Position">[206, 75, 234, 115]</P>
    <P Name="ZOrder">146</P>
    <P Name="BlockRotation">90</P>
    <P Name="BlockMirror">on</P>
    <P Name="NameLocation">right</P>
    <P Name="ShowName">off</P>
    <P Name="LibraryVersion">10007000.1</P>
    <P Name="SourceBlock">fl_lib/Electrical/Electrical Elements/Resistor</P>
    <P Name="SourceType">Resistor</P>
    <InstanceData>
      <P Name="LogSimulationData">off</P>
      <P Name="SourceFile">foundation.electrical.elements.resistor</P>
      <P Name="InternalSimscapePortConfiguration">{&quot;Bottom&quot;:[],&quot;Left&quot;:[{&quot;id&quot;:&quot;p&quot;,&quot;label&quot;:&quot;+&quot;,&quot;type&quot;:&quot;foundation.electrical.electrical&quot;}],&quot;Right&quot;:[{&quot;id&quot;:&quot;n&quot;,&quot;label&quot;:&quot;-&quot;,&quot;type&quot;:&quot;foundation.electrical.electrical&quot;}],&quot;Top&quot;:[]}</P>
      <P Name="SscBlockScalableBuild">off</P>
      <P Name="ComponentPath">foundation.electrical.elements.resistor</P>
      <P Name="ComponentVariants">foundation.electrical.elements.resistor</P>
      <P Name="ComponentVariantNames">resistor</P>
      <P Name="ClassName">resistor</P>
      <P Name="SchemaVersion">1</P>
      <P Name="R">470</P>
      <P Name="R_unit">Ohm</P>
      <P Name="R_conf">compiletime</P>
      <P Name="i_specify">off</P>
      <P Name="i_priority">High</P>
      <P Name="i">0</P>
      <P Name="i_unit">A</P>
      <P Name="i_nominal_specify">off</P>
      <P Name="i_nominal_unit">A</P>
      <P Name="i_nominal_value">1</P>
      <P Name="v_specify">off</P>
      <P Name="v_priority">High</P>
      <P Name="v">0</P>
      <P Name="v_unit">V</P>
      <P Name="v_nominal_specify">off</P>
      <P Name="v_nominal_unit">V</P>
      <P Name="v_nominal_value">1</P>
    </InstanceData>
  </Block>
  <Block BlockType="Reference" Name="R OcPu" SID="2347:1623">
    <PortCounts lconn="1" rconn="1"/>
    <P Name="Position">[301, 75, 329, 115]</P>
    <P Name="ZOrder">143</P>
    <P Name="BlockRotation">90</P>
    <P Name="NameLocation">right</P>
    <P Name="ShowName">off</P>
    <P Name="LibraryVersion">10007000.1</P>
    <P Name="SourceBlock">fl_lib/Electrical/Electrical Elements/Resistor</P>
    <P Name="SourceType">Resistor</P>
    <InstanceData>
      <P Name="LogSimulationData">off</P>
      <P Name="SourceFile">foundation.electrical.elements.resistor</P>
      <P Name="InternalSimscapePortConfiguration">{&quot;Bottom&quot;:[],&quot;Left&quot;:[{&quot;id&quot;:&quot;p&quot;,&quot;label&quot;:&quot;+&quot;,&quot;type&quot;:&quot;foundation.electrical.electrical&quot;}],&quot;Right&quot;:[{&quot;id&quot;:&quot;n&quot;,&quot;label&quot;:&quot;-&quot;,&quot;type&quot;:&quot;foundation.electrical.electrical&quot;}],&quot;Top&quot;:[]}</P>
      <P Name="SscBlockScalableBuild">off</P>
      <P Name="ComponentPath">foundation.electrical.elements.resistor</P>
      <P Name="ComponentVariants">foundation.electrical.elements.resistor</P>
      <P Name="ComponentVariantNames">resistor</P>
      <P Name="ClassName">resistor</P>
      <P Name="SchemaVersion">1</P>
      <P Name="R">470</P>
      <P Name="R_unit">Ohm</P>
      <P Name="R_conf">compiletime</P>
      <P Name="i_specify">off</P>
      <P Name="i_priority">High</P>
      <P Name="i">0</P>
      <P Name="i_unit">A</P>
      <P Name="i_nominal_specify">off</P>
      <P Name="i_nominal_unit">A</P>
      <P Name="i_nominal_value">1</P>
      <P Name="v_specify">off</P>
      <P Name="v_priority">High</P>
      <P Name="v">0</P>
      <P Name="v_unit">V</P>
      <P Name="v_nominal_specify">off</P>
      <P Name="v_nominal_unit">V</P>
      <P Name="v_nominal_value">1</P>
    </InstanceData>
  </Block>
  <Block BlockType="SubSystem" Name="Sensing" SID="2347:1624">
    <PortCounts out="1"/>
    <P Name="Position">[390, 37, 425, 63]</P>
    <P Name="ZOrder">64</P>
    <P Name="ShowName">off</P>
    <System Ref="system_2347_1624"/>
  </Block>
  <Block BlockType="SubSystem" Name="Sensing1" SID="2347:1632">
    <PortCounts/>
    <P Name="Position">[110, 182, 150, 198]</P>
    <P Name="ZOrder">157</P>
    <System Ref="system_2347_1632"/>
  </Block>
  <Block BlockType="SubSystem" Name="Sensing2" SID="2347:1642">
    <PortCounts out="1" lconn="1"/>
    <P Name="Position">[120, 43, 135, 57]</P>
    <P Name="ZOrder">162</P>
    <P Name="ShowName">off</P>
    <Mask>
      <Display>disp(&apos;V&apos;)</Display>
    </Mask>
    <System Ref="system_2347_1642"/>
  </Block>
  <Block BlockType="SubSystem" Name="Sensing3" SID="2347:1648">
    <PortCounts out="1" lconn="1"/>
    <P Name="Position">[185, 43, 200, 57]</P>
    <P Name="ZOrder">165</P>
    <P Name="ShowName">off</P>
    <Mask>
      <Display>disp(&apos;V&apos;)</Display>
    </Mask>
    <System Ref="system_2347_1648"/>
  </Block>
  <Block BlockType="Reference" Name="Supply&#xA;Rail" SID="2347:1654">
    <PortCounts rconn="1"/>
    <P Name="Position">[425, 80, 465, 120]</P>
    <P Name="ZOrder">149</P>
    <P Name="BlockRotation">270</P>
    <P Name="BlockMirror">on</P>
    <P Name="NameLocation">left</P>
    <P Name="ShowName">off</P>
    <P Name="LibraryVersion">10007000.3</P>
    <P Name="SourceBlock">ee_lib/Sources/Positive Supply Rail</P>
    <P Name="SourceType">Positive Supply Rail</P>
    <InstanceData>
      <P Name="LogSimulationData">off</P>
      <P Name="SourceFile">ee.sources.rail_positive</P>
      <P Name="InternalSimscapePortConfiguration">{&quot;Bottom&quot;:[],&quot;Left&quot;:[],&quot;Right&quot;:[{&quot;id&quot;:&quot;p&quot;,&quot;label&quot;:&quot;&quot;,&quot;type&quot;:&quot;foundation.electrical.electrical&quot;}],&quot;Top&quot;:[]}</P>
      <P Name="SscBlockScalableBuild">off</P>
      <P Name="ComponentPath">ee.sources.rail_positive</P>
      <P Name="ComponentVariants">ee.sources.rail_positive</P>
      <P Name="ComponentVariantNames">rail_positive</P>
      <P Name="ClassName">rail_positive</P>
      <P Name="SchemaVersion">1</P>
      <P Name="v0">24</P>
      <P Name="v0_unit">V</P>
      <P Name="v0_conf">compiletime</P>
    </InstanceData>
  </Block>
  <Block BlockType="Reference" Name="Supply&#xA;Rail Nl" SID="2347:1655">
    <PortCounts rconn="1"/>
    <P Name="Position">[615, 170, 655, 210]</P>
    <P Name="ZOrder">147</P>
    <P Name="BlockRotation">90</P>
    <P Name="NameLocation">left</P>
    <P Name="ShowName">off</P>
    <P Name="LibraryVersion">10007000.3</P>
    <P Name="SourceBlock">ee_lib/Sources/Positive Supply Rail</P>
    <P Name="SourceType">Positive Supply Rail</P>
    <InstanceData>
      <P Name="LogSimulationData">off</P>
      <P Name="SourceFile">ee.sources.rail_positive</P>
      <P Name="InternalSimscapePortConfiguration">{&quot;Bottom&quot;:[],&quot;Left&quot;:[],&quot;Right&quot;:[{&quot;id&quot;:&quot;p&quot;,&quot;label&quot;:&quot;&quot;,&quot;type&quot;:&quot;foundation.electrical.electrical&quot;}],&quot;Top&quot;:[]}</P>
      <P Name="SscBlockScalableBuild">off</P>
      <P Name="ComponentPath">ee.sources.rail_positive</P>
      <P Name="ComponentVariants">ee.sources.rail_positive</P>
      <P Name="ComponentVariantNames">rail_positive</P>
      <P Name="ClassName">rail_positive</P>
      <P Name="SchemaVersion">1</P>
      <P Name="v0">24</P>
      <P Name="v0_unit">V</P>
      <P Name="v0_conf">compiletime</P>
    </InstanceData>
  </Block>
  <Block BlockType="Reference" Name="Supply&#xA;Rail Pl" SID="2347:1656">
    <PortCounts rconn="1"/>
    <P Name="Position">[230, 170, 270, 210]</P>
    <P Name="ZOrder">148</P>
    <P Name="BlockRotation">270</P>
    <P Name="BlockMirror">on</P>
    <P Name="NameLocation">right</P>
    <P Name="ShowName">off</P>
    <P Name="LibraryVersion">10007000.3</P>
    <P Name="SourceBlock">ee_lib/Sources/Positive Supply Rail</P>
    <P Name="SourceType">Positive Supply Rail</P>
    <InstanceData>
      <P Name="LogSimulationData">off</P>
      <P Name="SourceFile">ee.sources.rail_positive</P>
      <P Name="InternalSimscapePortConfiguration">{&quot;Bottom&quot;:[],&quot;Left&quot;:[],&quot;Right&quot;:[{&quot;id&quot;:&quot;p&quot;,&quot;label&quot;:&quot;&quot;,&quot;type&quot;:&quot;foundation.electrical.electrical&quot;}],&quot;Top&quot;:[]}</P>
      <P Name="SscBlockScalableBuild">off</P>
      <P Name="ComponentPath">ee.sources.rail_positive</P>
      <P Name="ComponentVariants">ee.sources.rail_positive</P>
      <P Name="ComponentVariantNames">rail_positive</P>
      <P Name="ClassName">rail_positive</P>
      <P Name="SchemaVersion">1</P>
      <P Name="v0">24</P>
      <P Name="v0_unit">V</P>
      <P Name="v0_conf">compiletime</P>
    </InstanceData>
  </Block>
  <Block BlockType="PMIOPort" Name="V+" SID="2347:1657">
    <P Name="Position">[410, 173, 440, 187]</P>
    <P Name="ZOrder">-36</P>
    <P Name="BlockMirror">on</P>
    <P Name="Side">Right</P>
  </Block>
  <Block BlockType="PMIOPort" Name="V-" SID="2347:1658">
    <P Name="Position">[460, 173, 490, 187]</P>
    <P Name="ZOrder">-37</P>
    <P Name="Port">2</P>
    <P Name="Side">Right</P>
  </Block>
  <Block BlockType="PMIOPort" Name="Vr" SID="2347:1659">
    <P Name="Position">[50, 63, 80, 77]</P>
    <P Name="ZOrder">-38</P>
    <P Name="NameLocation">top</P>
    <P Name="Port">3</P>
    <P Name="Side">Left</P>
  </Block>
  <Block BlockType="PMIOPort" Name="REV" SID="2347:1660">
    <P Name="Position">[50, 273, 80, 287]</P>
    <P Name="ZOrder">-39</P>
    <P Name="Port">4</P>
    <P Name="Side">Left</P>
  </Block>
  <Line>
    <P Name="ZOrder">1</P>
    <P Name="Src">2347:1648#out:1</P>
    <P Name="Dst">2347:1614#in:1</P>
  </Line>
  <Line>
    <P Name="ZOrder">2</P>
    <P Name="Src">2347:1642#out:1</P>
    <P Name="Points">[24, 0; 0, 14; 41, 0]</P>
    <P Name="Dst">2347:1614#in:2</P>
  </Line>
  <Line>
    <P Name="ZOrder">3</P>
    <P Name="Src">2347:1614#out:1</P>
    <P Name="Dst">2347:1619#in:1</P>
  </Line>
  <Line>
    <P Name="ZOrder">4</P>
    <P Name="Src">2347:1624#out:1</P>
    <P Name="Dst">2347:1535#in:1</P>
  </Line>
  <Line LineType="Connection">
    <P Name="ZOrder">5</P>
    <P Name="Points">[397, 180; 0, -20; -2, 0]</P>
    <P Name="Dst">2347:1593#rconn:2</P>
    <Branch ConnectType="SRC_DEST">
      <P Name="Src">2347:1657#rconn:1</P>
      <P Name="Points">[2, 0]</P>
    </Branch>
    <Branch ConnectType="SRC_DEST">
      <P Name="Src">2347:1579#rconn:1</P>
      <P Name="Points">[2, 0; 0, -20]</P>
    </Branch>
  </Line>
  <Line LineType="Connection">
    <P Name="ZOrder">8</P>
    <P Name="Points">[315, 70; 0, -10]</P>
    <P Name="Dst">2347:1623#lconn:1</P>
    <Branch ConnectType="SRC_SRC">
      <P Name="Points">[260, 0]</P>
      <Branch ConnectType="DEST_SRC">
        <P Name="Points">[90, 0]</P>
        <P Name="Dst">2347:1620#rconn:1</P>
      </Branch>
      <Branch ConnectType="DEST_DEST">
        <P Name="Src">2347:1621#rconn:1</P>
        <P Name="Points">[0, 10]</P>
      </Branch>
    </Branch>
    <Branch ConnectType="SRC_DEST">
      <P Name="Points">[220, 70; 95, 0]</P>
      <Branch ConnectType="SRC_SRC">
        <P Name="Points">[-45, 0]</P>
        <Branch ConnectType="DEST_SRC">
          <P Name="Dst">2347:1529#rconn:1</P>
        </Branch>
        <Branch ConnectType="DEST_DEST">
          <P Name="Src">2347:1648#lconn:1</P>
          <P Name="Points">[5, 0; 0, 20]</P>
        </Branch>
      </Branch>
      <Branch ConnectType="SRC_DEST">
        <P Name="Src">2347:1622#rconn:1</P>
        <P Name="Points">[0, 10]</P>
      </Branch>
    </Branch>
  </Line>
  <Line LineType="Connection">
    <P Name="FontSize">12</P>
    <P Name="ZOrder">17</P>
    <P Name="Points">[445, 130; -50, 0]</P>
    <P Name="Dst">2347:1593#rconn:1</P>
    <Branch ConnectType="SRC_SRC">
      <P Name="Dst">2347:1654#rconn:1</P>
    </Branch>
    <Branch ConnectType="SRC_DEST">
      <P Name="Src">2347:1565#rconn:1</P>
      <P Name="Points">[-50, 0]</P>
    </Branch>
  </Line>
  <Line LineType="Connection">
    <P Name="FontSize">12</P>
    <P Name="ZOrder">20</P>
    <P Name="Src">2347:1618#rconn:1</P>
    <P Name="Points">[-36, 0; 0, 150]</P>
    <Branch ConnectType="DEST_SRC">
      <P Name="Dst">2347:1536#rconn:1</P>
    </Branch>
    <Branch ConnectType="DEST_SRC">
      <P Name="Points">[365, 0; 0, -30]</P>
      <P Name="Dst">2347:1615#rconn:1</P>
    </Branch>
  </Line>
  <Line LineType="Connection">
    <P Name="FontSize">12</P>
    <P Name="ZOrder">23</P>
    <P Name="Src">2347:1617#rconn:1</P>
    <P Name="Points">[9, 0; 0, 45]</P>
    <Branch ConnectType="DEST_SRC">
      <P Name="Dst">2347:1536#rconn:2</P>
    </Branch>
    <Branch ConnectType="DEST_SRC">
      <P Name="Points">[356, 0; 0, -165]</P>
      <P Name="Dst">2347:1616#rconn:1</P>
    </Branch>
  </Line>
  <Line LineType="Connection">
    <P Name="ZOrder">26</P>
    <P Name="Points">[445, 230; -50, 0]</P>
    <P Name="Dst">2347:1579#rconn:2</P>
    <Branch ConnectType="SRC_SRC">
      <P Name="Dst">2347:1530#lconn:1</P>
    </Branch>
    <Branch ConnectType="SRC_DEST">
      <P Name="Src">2347:1551#rconn:2</P>
      <P Name="Points">[-50, 0]</P>
    </Branch>
  </Line>
  <Line LineType="Connection">
    <P Name="ZOrder">29</P>
    <P Name="Src">2347:1565#rconn:2</P>
    <P Name="Points">[5, 0; 0, 20]</P>
    <Branch ConnectType="DEST_DEST">
      <P Name="Src">2347:1658#rconn:1</P>
      <P Name="Points">[-5, 0]</P>
    </Branch>
    <Branch ConnectType="DEST_DEST">
      <P Name="Src">2347:1551#rconn:1</P>
      <P Name="Points">[5, 0; 0, -20]</P>
    </Branch>
  </Line>
  <Line LineType="Connection">
    <P Name="ZOrder">32</P>
    <P Name="Src">2347:1593#lconn:1</P>
    <P Name="Dst">2347:1618#lconn:2</P>
  </Line>
  <Line LineType="Connection">
    <P Name="ZOrder">33</P>
    <P Name="Src">2347:1529#rconn:2</P>
    <P Name="Dst">2347:1531#lconn:1</P>
  </Line>
  <Line LineType="Connection">
    <P Name="ZOrder">34</P>
    <P Name="Src">2347:1616#lconn:1</P>
    <P Name="Dst">2347:1621#lconn:1</P>
  </Line>
  <Line LineType="Connection">
    <P Name="ZOrder">35</P>
    <P Name="Src">2347:1656#rconn:1</P>
    <P Name="Points">[0, -10]</P>
    <P Name="Dst">2347:1617#lconn:2</P>
  </Line>
  <Line LineType="Connection">
    <P Name="ZOrder">36</P>
    <P Name="Src">2347:1551#lconn:1</P>
    <P Name="Dst">2347:1615#rconn:2</P>
  </Line>
  <Line LineType="Connection">
    <P Name="ZOrder">37</P>
    <P Name="Src">2347:1618#rconn:2</P>
    <P Name="Points">[5, 0]</P>
    <P Name="Dst">2347:1534#lconn:1</P>
  </Line>
  <Line LineType="Connection">
    <P Name="ZOrder">38</P>
    <P Name="Points">[90, 70; -5, 0]</P>
    <P Name="Dst">2347:1529#lconn:1</P>
    <Branch ConnectType="SRC_DEST">
      <P Name="Src">2347:1642#lconn:1</P>
      <P Name="Points">[-15, 0; 0, 20]</P>
    </Branch>
    <Branch ConnectType="SRC_DEST">
      <P Name="Src">2347:1659#rconn:1</P>
      <P Name="Points">[-5, 0]</P>
    </Branch>
  </Line>
  <Line LineType="Connection">
    <P Name="ZOrder">41</P>
    <P Name="Src">2347:1655#rconn:1</P>
    <P Name="Points">[0, -10]</P>
    <P Name="Dst">2347:1615#lconn:2</P>
  </Line>
  <Line LineType="Connection">
    <P Name="ZOrder">42</P>
    <P Name="Src">2347:1660#rconn:1</P>
    <P Name="Dst">2347:1536#lconn:1</P>
  </Line>
  <Line LineType="Connection">
    <P Name="ZOrder">43</P>
    <P Name="Src">2347:1622#lconn:1</P>
    <P Name="Points">[0, 110]</P>
    <P Name="Dst">2347:1617#lconn:1</P>
  </Line>
  <Line LineType="Connection">
    <P Name="ZOrder">44</P>
    <P Name="Src">2347:1617#rconn:2</P>
    <P Name="Dst">2347:1579#lconn:1</P>
  </Line>
  <Line LineType="Connection">
    <P Name="ZOrder">45</P>
    <P Name="Src">2347:1565#lconn:1</P>
    <P Name="Dst">2347:1616#lconn:2</P>
  </Line>
  <Line LineType="Connection">
    <P Name="ZOrder">46</P>
    <P Name="Src">2347:1618#lconn:1</P>
    <P Name="Points">[5, 0]</P>
    <P Name="Dst">2347:1623#rconn:1</P>
  </Line>
  <Line LineType="Connection">
    <P Name="ZOrder">47</P>
    <P Name="Src">2347:1529#lconn:2</P>
    <P Name="Dst">2347:1532#lconn:1</P>
  </Line>
  <Line LineType="Connection">
    <P Name="ZOrder">48</P>
    <P Name="Src">2347:1616#rconn:2</P>
    <P Name="Points">[-5, 0]</P>
    <P Name="Dst">2347:1533#lconn:1</P>
  </Line>
  <Line LineType="Connection">
    <P Name="ZOrder">49</P>
    <P Name="Src">2347:1615#lconn:1</P>
    <P Name="Points">[25, 0]</P>
    <P Name="Dst">2347:1620#lconn:1</P>
  </Line>
  <Annotation SID="2347:1661">
    <P Name="Name">H-bridge motor controller
with opto-isolators</P>
    <P Name="Position">[60, 136, 197, 168]</P>
    <P Name="InternalMargins">[1, 1, 1, 1]</P>
    <P Name="HorizontalAlignment">center</P>
    <P Name="VerticalAlignment">middle</P>
    <P Name="ForegroundColor">blue</P>
    <P Name="ZOrder">-1</P>
  </Annotation>
</System>
