<?xml version="1.0" encoding="utf-8"?>
<System>
  <P Name="Location">[-1, -8, 1921, 1041]</P>
  <Block BlockType="SubSystem" Name="Detailed Sensor" SID="2346:1300">
    <PortCounts in="1" lconn="2"/>
    <P Name="Position">[175, 95, 220, 205]</P>
    <P Name="ZOrder">42</P>
    <P Name="Commented">on</P>
    <P Name="ContentPreviewEnabled">on</P>
    <System Ref="system_2346_1300"/>
  </Block>
  <Block BlockType="Reference" Name="Ideal Rotational&#xA;Motion Sensor" SID="2346:1218">
    <PortCounts lconn="1" rconn="2"/>
    <P Name="Position">[85, 190, 125, 230]</P>
    <P Name="ZOrder">-2</P>
    <P Name="BlockRotation">90</P>
    <P Name="NameLocation">left</P>
    <P Name="ShowName">off</P>
    <P Name="LibraryVersion">10007000.1</P>
    <P Name="SourceBlock">fl_lib/Mechanical/Mechanical Sensors/Ideal Rotational
Motion Sensor</P>
    <P Name="SourceType">Ideal Rotational
Motion Sensor</P>
    <InstanceData>
      <P Name="LogSimulationData">off</P>
      <P Name="SourceFile">foundation.mechanical.sensors.angular_velocity</P>
      <P Name="InternalSimscapePortConfiguration">{&quot;Bottom&quot;:[],&quot;Left&quot;:[{&quot;id&quot;:&quot;R&quot;,&quot;label&quot;:&quot;R&quot;,&quot;type&quot;:&quot;foundation.mechanical.rotational.rotational&quot;}],&quot;Right&quot;:[{&quot;id&quot;:&quot;C&quot;,&quot;label&quot;:&quot;C&quot;,&quot;type&quot;:&quot;foundation.mechanical.rotational.rotational&quot;},{&quot;id&quot;:&quot;W&quot;,&quot;label&quot;:&quot;W&quot;,&quot;type&quot;:&quot;output&quot;}],&quot;Top&quot;:[]}</P>
      <P Name="SscBlockScalableBuild">off</P>
      <P Name="ComponentPath">foundation.mechanical.sensors.angular_velocity</P>
      <P Name="ComponentVariants">foundation.mechanical.sensors.angular_velocity</P>
      <P Name="ComponentVariantNames">angular_velocity</P>
      <P Name="ClassName">sensor_rot_motion</P>
      <P Name="SchemaVersion">1</P>
      <P Name="reference">foundation.enum.MeasurementReference.difference</P>
      <P Name="reference_unit">1</P>
      <P Name="reference_conf">compiletime</P>
      <P Name="acceleration_port">false</P>
      <P Name="acceleration_port_unit">1</P>
      <P Name="acceleration_port_conf">compiletime</P>
      <P Name="velocity_port">true</P>
      <P Name="velocity_port_unit">1</P>
      <P Name="velocity_port_conf">compiletime</P>
      <P Name="position_port">false</P>
      <P Name="position_port_unit">1</P>
      <P Name="position_port_conf">compiletime</P>
      <P Name="wrap_angle">simscape.enum.onoff.off</P>
      <P Name="wrap_angle_unit">1</P>
      <P Name="wrap_angle_conf">compiletime</P>
      <P Name="offset">0</P>
      <P Name="offset_unit">rad</P>
      <P Name="offset_conf">compiletime</P>
    </InstanceData>
  </Block>
  <Block BlockType="Reference" Name="Mechanical&#xA;Rotational Reference" SID="2346:1220">
    <PortCounts lconn="1"/>
    <P Name="Position">[175, 290, 195, 310]</P>
    <P Name="ZOrder">-4</P>
    <P Name="BlockRotation">270</P>
    <P Name="BlockMirror">on</P>
    <P Name="NameLocation">left</P>
    <P Name="ShowName">off</P>
    <P Name="LibraryVersion">10007000.1</P>
    <P Name="SourceBlock">fl_lib/Mechanical/Rotational Elements/Mechanical
Rotational Reference</P>
    <P Name="SourceType">Mechanical
Rotational Reference</P>
    <InstanceData>
      <P Name="LogSimulationData">off</P>
      <P Name="SourceFile">foundation.mechanical.rotational.reference</P>
      <P Name="InternalSimscapePortConfiguration">{&quot;Bottom&quot;:[],&quot;Left&quot;:[{&quot;id&quot;:&quot;W&quot;,&quot;label&quot;:&quot;&quot;,&quot;type&quot;:&quot;foundation.mechanical.rotational.rotational&quot;}],&quot;Right&quot;:[],&quot;Top&quot;:[]}</P>
      <P Name="SscBlockScalableBuild">off</P>
      <P Name="ComponentPath">foundation.mechanical.rotational.reference</P>
      <P Name="ComponentVariants">foundation.mechanical.rotational.reference</P>
      <P Name="ComponentVariantNames">reference</P>
      <P Name="ClassName">reference_rot</P>
      <P Name="SchemaVersion">1</P>
    </InstanceData>
  </Block>
  <Block BlockType="Reference" Name="PS Gain1" SID="2346:1313">
    <PortCounts lconn="1" rconn="1"/>
    <P Name="Position">[85, 55, 115, 85]</P>
    <P Name="ZOrder">43</P>
    <P Name="LibraryVersion">10007000.1</P>
    <P Name="SourceBlock">fl_lib/Physical Signals/Functions/PS Gain</P>
    <P Name="SourceType">PS Gain</P>
    <InstanceData>
      <P Name="LogSimulationData">off</P>
      <P Name="SourceFile">foundation.signal.functions.gain</P>
      <P Name="InternalSimscapePortConfiguration">{&quot;Bottom&quot;:[],&quot;Left&quot;:[{&quot;id&quot;:&quot;I&quot;,&quot;label&quot;:&quot;&quot;,&quot;type&quot;:&quot;input&quot;}],&quot;Right&quot;:[{&quot;id&quot;:&quot;O&quot;,&quot;label&quot;:&quot;&quot;,&quot;type&quot;:&quot;output&quot;}],&quot;Top&quot;:[]}</P>
      <P Name="SscBlockScalableBuild">off</P>
      <P Name="ComponentPath">foundation.signal.functions.gain</P>
      <P Name="ComponentVariants">foundation.signal.functions.gain</P>
      <P Name="ComponentVariantNames">gain</P>
      <P Name="ClassName">gain</P>
      <P Name="SchemaVersion">1</P>
      <P Name="gain">5/4000</P>
      <P Name="gain_unit">V*s/rad </P>
      <P Name="gain_conf">compiletime</P>
    </InstanceData>
  </Block>
  <Block BlockType="Reference" Name="PS-Simulink&#xA;Converter 2" SID="2346:1270">
    <PortCounts out="1" lconn="1"/>
    <P Name="Position">[20, 87, 35, 103]</P>
    <P Name="ZOrder">-7</P>
    <P Name="ShowName">off</P>
    <P Name="LibraryVersion">7.0</P>
    <P Name="FontSize">9</P>
    <P Name="SourceBlock">nesl_utility/PS-Simulink
Converter</P>
    <P Name="SourceType">PS-Simulink
Converter</P>
    <InstanceData>
      <P Name="RTWMemSecFuncInitTerm">Inherit from model</P>
      <P Name="RTWMemSecFuncExecute">Inherit from model</P>
      <P Name="RTWMemSecDataConstants">Inherit from model</P>
      <P Name="RTWMemSecDataInternal">Inherit from model</P>
      <P Name="RTWMemSecDataParameters">Inherit from model</P>
      <P Name="ContentPreviewEnabled">off</P>
      <P Name="PhysicalDomain">network_engine_domain</P>
      <P Name="SubClassName">ps_output</P>
      <P Name="LeftPortType">input</P>
      <P Name="RightPortType">output</P>
      <P Name="PseudoPeriodic">off</P>
      <P Name="Frequencies">[]</P>
      <P Name="VectorFormat">1-D array</P>
      <P Name="Unit">rpm</P>
      <P Name="AffineConversion">off</P>
    </InstanceData>
  </Block>
  <Block BlockType="PMIOPort" Name="R" SID="2346:1280">
    <P Name="Position">[5, 141, 35, 159]</P>
    <P Name="ZOrder">-10</P>
    <P Name="Side">Left</P>
  </Block>
  <Block BlockType="PMIOPort" Name="V_w" SID="2346:1281">
    <P Name="Position">[175, 61, 205, 79]</P>
    <P Name="ZOrder">-10</P>
    <P Name="BlockMirror">on</P>
    <P Name="NameLocation">top</P>
    <P Name="Port">2</P>
    <P Name="Side">Right</P>
  </Block>
  <Line LineType="Connection">
    <P Name="ZOrder">1</P>
    <P Name="Src">2346:1270#lconn:1</P>
    <P Name="Points">[-24, 0]</P>
    <Branch ConnectType="DEST_SRC">
      <P Name="Points">[0, -25]</P>
      <P Name="Dst">2346:1313#lconn:1</P>
    </Branch>
    <Branch ConnectType="DEST_SRC">
      <P Name="Points">[0, 157; 112, 0]</P>
      <P Name="Dst">2346:1218#rconn:2</P>
    </Branch>
  </Line>
  <Line LineType="Connection">
    <P Name="ZOrder">4</P>
    <P Name="Src">2346:1280#rconn:1</P>
    <P Name="Points">[53, 0]</P>
    <Branch ConnectType="DEST_SRC">
      <P Name="Dst">2346:1300#lconn:1</P>
    </Branch>
    <Branch ConnectType="DEST_SRC">
      <P Name="Dst">2346:1218#lconn:1</P>
    </Branch>
  </Line>
  <Line>
    <P Name="ZOrder">7</P>
    <P Name="Src">2346:1270#out:1</P>
    <P Name="Points">[64, 0; 0, 20]</P>
    <P Name="Dst">2346:1300#in:1</P>
  </Line>
  <Line LineType="Connection">
    <P Name="ZOrder">8</P>
    <P Name="Src">2346:1218#rconn:1</P>
    <P Name="Points">[0, 9; 26, 0]</P>
    <Branch ConnectType="DEST_SRC">
      <P Name="Points">[0, -67]</P>
      <P Name="Dst">2346:1300#lconn:2</P>
    </Branch>
    <Branch ConnectType="DEST_SRC">
      <P Name="Points">[0, 2; 44, 0]</P>
      <P Name="Dst">2346:1220#lconn:1</P>
    </Branch>
  </Line>
  <Line LineType="Connection">
    <P Name="ZOrder">11</P>
    <P Name="Src">2346:1313#rconn:1</P>
    <P Name="Dst">2346:1281#rconn:1</P>
  </Line>
</System>
