<?xml version="1.0" encoding="utf-8"?>
<System>
  <P Name="Location">[-1, -7, 1537, 825]</P>
  <P Name="ZoomFactor">106</P>
  <Block BlockType="Inport" Name="In1" SID="2365">
    <P Name="Position">[270, 33, 300, 47]</P>
    <P Name="ZOrder">11699</P>
    <P Name="BlockMirror">on</P>
  </Block>
  <Block BlockType="Inport" Name="In2" SID="2366">
    <P Name="Position">[270, 113, 300, 127]</P>
    <P Name="ZOrder">11700</P>
    <P Name="BlockMirror">on</P>
    <P Name="Port">2</P>
  </Block>
  <Block BlockType="Inport" Name="In3" SID="2367">
    <P Name="Position">[270, 208, 300, 222]</P>
    <P Name="ZOrder">11701</P>
    <P Name="BlockMirror">on</P>
    <P Name="Port">3</P>
  </Block>
  <Block BlockType="Reference" Name="Discrete Derivative1" SID="2512">
    <PortCounts in="1" out="1"/>
    <P Name="Position">[160, 22, 220, 58]</P>
    <P Name="ZOrder">11715</P>
    <P Name="BlockMirror">on</P>
    <P Name="LibraryVersion">4.1</P>
    <P Name="SourceBlock">simulink/Discrete/Discrete Derivative</P>
    <P Name="SourceType">Discrete Derivative</P>
    <InstanceData>
      <P Name="RTWMemSecFuncInitTerm">Inherit from model</P>
      <P Name="RTWMemSecFuncExecute">Inherit from model</P>
      <P Name="RTWMemSecDataConstants">Inherit from model</P>
      <P Name="RTWMemSecDataInternal">Inherit from model</P>
      <P Name="RTWMemSecDataParameters">Inherit from model</P>
      <P Name="ContentPreviewEnabled">on</P>
      <P Name="gainval">1.0</P>
      <P Name="ICPrevScaledInput">0.0</P>
      <P Name="InputProcessing">Elements as channels (sample based)</P>
      <P Name="OutMin">[]</P>
      <P Name="OutMax">[]</P>
      <P Name="OutDataTypeStr">Inherit: Inherit via internal rule</P>
      <P Name="OutputDataTypeScalingMode">Inherit via internal rule</P>
      <P Name="OutDataType">fixdt(1, 16)</P>
      <P Name="OutScaling">2^-10</P>
      <P Name="LockScale">off</P>
      <P Name="RndMeth">Floor</P>
      <P Name="DoSatur">off</P>
    </InstanceData>
  </Block>
  <Block BlockType="Reference" Name="Discrete Derivative2" SID="2521">
    <PortCounts in="1" out="1"/>
    <P Name="Position">[160, 102, 220, 138]</P>
    <P Name="ZOrder">11720</P>
    <P Name="BlockMirror">on</P>
    <P Name="LibraryVersion">4.1</P>
    <P Name="SourceBlock">simulink/Discrete/Discrete Derivative</P>
    <P Name="SourceType">Discrete Derivative</P>
    <InstanceData>
      <P Name="RTWMemSecFuncInitTerm">Inherit from model</P>
      <P Name="RTWMemSecFuncExecute">Inherit from model</P>
      <P Name="RTWMemSecDataConstants">Inherit from model</P>
      <P Name="RTWMemSecDataInternal">Inherit from model</P>
      <P Name="RTWMemSecDataParameters">Inherit from model</P>
      <P Name="ContentPreviewEnabled">on</P>
      <P Name="gainval">1.0</P>
      <P Name="ICPrevScaledInput">0.0</P>
      <P Name="InputProcessing">Elements as channels (sample based)</P>
      <P Name="OutMin">[]</P>
      <P Name="OutMax">[]</P>
      <P Name="OutDataTypeStr">Inherit: Inherit via internal rule</P>
      <P Name="OutputDataTypeScalingMode">Inherit via internal rule</P>
      <P Name="OutDataType">fixdt(1, 16)</P>
      <P Name="OutScaling">2^-10</P>
      <P Name="LockScale">off</P>
      <P Name="RndMeth">Floor</P>
      <P Name="DoSatur">off</P>
    </InstanceData>
    <PortProperties>
      <Port Type="out" Index="1">
        <P Name="Name">del_Disp2</P>
      </Port>
    </PortProperties>
  </Block>
  <Block BlockType="Reference" Name="Discrete Derivative3" SID="2514">
    <PortCounts in="1" out="1"/>
    <P Name="Position">[160, 197, 220, 233]</P>
    <P Name="ZOrder">11717</P>
    <P Name="BlockMirror">on</P>
    <P Name="LibraryVersion">4.1</P>
    <P Name="SourceBlock">simulink/Discrete/Discrete Derivative</P>
    <P Name="SourceType">Discrete Derivative</P>
    <InstanceData>
      <P Name="RTWMemSecFuncInitTerm">Inherit from model</P>
      <P Name="RTWMemSecFuncExecute">Inherit from model</P>
      <P Name="RTWMemSecDataConstants">Inherit from model</P>
      <P Name="RTWMemSecDataInternal">Inherit from model</P>
      <P Name="RTWMemSecDataParameters">Inherit from model</P>
      <P Name="ContentPreviewEnabled">on</P>
      <P Name="gainval">1.0</P>
      <P Name="ICPrevScaledInput">0.0</P>
      <P Name="InputProcessing">Elements as channels (sample based)</P>
      <P Name="OutMin">[]</P>
      <P Name="OutMax">[]</P>
      <P Name="OutDataTypeStr">Inherit: Inherit via internal rule</P>
      <P Name="OutputDataTypeScalingMode">Inherit via internal rule</P>
      <P Name="OutDataType">fixdt(1, 16)</P>
      <P Name="OutScaling">2^-10</P>
      <P Name="LockScale">off</P>
      <P Name="RndMeth">Floor</P>
      <P Name="DoSatur">off</P>
    </InstanceData>
    <PortProperties>
      <Port Type="out" Index="1">
        <P Name="Name">del_Disp3</P>
      </Port>
    </PortProperties>
  </Block>
  <Block BlockType="Scope" Name="Scope" SID="2519">
    <PortCounts in="2"/>
    <P Name="Position">[25, 261, 55, 294]</P>
    <P Name="ZOrder">11718</P>
    <P Name="BlockMirror">on</P>
    <P Name="ScopeSpecificationString">Simulink.scopes.TimeScopeBlockCfg(&apos;CurrentConfiguration&apos;, extmgr.ConfigurationSet(extmgr.Configuration(&apos;Core&apos;,&apos;General UI&apos;,true),extmgr.Configuration(&apos;Core&apos;,&apos;Source UI&apos;,true),extmgr.Configuration(&apos;Sources&apos;,&apos;WiredSimulink&apos;,true,&apos;DataLoggingVariableName&apos;,&apos;ScopeData3&apos;),extmgr.Configuration(&apos;Visuals&apos;,&apos;Time Domain&apos;,true,&apos;SerializedDisplays&apos;,{struct(&apos;MinYLimReal&apos;,&apos;-0.12122&apos;,&apos;MaxYLimReal&apos;,&apos;0.1367&apos;,&apos;YLabelReal&apos;,&apos;&apos;,&apos;MinYLimMag&apos;,&apos;0.00000&apos;,&apos;MaxYLimMag&apos;,&apos;0.1367&apos;,&apos;LegendVisibility&apos;,&apos;off&apos;,&apos;XGrid&apos;,true,&apos;YGrid&apos;,true,&apos;PlotMagPhase&apos;,false,&apos;AxesColor&apos;,[0 0 0],&apos;AxesTickColor&apos;,[0.686274509803922 0.686274509803922 0.686274509803922],&apos;ColorOrder&apos;,[1 1 0.0666666666666667;0.0745098039215686 0.623529411764706 1;1 0.411764705882353 0.16078431372549;0.392156862745098 0.831372549019608 0.0745098039215686;0.717647058823529 0.274509803921569 1;0.0588235294117647 1 1;1 0.0745098039215686 0.650980392156863],&apos;Title&apos;,&apos;%&lt;SignalLabel&gt;&apos;,&apos;LinePropertiesCache&apos;,{{}},&apos;UserDefinedChannelNames&apos;,{{}},&apos;NumLines&apos;,2,&apos;LineNames&apos;,{{&apos;In3&apos;,&apos;del_Disp3&apos;}},&apos;ShowContent&apos;,true,&apos;Placement&apos;,1)},&apos;DisplayPropertyDefaults&apos;,struct(&apos;MinYLimReal&apos;,&apos;-0.12122&apos;,&apos;MaxYLimReal&apos;,&apos;0.1367&apos;,&apos;YLabelReal&apos;,&apos;&apos;,&apos;MinYLimMag&apos;,&apos;0.00000&apos;,&apos;MaxYLimMag&apos;,&apos;0.1367&apos;,&apos;LegendVisibility&apos;,&apos;off&apos;,&apos;XGrid&apos;,true,&apos;YGrid&apos;,true,&apos;PlotMagPhase&apos;,false,&apos;AxesColor&apos;,[0 0 0],&apos;AxesTickColor&apos;,[0.686274509803922 0.686274509803922 0.686274509803922],&apos;ColorOrder&apos;,[1 1 0.0666666666666667;0.0745098039215686 0.623529411764706 1;1 0.411764705882353 0.16078431372549;0.392156862745098 0.831372549019608 0.0745098039215686;0.717647058823529 0.274509803921569 1;0.0588235294117647 1 1;1 0.0745098039215686 0.650980392156863],&apos;Title&apos;,&apos;%&lt;SignalLabel&gt;&apos;)),extmgr.Configuration(&apos;Tools&apos;,&apos;Plot Navigation&apos;,true,&apos;OnceAtStop&apos;,false,&apos;PreviousAutoscale&apos;,&apos;XY&apos;),extmgr.Configuration(&apos;Tools&apos;,&apos;Measurements&apos;,true,&apos;Version&apos;,&apos;2023a&apos;)),&apos;Version&apos;,&apos;2023a&apos;,&apos;Position&apos;,[1.8 41.8 766.4 328.8])</P>
    <P Name="NumInputPorts">2</P>
    <P Name="Floating">off</P>
  </Block>
  <Block BlockType="Scope" Name="Scope1" SID="2520">
    <PortCounts in="2"/>
    <P Name="Position">[25, 151, 55, 184]</P>
    <P Name="ZOrder">11719</P>
    <P Name="BlockMirror">on</P>
    <P Name="ScopeSpecificationString">Simulink.scopes.TimeScopeBlockCfg(&apos;CurrentConfiguration&apos;, extmgr.ConfigurationSet(extmgr.Configuration(&apos;Core&apos;,&apos;General UI&apos;,true),extmgr.Configuration(&apos;Core&apos;,&apos;Source UI&apos;,true),extmgr.Configuration(&apos;Sources&apos;,&apos;WiredSimulink&apos;,true,&apos;DataLoggingVariableName&apos;,&apos;ScopeData4&apos;),extmgr.Configuration(&apos;Visuals&apos;,&apos;Time Domain&apos;,true,&apos;SerializedDisplays&apos;,{struct(&apos;MinYLimReal&apos;,&apos;0.00923&apos;,&apos;MaxYLimReal&apos;,&apos;0.06048&apos;,&apos;YLabelReal&apos;,&apos;&apos;,&apos;MinYLimMag&apos;,&apos;0.00923&apos;,&apos;MaxYLimMag&apos;,&apos;0.06048&apos;,&apos;LegendVisibility&apos;,&apos;off&apos;,&apos;XGrid&apos;,true,&apos;YGrid&apos;,true,&apos;PlotMagPhase&apos;,false,&apos;AxesColor&apos;,[0 0 0],&apos;AxesTickColor&apos;,[0.686274509803922 0.686274509803922 0.686274509803922],&apos;ColorOrder&apos;,[1 1 0.0666666666666667;0.0745098039215686 0.623529411764706 1;1 0.411764705882353 0.16078431372549;0.392156862745098 0.831372549019608 0.0745098039215686;0.717647058823529 0.274509803921569 1;0.0588235294117647 1 1;1 0.0745098039215686 0.650980392156863],&apos;Title&apos;,&apos;%&lt;SignalLabel&gt;&apos;,&apos;LinePropertiesCache&apos;,{{}},&apos;UserDefinedChannelNames&apos;,{{}},&apos;NumLines&apos;,1,&apos;LineNames&apos;,{{&apos;In2&apos;}},&apos;ShowContent&apos;,true,&apos;Placement&apos;,1),struct(&apos;MinYLimReal&apos;,&apos;-0.000044&apos;,&apos;MaxYLimReal&apos;,&apos;0.000036&apos;,&apos;YLabelReal&apos;,&apos;&apos;,&apos;MinYLimMag&apos;,&apos;0.00000&apos;,&apos;MaxYLimMag&apos;,&apos;0.0513&apos;,&apos;LegendVisibility&apos;,&apos;off&apos;,&apos;XGrid&apos;,true,&apos;YGrid&apos;,true,&apos;PlotMagPhase&apos;,false,&apos;AxesColor&apos;,[0 0 0],&apos;AxesTickColor&apos;,[0.686274509803922 0.686274509803922 0.686274509803922],&apos;ColorOrder&apos;,[1 1 0.0666666666666667;0.0745098039215686 0.623529411764706 1;1 0.411764705882353 0.16078431372549;0.392156862745098 0.831372549019608 0.0745098039215686;0.717647058823529 0.274509803921569 1;0.0588235294117647 1 1;1 0.0745098039215686 0.650980392156863],&apos;Title&apos;,&apos;%&lt;SignalLabel&gt;&apos;,&apos;LinePropertiesCache&apos;,{{}},&apos;UserDefinedChannelNames&apos;,{{}},&apos;NumLines&apos;,1,&apos;LineNames&apos;,{{&apos;del_Disp2&apos;}},&apos;ShowContent&apos;,true,&apos;Placement&apos;,2)},&apos;DisplayPropertyDefaults&apos;,struct(&apos;YLabelReal&apos;,&apos;&apos;,&apos;LegendVisibility&apos;,&apos;off&apos;,&apos;XGrid&apos;,true,&apos;YGrid&apos;,true,&apos;PlotMagPhase&apos;,false,&apos;AxesColor&apos;,[0 0 0],&apos;AxesTickColor&apos;,[0.686274509803922 0.686274509803922 0.686274509803922],&apos;ColorOrder&apos;,[0.0745098039215686 0.623529411764706 1;1 0.411764705882353 0.16078431372549;1 1 0.0666666666666667;0.717647058823529 0.274509803921569 1;0.392156862745098 0.831372549019608 0.0745098039215686;0.0588235294117647 1 1;1 0.0745098039215686 0.650980392156863]),&apos;DisplayLayoutDimensions&apos;,[2 1]),extmgr.Configuration(&apos;Tools&apos;,&apos;Plot Navigation&apos;,true,&apos;PreviousAutoscale&apos;,&apos;XY&apos;,&apos;OnceAtStop&apos;,false,&apos;PreviousZoomMode&apos;,&apos;ZoomY&apos;),extmgr.Configuration(&apos;Tools&apos;,&apos;Measurements&apos;,true,&apos;Measurements&apos;,struct(&apos;traceselector&apos;,struct(&apos;Line&apos;,2),&apos;tcursors&apos;,struct(&apos;XCoordinates&apos;,[20.107 9.89755452742895],&apos;YCoordinates&apos;,[1.37779882583213e-05 1.29029199793845e-05],&apos;CursorChannels&apos;,[2 2],&apos;WaveformCursors&apos;,true,&apos;ShowHorizontal&apos;,false,&apos;ShowVertical&apos;,true,&apos;LockCursorSpacing&apos;,false,&apos;SnapToData&apos;,false,&apos;SettingsPanelOpen&apos;,0,&apos;MeasurementsPanelOpen&apos;,1)),&apos;Version&apos;,&apos;2023a&apos;)),&apos;Version&apos;,&apos;2023a&apos;,&apos;Position&apos;,[1 41 1536 748.8])</P>
    <P Name="NumInputPorts">2</P>
    <P Name="Floating">off</P>
  </Block>
  <Block BlockType="Outport" Name="del_Disp1" SID="2368">
    <P Name="Position">[20, 33, 50, 47]</P>
    <P Name="ZOrder">11702</P>
    <P Name="BlockMirror">on</P>
  </Block>
  <Block BlockType="Outport" Name="del_Disp2" SID="2369">
    <P Name="Position">[20, 113, 50, 127]</P>
    <P Name="ZOrder">11703</P>
    <P Name="BlockMirror">on</P>
    <P Name="Port">2</P>
  </Block>
  <Block BlockType="Outport" Name="del_Disp3" SID="2370">
    <P Name="Position">[25, 208, 55, 222]</P>
    <P Name="ZOrder">11704</P>
    <P Name="BlockMirror">on</P>
    <P Name="Port">3</P>
  </Block>
  <Line>
    <P Name="Name">del_Disp2</P>
    <P Name="ZOrder">1354</P>
    <P Name="Labels">[0, 0]</P>
    <P Name="Src">2521#out:1</P>
    <P Name="Points">[-60, 0]</P>
    <Branch>
      <P Name="ZOrder">1341</P>
      <P Name="Points">[0, 55]</P>
      <P Name="Dst">2520#in:2</P>
    </Branch>
    <Branch>
      <P Name="ZOrder">1340</P>
      <P Name="Dst">2369#in:1</P>
    </Branch>
  </Line>
  <Line>
    <P Name="ZOrder">1331</P>
    <P Name="Src">2366#out:1</P>
    <P Name="Points">[-18, 0]</P>
    <Branch>
      <P Name="ZOrder">1350</P>
      <P Name="Dst">2521#in:1</P>
    </Branch>
    <Branch>
      <P Name="ZOrder">1349</P>
      <P Name="Points">[0, 40]</P>
      <P Name="Dst">2520#in:1</P>
    </Branch>
  </Line>
  <Line>
    <P Name="ZOrder">1333</P>
    <P Name="Src">2367#out:1</P>
    <P Name="Points">[-24, 0]</P>
    <Branch>
      <P Name="ZOrder">1337</P>
      <P Name="Points">[0, 55]</P>
      <P Name="Dst">2519#in:1</P>
    </Branch>
    <Branch>
      <P Name="ZOrder">1336</P>
      <P Name="Dst">2514#in:1</P>
    </Branch>
  </Line>
  <Line>
    <P Name="Name">del_Disp3</P>
    <P Name="ZOrder">1355</P>
    <P Name="Labels">[0, 0]</P>
    <P Name="Src">2514#out:1</P>
    <P Name="Points">[-63, 0]</P>
    <Branch>
      <P Name="ZOrder">1335</P>
      <P Name="Points">[0, 70]</P>
      <P Name="Dst">2519#in:2</P>
    </Branch>
    <Branch>
      <P Name="ZOrder">1334</P>
      <P Name="Dst">2370#in:1</P>
    </Branch>
  </Line>
  <Line>
    <P Name="ZOrder">1329</P>
    <P Name="Src">2365#out:1</P>
    <P Name="Dst">2512#in:1</P>
  </Line>
  <Line>
    <P Name="ZOrder">1356</P>
    <P Name="Src">2512#out:1</P>
    <P Name="Dst">2368#in:1</P>
  </Line>
</System>
