<?xml version="1.0" encoding="utf-8"?>
<System>
  <P Name="Location">[21, 14, 874, 552]</P>
  <Block BlockType="SubSystem" Name="Hex_Bolt_M10_1_RIGID" SID="422">
    <PortCounts lconn="1"/>
    <P Name="Position">[150, 95, 190, 135]</P>
    <P Name="ZOrder">4</P>
    <Mask>
      <Display/>
    </Mask>
    <System Ref="system_422"/>
  </Block>
  <Block BlockType="SubSystem" Name="Washer_1_RIGID" SID="445">
    <PortCounts lconn="1"/>
    <P Name="Position">[155, 20, 195, 60]</P>
    <P Name="ZOrder">27</P>
    <Mask>
      <Display/>
    </Mask>
    <System Ref="system_445"/>
  </Block>
  <Block BlockType="PMIOPort" Name="B" SID="1249">
    <P Name="Position">[25, 73, 55, 87]</P>
    <P Name="ZOrder">28</P>
    <P Name="Side">Left</P>
  </Block>
  <Line LineType="Connection">
    <P Name="ZOrder">11</P>
    <P Name="Src">1249#rconn:1</P>
    <P Name="Points">[41, 0]</P>
    <Branch ConnectType="DEST_SRC">
      <P Name="Points">[0, -40]</P>
      <P Name="Dst">445#lconn:1</P>
    </Branch>
    <Branch ConnectType="DEST_SRC">
      <P Name="Points">[0, 35]</P>
      <P Name="Dst">422#lconn:1</P>
    </Branch>
  </Line>
</System>
