<?xml version="1.0" encoding="utf-8"?>
<System>
  <P Name="Location">[5, 6, 819, 525]</P>
  <Block BlockType="Inport" Name="V_i" SID="2347:1445">
    <P Name="Position">[-205, -117, -175, -103]</P>
    <P Name="ZOrder">-1</P>
  </Block>
  <Block BlockType="Inport" Name="V_iref" SID="2347:1446">
    <P Name="Position">[-205, -62, -175, -48]</P>
    <P Name="ZOrder">-2</P>
    <P Name="Port">2</P>
  </Block>
  <Block BlockType="TransferFcn" Name="20Hz Lowpass Filter" SID="2347:1447">
    <P Name="Position">[-145, -128, -50, -92]</P>
    <P Name="ZOrder">-3</P>
    <P Name="Denominator">[1/(2*pi*20) 1]</P>
  </Block>
  <Block BlockType="Abs" Name="Abs" SID="2347:1448">
    <P Name="Position">[200, -70, 230, -40]</P>
    <P Name="ZOrder">-4</P>
    <P Name="ZeroCross">off</P>
    <P Name="SaturateOnIntegerOverflow">off</P>
  </Block>
  <Block BlockType="Fcn" Name="Fcn" SID="2347:1449">
    <P Name="Position">[200, -142, 245, -118]</P>
    <P Name="ZOrder">-5</P>
    <P Name="Expr">u(1)&lt;0</P>
  </Block>
  <Block BlockType="Gain" Name="Ki" SID="2347:1450">
    <P Name="Position">[40, -125, 70, -95]</P>
    <P Name="ZOrder">-7</P>
    <P Name="Gain">30*0.1</P>
  </Block>
  <Block BlockType="Gain" Name="Kp" SID="2347:1451">
    <P Name="Position">[40, -70, 70, -40]</P>
    <P Name="ZOrder">-8</P>
    <P Name="Gain">1*5*2</P>
  </Block>
  <Block BlockType="Gain" Name="Logic&#xA;threshold" SID="2347:1452">
    <P Name="Position">[270, -146, 305, -114]</P>
    <P Name="ZOrder">-9</P>
    <P Name="Gain">5</P>
  </Block>
  <Block BlockType="SubSystem" Name="SL2V_1" SID="2347:1453">
    <PortCounts in="1" rconn="1"/>
    <P Name="Position">[330, -70, 360, -40]</P>
    <P Name="ZOrder">-10</P>
    <System Ref="system_2347_1453"/>
  </Block>
  <Block BlockType="SubSystem" Name="SL2V_2" SID="2347:1459">
    <PortCounts in="1" rconn="1"/>
    <P Name="Position">[330, -145, 360, -115]</P>
    <P Name="ZOrder">-11</P>
    <System Ref="system_2347_1459"/>
  </Block>
  <Block BlockType="Sum" Name="Sum" SID="2347:1465">
    <PortCounts in="2" out="1"/>
    <P Name="Position">[-25, -65, -5, -45]</P>
    <P Name="ZOrder">-12</P>
    <P Name="ShowName">off</P>
    <P Name="Inputs">-+|</P>
  </Block>
  <Block BlockType="Sum" Name="Sum1" SID="2347:1466">
    <PortCounts in="2" out="1"/>
    <P Name="Position">[140, -65, 160, -45]</P>
    <P Name="ZOrder">-13</P>
    <P Name="ShowName">off</P>
    <P Name="Inputs">++|</P>
  </Block>
  <Block BlockType="Integrator" Name="[-5,5]" SID="2347:1467">
    <PortCounts in="1" out="1"/>
    <P Name="Position">[95, -125, 125, -95]</P>
    <P Name="ZOrder">-14</P>
    <P Name="LimitOutput">on</P>
    <P Name="UpperSaturationLimit">5</P>
    <P Name="LowerSaturationLimit">-5</P>
  </Block>
  <Block BlockType="Saturate" Name="[0,5]" SID="2347:1468">
    <P Name="Position">[270, -70, 300, -40]</P>
    <P Name="ZOrder">-15</P>
    <P Name="UpperLimit">5</P>
    <P Name="LowerLimit">0</P>
  </Block>
  <Block BlockType="PMIOPort" Name="Vr" SID="2347:1469">
    <P Name="Position">[385, -62, 415, -48]</P>
    <P Name="ZOrder">-16</P>
    <P Name="BlockMirror">on</P>
    <P Name="Side">Right</P>
  </Block>
  <Block BlockType="PMIOPort" Name="REV" SID="2347:1470">
    <P Name="Position">[385, -137, 415, -123]</P>
    <P Name="ZOrder">-17</P>
    <P Name="BlockMirror">on</P>
    <P Name="Port">2</P>
    <P Name="Side">Right</P>
  </Block>
  <Line LineType="Connection">
    <P Name="ZOrder">1</P>
    <P Name="Src">2347:1459#rconn:1</P>
    <P Name="Dst">2347:1470#rconn:1</P>
  </Line>
  <Line LineType="Connection">
    <P Name="ZOrder">2</P>
    <P Name="Src">2347:1453#rconn:1</P>
    <P Name="Dst">2347:1469#rconn:1</P>
  </Line>
  <Line>
    <P Name="ZOrder">3</P>
    <P Name="Src">2347:1468#out:1</P>
    <P Name="Dst">2347:1453#in:1</P>
  </Line>
  <Line>
    <P Name="ZOrder">4</P>
    <P Name="Src">2347:1452#out:1</P>
    <P Name="Dst">2347:1459#in:1</P>
  </Line>
  <Line>
    <P Name="ZOrder">5</P>
    <P Name="Src">2347:1449#out:1</P>
    <P Name="Dst">2347:1452#in:1</P>
  </Line>
  <Line>
    <P Name="ZOrder">6</P>
    <P Name="Src">2347:1448#out:1</P>
    <P Name="Dst">2347:1468#in:1</P>
  </Line>
  <Line>
    <P Name="ZOrder">7</P>
    <P Name="Src">2347:1447#out:1</P>
    <P Name="Points">[30, 0]</P>
    <P Name="Dst">2347:1465#in:1</P>
  </Line>
  <Line>
    <P Name="ZOrder">8</P>
    <P Name="Src">2347:1467#out:1</P>
    <P Name="Points">[20, 0]</P>
    <P Name="Dst">2347:1466#in:1</P>
  </Line>
  <Line>
    <P Name="ZOrder">9</P>
    <P Name="Src">2347:1451#out:1</P>
    <P Name="Dst">2347:1466#in:2</P>
  </Line>
  <Line>
    <P Name="ZOrder">10</P>
    <P Name="Src">2347:1450#out:1</P>
    <P Name="Dst">2347:1467#in:1</P>
  </Line>
  <Line>
    <P Name="ZOrder">11</P>
    <P Name="Src">2347:1465#out:1</P>
    <P Name="Points">[10, 0]</P>
    <Branch>
      <P Name="ZOrder">12</P>
      <P Name="Dst">2347:1451#in:1</P>
    </Branch>
    <Branch>
      <P Name="ZOrder">13</P>
      <P Name="Points">[0, -55]</P>
      <P Name="Dst">2347:1450#in:1</P>
    </Branch>
  </Line>
  <Line>
    <P Name="ZOrder">14</P>
    <P Name="Src">2347:1466#out:1</P>
    <P Name="Points">[12, 0]</P>
    <Branch>
      <P Name="ZOrder">15</P>
      <P Name="Points">[0, -75]</P>
      <P Name="Dst">2347:1449#in:1</P>
    </Branch>
    <Branch>
      <P Name="ZOrder">16</P>
      <P Name="Dst">2347:1448#in:1</P>
    </Branch>
  </Line>
  <Line>
    <P Name="ZOrder">17</P>
    <P Name="Src">2347:1446#out:1</P>
    <P Name="Dst">2347:1465#in:2</P>
  </Line>
  <Line>
    <P Name="ZOrder">18</P>
    <P Name="Src">2347:1445#out:1</P>
    <P Name="Dst">2347:1447#in:1</P>
  </Line>
</System>
