<?xml version="1.0" encoding="utf-8"?>
<System>
  <P Name="Location">[-1, -7, 1537, 825]</P>
  <P Name="Open">on</P>
  <P Name="ZoomFactor">109</P>
  <P Name="SIDHighWatermark">1350</P>
  <P Name="SIDPrevWatermark">1315</P>
  <Block BlockType="Inport" Name="Err" SID="1923:871">
    <P Name="Position">[-180, 58, -150, 72]</P>
    <P Name="ZOrder">11625</P>
  </Block>
  <Block BlockType="Reference" Name="Bearing Friction" SID="1923:1310">
    <PortCounts lconn="1" rconn="1"/>
    <P Name="Position">[305, -114, 345, -86]</P>
    <P Name="ZOrder">11634</P>
    <P Name="NameLocation">top</P>
    <P Name="HideAutomaticName">off</P>
    <P Name="LibraryVersion">10007000.1</P>
    <P Name="SourceBlock">sdl_lib/Couplings &amp; Drives/Springs &amp; Dampers/Rotational Damper</P>
    <P Name="SourceType">Rotational Damper</P>
    <InstanceData>
      <P Name="LogSimulationData">off</P>
      <P Name="SourceFile">sdl.couplings.springs.rot_damper</P>
      <P Name="InternalSimscapePortConfiguration">{&quot;Bottom&quot;:[],&quot;Left&quot;:[{&quot;id&quot;:&quot;R&quot;,&quot;label&quot;:&quot;R&quot;,&quot;type&quot;:&quot;foundation.mechanical.rotational.rotational&quot;}],&quot;Right&quot;:[{&quot;id&quot;:&quot;C&quot;,&quot;label&quot;:&quot;C&quot;,&quot;type&quot;:&quot;foundation.mechanical.rotational.rotational&quot;}],&quot;Top&quot;:[]}</P>
      <P Name="SscBlockScalableBuild">off</P>
      <P Name="ComponentPath">sdl.couplings.springs.rot_damper</P>
      <P Name="ComponentVariants">[&quot;sdl.couplings.springs.rot_damper&quot;]</P>
      <P Name="ComponentVariantNames">[&quot;rot_damper&quot;]</P>
      <P Name="ClassName">rot_damper</P>
      <P Name="SchemaVersion">1</P>
      <P Name="D">motor_friction</P>
      <P Name="D_unit">N*m/(rad/s)</P>
      <P Name="D_conf">runtime</P>
      <P Name="enable_faults">simscape.enum.onoff.off</P>
      <P Name="enable_faults_unit">1</P>
      <P Name="enable_faults_conf">compiletime</P>
      <P Name="b_fault">100</P>
      <P Name="b_fault_unit">N*m/(rad/s)</P>
      <P Name="b_fault_conf">compiletime</P>
      <P Name="temporal_fault">simscape.enum.onoff.on</P>
      <P Name="temporal_fault_unit">1</P>
      <P Name="temporal_fault_conf">compiletime</P>
      <P Name="fault_time">25</P>
      <P Name="fault_time_unit">s</P>
      <P Name="fault_time_conf">compiletime</P>
      <P Name="shock_fault">simscape.enum.onoff.off</P>
      <P Name="shock_fault_unit">1</P>
      <P Name="shock_fault_conf">compiletime</P>
      <P Name="acceleration_limit">100</P>
      <P Name="acceleration_limit_unit">rad/s^2</P>
      <P Name="acceleration_limit_conf">compiletime</P>
      <P Name="shock_limit">1</P>
      <P Name="shock_limit_unit">1</P>
      <P Name="shock_limit_conf">compiletime</P>
      <P Name="report_fault">(1)-1</P>
      <P Name="report_fault_unit">1</P>
      <P Name="report_fault_conf">compiletime</P>
      <P Name="thermal_port">simscape.enum.thermaleffects.omit</P>
      <P Name="thermal_port_unit">1</P>
      <P Name="thermal_port_conf">compiletime</P>
      <P Name="thermal_mass">50</P>
      <P Name="thermal_mass_unit">kJ/K</P>
      <P Name="thermal_mass_conf">compiletime</P>
      <P Name="temperature_specify">off</P>
      <P Name="temperature_priority">High</P>
      <P Name="temperature">300</P>
      <P Name="temperature_unit">K</P>
      <P Name="temperature_nominal_specify">off</P>
      <P Name="temperature_nominal_unit">K</P>
      <P Name="temperature_nominal_value">1</P>
    </InstanceData>
  </Block>
  <Block BlockType="Constant" Name="Constant" SID="1923:1344">
    <P Name="Position">[535, 105, 565, 135]</P>
    <P Name="ZOrder">100000</P>
    <P Name="BlockMirror">on</P>
    <P Name="NameLocation">top</P>
    <P Name="Value">0</P>
  </Block>
  <Block BlockType="Constant" Name="Constant1" SID="1923:1345">
    <P Name="Position">[535, 55, 565, 85]</P>
    <P Name="ZOrder">100000</P>
    <P Name="BlockMirror">on</P>
    <P Name="NameLocation">top</P>
  </Block>
  <Block BlockType="SubSystem" Name="Control" SID="1923:1039">
    <PortCounts in="1" lconn="2" rconn="2"/>
    <P Name="Position">[-100, 49, 85, 131]</P>
    <P Name="ZOrder">11631</P>
    <P Name="AttributesFormatString">%&lt;ActiveVariant&gt;</P>
    <P Name="Variant">on</P>
    <P Name="VariantControlMode">label</P>
    <P Name="VariantControl">Simulink</P>
    <P Name="LabelModeActiveChoice">Simulink</P>
    <Mask>
      <Display IconOpaque="opaque-with-ports" RunInitForIconRedraw="off" IconRotate="port" PortRotate="physical">blk = sm_aileron_activeVariantBlock(gcb);
eval(get_param(blk, &apos;MaskDisplay&apos;));</Display>
    </Mask>
    <System Ref="system_1923_1039"/>
  </Block>
  <Block BlockType="SubSystem" Name="Current&#xA;Sensor" SID="1923:1204">
    <PortCounts lconn="2" rconn="1"/>
    <P Name="Position">[251, -10, 284, 10]</P>
    <P Name="ZOrder">11614</P>
    <P Name="BlockRotation">270</P>
    <P Name="BlockMirror">on</P>
    <P Name="NameLocation">top</P>
    <System Ref="system_1923_1204"/>
  </Block>
  <Block BlockType="Reference" Name="DC Motor" SID="1923:1212">
    <PortCounts lconn="2" rconn="2"/>
    <P Name="Position">[300, -85, 350, -5]</P>
    <P Name="ZOrder">11607</P>
    <P Name="BlockRotation">180</P>
    <P Name="BlockMirror">on</P>
    <P Name="HideAutomaticName">off</P>
    <P Name="LibraryVersion">10007000.3</P>
    <P Name="SourceBlock">ee_lib/Electromechanical/Brushed Motors/DC Motor</P>
    <P Name="SourceType">DC Motor</P>
    <InstanceData>
      <P Name="LogSimulationData">off</P>
      <P Name="SourceFile">ee.electromech.brushed.dc_motor</P>
      <P Name="InternalSimscapePortConfiguration">{&quot;Bottom&quot;:[],&quot;Left&quot;:[{&quot;id&quot;:&quot;p&quot;,&quot;label&quot;:&quot;+&quot;,&quot;type&quot;:&quot;foundation.electrical.electrical&quot;},{&quot;id&quot;:&quot;R&quot;,&quot;label&quot;:&quot;R&quot;,&quot;type&quot;:&quot;foundation.mechanical.rotational.rotational&quot;}],&quot;Right&quot;:[{&quot;id&quot;:&quot;n&quot;,&quot;label&quot;:&quot;-&quot;,&quot;type&quot;:&quot;foundation.electrical.electrical&quot;},{&quot;id&quot;:&quot;C&quot;,&quot;label&quot;:&quot;C&quot;,&quot;type&quot;:&quot;foundation.mechanical.rotational.rotational&quot;}],&quot;Top&quot;:[]}</P>
      <P Name="SscBlockScalableBuild">off</P>
      <P Name="ComponentPath">ee.electromech.brushed.dc_motor</P>
      <P Name="ComponentVariants">[&quot;ee.electromech.brushed.dc_motor&quot;,&quot;ee.electromech.brushed.dc_motor_thermal&quot;]</P>
      <P Name="ComponentVariantNames">[&quot;physmod:ee:library:comments:electromech:brushed:dc_motor_sscx:noThermalPort&quot;,&quot;physmod:ee:library:comments:electromech:brushed:dc_motor_sscx:showThermalPort&quot;]</P>
      <P Name="ClassName">Simscape variant</P>
      <P Name="SchemaVersion">1</P>
      <P Name="field_option">ee.enum.field_option.pm</P>
      <P Name="field_option_unit">1</P>
      <P Name="field_option_conf">compiletime</P>
      <P Name="Rf">100</P>
      <P Name="Rf_unit">Ohm</P>
      <P Name="Rf_conf">compiletime</P>
      <P Name="Lf">1</P>
      <P Name="Lf_unit">H</P>
      <P Name="Lf_conf">compiletime</P>
      <P Name="Laf">0.15</P>
      <P Name="Laf_unit">H</P>
      <P Name="Laf_conf">compiletime</P>
      <P Name="If0">0</P>
      <P Name="If0_unit">A</P>
      <P Name="If0_conf">compiletime</P>
      <P Name="parameterization">1</P>
      <P Name="parameterization_unit">1</P>
      <P Name="parameterization_conf">compiletime</P>
      <P Name="Ra">3.9</P>
      <P Name="Ra_unit">Ohm</P>
      <P Name="Ra_conf">compiletime</P>
      <P Name="La">12e-6</P>
      <P Name="La_unit">H</P>
      <P Name="La_conf">compiletime</P>
      <P Name="emf_or_torque">1</P>
      <P Name="emf_or_torque_unit">1</P>
      <P Name="emf_or_torque_conf">compiletime</P>
      <P Name="Kv">AAC_Param.Act.El.motk</P>
      <P Name="Kv_unit">V/rpm</P>
      <P Name="Kv_conf">compiletime</P>
      <P Name="Ki">6.876e-4</P>
      <P Name="Ki_unit">N*m/A</P>
      <P Name="Ki_conf">compiletime</P>
      <P Name="T_stall">0.24e-3</P>
      <P Name="T_stall_unit">N*m</P>
      <P Name="T_stall_conf">compiletime</P>
      <P Name="w_max">19100</P>
      <P Name="w_max_unit">rpm</P>
      <P Name="w_max_conf">compiletime</P>
      <P Name="w_rated">15000</P>
      <P Name="w_rated_unit">rpm</P>
      <P Name="w_rated_conf">compiletime</P>
      <P Name="P_rated">0.08</P>
      <P Name="P_rated_unit">W</P>
      <P Name="P_rated_conf">compiletime</P>
      <P Name="V_rated">1.5</P>
      <P Name="V_rated_unit">V</P>
      <P Name="V_rated_conf">compiletime</P>
      <P Name="lam_param">1</P>
      <P Name="lam_param_unit">1</P>
      <P Name="lam_param_conf">compiletime</P>
      <P Name="i_noload">0</P>
      <P Name="i_noload_unit">A</P>
      <P Name="i_noload_conf">compiletime</P>
      <P Name="V_i_noload">1.5</P>
      <P Name="V_i_noload_unit">V</P>
      <P Name="V_i_noload_conf">compiletime</P>
      <P Name="J">0.01</P>
      <P Name="J_unit">g*cm^2</P>
      <P Name="J_conf">compiletime</P>
      <P Name="lam">0</P>
      <P Name="lam_unit">N*m/(rad/s)</P>
      <P Name="lam_conf">compiletime</P>
      <P Name="speed0">0</P>
      <P Name="speed0_unit">rpm</P>
      <P Name="speed0_conf">compiletime</P>
      <P Name="enable_fault_armature">simscape.enum.onoff.off</P>
      <P Name="enable_fault_armature_unit">1</P>
      <P Name="enable_fault_armature_conf">compiletime</P>
      <P Name="rev_faulted">1 / 3</P>
      <P Name="rev_faulted_unit">1</P>
      <P Name="rev_faulted_conf">compiletime</P>
      <P Name="G_faulted_armature">1e-5</P>
      <P Name="G_faulted_armature_unit">S</P>
      <P Name="G_faulted_armature_conf">compiletime</P>
      <P Name="fault_trigger_armature">ee.enum.faults.faultTrigger.temporal</P>
      <P Name="fault_trigger_armature_unit">1</P>
      <P Name="fault_trigger_armature_conf">compiletime</P>
      <P Name="t_fault_armature">1</P>
      <P Name="t_fault_armature_unit">s</P>
      <P Name="t_fault_armature_conf">compiletime</P>
      <P Name="max_permissible_current_armature">inf</P>
      <P Name="max_permissible_current_armature_unit">A</P>
      <P Name="max_permissible_current_armature_conf">compiletime</P>
      <P Name="t_fail_on_current_armature">1</P>
      <P Name="t_fail_on_current_armature_unit">s</P>
      <P Name="t_fail_on_current_armature_conf">compiletime</P>
      <P Name="enable_fault_field">simscape.enum.onoff.off</P>
      <P Name="enable_fault_field_unit">1</P>
      <P Name="enable_fault_field_conf">compiletime</P>
      <P Name="G_faulted_field">1e-5</P>
      <P Name="G_faulted_field_unit">S</P>
      <P Name="G_faulted_field_conf">compiletime</P>
      <P Name="fault_trigger_field">ee.enum.faults.faultTrigger.temporal</P>
      <P Name="fault_trigger_field_unit">1</P>
      <P Name="fault_trigger_field_conf">compiletime</P>
      <P Name="t_fault_field">1</P>
      <P Name="t_fault_field_unit">s</P>
      <P Name="t_fault_field_conf">compiletime</P>
      <P Name="max_permissible_current_field">inf</P>
      <P Name="max_permissible_current_field_unit">A</P>
      <P Name="max_permissible_current_field_conf">compiletime</P>
      <P Name="t_fail_on_current_field">1</P>
      <P Name="t_fail_on_current_field_unit">s</P>
      <P Name="t_fail_on_current_field_conf">compiletime</P>
      <P Name="fault_action">simscape.enum.assert.action.none</P>
      <P Name="fault_action_unit">1</P>
      <P Name="fault_action_conf">compiletime</P>
      <P Name="alpha">3.93e-3</P>
      <P Name="alpha_unit">1/K</P>
      <P Name="alpha_conf">compiletime</P>
      <P Name="Tmeas">25</P>
      <P Name="Tmeas_unit">degC</P>
      <P Name="Tmeas_conf">compiletime</P>
      <P Name="thermal_mass">100</P>
      <P Name="thermal_mass_unit">J/K</P>
      <P Name="thermal_mass_conf">compiletime</P>
      <P Name="initial_temperature">25</P>
      <P Name="initial_temperature_unit">degC</P>
      <P Name="initial_temperature_conf">compiletime</P>
    </InstanceData>
  </Block>
  <Block BlockType="Delay" Name="Delay" SID="1923:1346">
    <PortCounts in="1" out="1"/>
    <P Name="Position">[410, 78, 445, 112]</P>
    <P Name="ZOrder">100000</P>
    <P Name="BlockMirror">on</P>
    <P Name="NameLocation">top</P>
    <P Name="InputPortMap">u0</P>
    <P Name="DelayLength">1</P>
  </Block>
  <Block BlockType="Reference" Name="Electrical Reference" SID="1923:1213">
    <PortCounts lconn="1"/>
    <P Name="Position">[225, 130, 245, 150]</P>
    <P Name="ZOrder">11622</P>
    <P Name="BlockRotation">270</P>
    <P Name="BlockMirror">on</P>
    <P Name="NameLocation">right</P>
    <P Name="LibraryVersion">10007000.1</P>
    <P Name="SourceBlock">fl_lib/Electrical/Electrical Elements/Electrical Reference</P>
    <P Name="SourceType">Electrical Reference</P>
    <InstanceData>
      <P Name="LogSimulationData">off</P>
      <P Name="SourceFile">foundation.electrical.elements.reference</P>
      <P Name="InternalSimscapePortConfiguration">{&quot;Bottom&quot;:[],&quot;Left&quot;:[{&quot;id&quot;:&quot;V&quot;,&quot;label&quot;:&quot;&quot;,&quot;type&quot;:&quot;foundation.electrical.electrical&quot;}],&quot;Right&quot;:[],&quot;Top&quot;:[]}</P>
      <P Name="SscBlockScalableBuild">off</P>
      <P Name="ComponentPath">foundation.electrical.elements.reference</P>
      <P Name="ComponentVariants">foundation.electrical.elements.reference</P>
      <P Name="ComponentVariantNames">reference</P>
      <P Name="ClassName">reference</P>
      <P Name="SchemaVersion">1</P>
    </InstanceData>
  </Block>
  <Block BlockType="Reference" Name="Gear Box" SID="1923:1214">
    <PortCounts lconn="1" rconn="1"/>
    <P Name="Position">[155, -85, 195, -45]</P>
    <P Name="ZOrder">11608</P>
    <P Name="BlockMirror">on</P>
    <P Name="HideAutomaticName">off</P>
    <P Name="LibraryVersion">10007000.1</P>
    <P Name="SourceBlock">fl_lib/Mechanical/Mechanisms/Gear Box</P>
    <P Name="SourceType">Gear Box</P>
    <InstanceData>
      <P Name="LogSimulationData">off</P>
      <P Name="SourceFile">foundation.mechanical.mechanisms.gear_box</P>
      <P Name="InternalSimscapePortConfiguration">{&quot;Bottom&quot;:[],&quot;Left&quot;:[{&quot;id&quot;:&quot;S&quot;,&quot;label&quot;:&quot;S&quot;,&quot;type&quot;:&quot;foundation.mechanical.rotational.rotational&quot;}],&quot;Right&quot;:[{&quot;id&quot;:&quot;O&quot;,&quot;label&quot;:&quot;O&quot;,&quot;type&quot;:&quot;foundation.mechanical.rotational.rotational&quot;}],&quot;Top&quot;:[]}</P>
      <P Name="SscBlockScalableBuild">off</P>
      <P Name="ComponentPath">foundation.mechanical.mechanisms.gear_box</P>
      <P Name="ComponentVariants">foundation.mechanical.mechanisms.gear_box</P>
      <P Name="ComponentVariantNames">gear_box</P>
      <P Name="ClassName">gear_box</P>
      <P Name="SchemaVersion">1</P>
      <P Name="ratio">motor_gear_ratio</P>
      <P Name="ratio_unit">1</P>
      <P Name="ratio_conf">compiletime</P>
      <P Name="t_in_specify">off</P>
      <P Name="t_in_priority">None</P>
      <P Name="t_in">0</P>
      <P Name="t_in_unit">N*m</P>
      <P Name="t_in_nominal_specify">off</P>
      <P Name="t_in_nominal_unit">N*m</P>
      <P Name="t_in_nominal_value">1</P>
      <P Name="t_out_specify">off</P>
      <P Name="t_out_priority">None</P>
      <P Name="t_out">0</P>
      <P Name="t_out_unit">N*m</P>
      <P Name="t_out_nominal_specify">off</P>
      <P Name="t_out_nominal_unit">N*m</P>
      <P Name="t_out_nominal_value">1</P>
    </InstanceData>
  </Block>
  <Block BlockType="SubSystem" Name="Hall Effect Sensor" SID="1923:1215">
    <PortCounts lconn="1" rconn="1"/>
    <P Name="Position">[0, -2, 50, 22]</P>
    <P Name="ZOrder">11616</P>
    <P Name="BlockMirror">on</P>
    <System Ref="system_1923_1215"/>
  </Block>
  <Block BlockType="Reference" Name="Lead Screw" SID="1923:1282">
    <PortCounts lconn="1" rconn="1"/>
    <P Name="Position">[60, -85, 100, -45]</P>
    <P Name="ZOrder">11609</P>
    <P Name="BlockMirror">on</P>
    <P Name="LibraryVersion">10007000.1</P>
    <P Name="SourceBlock">fl_lib/Mechanical/Mechanisms/Wheel and Axle</P>
    <P Name="SourceType">Wheel and Axle</P>
    <InstanceData>
      <P Name="LogSimulationData">off</P>
      <P Name="SourceFile">foundation.mechanical.mechanisms.wheel_axle</P>
      <P Name="InternalSimscapePortConfiguration">{&quot;Bottom&quot;:[],&quot;Left&quot;:[{&quot;id&quot;:&quot;A&quot;,&quot;label&quot;:&quot;A&quot;,&quot;type&quot;:&quot;foundation.mechanical.rotational.rotational&quot;}],&quot;Right&quot;:[{&quot;id&quot;:&quot;P&quot;,&quot;label&quot;:&quot;P&quot;,&quot;type&quot;:&quot;foundation.mechanical.translational.translational&quot;}],&quot;Top&quot;:[]}</P>
      <P Name="SscBlockScalableBuild">off</P>
      <P Name="ComponentPath">foundation.mechanical.mechanisms.wheel_axle</P>
      <P Name="ComponentVariants">foundation.mechanical.mechanisms.wheel_axle</P>
      <P Name="ComponentVariantNames">wheel_axle</P>
      <P Name="ClassName">wheel_axle</P>
      <P Name="SchemaVersion">1</P>
      <P Name="R">15e-3/(2*pi)</P>
      <P Name="R_unit">m</P>
      <P Name="R_conf">compiletime</P>
      <P Name="or">2</P>
      <P Name="or_unit">1</P>
      <P Name="or_conf">compiletime</P>
      <P Name="t_specify">off</P>
      <P Name="t_priority">High</P>
      <P Name="t">0</P>
      <P Name="t_unit">N*m</P>
      <P Name="t_nominal_specify">off</P>
      <P Name="t_nominal_unit">N*m</P>
      <P Name="t_nominal_value">1</P>
      <P Name="f_specify">off</P>
      <P Name="f_priority">High</P>
      <P Name="f">0</P>
      <P Name="f_unit">N</P>
      <P Name="f_nominal_specify">off</P>
      <P Name="f_nominal_unit">N</P>
      <P Name="f_nominal_value">1</P>
    </InstanceData>
  </Block>
  <Block BlockType="ManualSwitch" Name="Manual Switch" SID="1923:1347">
    <P Name="Position">[465, 77, 495, 113]</P>
    <P Name="ZOrder">100000</P>
    <P Name="BlockMirror">on</P>
    <P Name="NameLocation">top</P>
  </Block>
  <Block BlockType="Reference" Name="Mechanical&#xA;Rotational Reference" SID="1923:1283">
    <PortCounts lconn="1"/>
    <P Name="Position">[425, -85, 445, -65]</P>
    <P Name="ZOrder">11617</P>
    <P Name="BlockRotation">180</P>
    <P Name="BlockMirror">on</P>
    <P Name="ShowName">off</P>
    <P Name="LibraryVersion">10007000.1</P>
    <P Name="SourceBlock">fl_lib/Mechanical/Rotational Elements/Mechanical
Rotational Reference</P>
    <P Name="SourceType">Mechanical
Rotational Reference</P>
    <InstanceData>
      <P Name="LogSimulationData">off</P>
      <P Name="SourceFile">foundation.mechanical.rotational.reference</P>
      <P Name="InternalSimscapePortConfiguration">{&quot;Bottom&quot;:[],&quot;Left&quot;:[{&quot;id&quot;:&quot;W&quot;,&quot;label&quot;:&quot;&quot;,&quot;type&quot;:&quot;foundation.mechanical.rotational.rotational&quot;}],&quot;Right&quot;:[],&quot;Top&quot;:[]}</P>
      <P Name="SscBlockScalableBuild">off</P>
      <P Name="ComponentPath">foundation.mechanical.rotational.reference</P>
      <P Name="ComponentVariants">foundation.mechanical.rotational.reference</P>
      <P Name="ComponentVariantNames">reference</P>
      <P Name="ClassName">reference_rot</P>
      <P Name="SchemaVersion">1</P>
    </InstanceData>
  </Block>
  <Block BlockType="Reference" Name="Mechanical Translational Reference" SID="1923:1284">
    <PortCounts lconn="1"/>
    <P Name="Position">[-125, -75, -105, -55]</P>
    <P Name="ZOrder">11611</P>
    <P Name="BlockRotation">180</P>
    <P Name="NameLocation">top</P>
    <P Name="ShowName">off</P>
    <P Name="LibraryVersion">10007000.1</P>
    <P Name="SourceBlock">fl_lib/Mechanical/Translational
Elements/Mechanical
Translational
Reference</P>
    <P Name="SourceType">Mechanical
Translational
Reference</P>
    <InstanceData>
      <P Name="LogSimulationData">off</P>
      <P Name="SourceFile">foundation.mechanical.translational.reference</P>
      <P Name="InternalSimscapePortConfiguration">{&quot;Bottom&quot;:[],&quot;Left&quot;:[{&quot;id&quot;:&quot;V&quot;,&quot;label&quot;:&quot;&quot;,&quot;type&quot;:&quot;foundation.mechanical.translational.translational&quot;}],&quot;Right&quot;:[],&quot;Top&quot;:[]}</P>
      <P Name="SscBlockScalableBuild">off</P>
      <P Name="ComponentPath">foundation.mechanical.translational.reference</P>
      <P Name="ComponentVariants">foundation.mechanical.translational.reference</P>
      <P Name="ComponentVariantNames">reference</P>
      <P Name="ClassName">reference</P>
      <P Name="SchemaVersion">1</P>
    </InstanceData>
  </Block>
  <Block BlockType="SubSystem" Name="Motor Driver" SID="1923:872">
    <PortCounts lconn="2" rconn="2"/>
    <P Name="Position">[105, 52, 205, 128]</P>
    <P Name="ZOrder">11633</P>
    <P Name="AttributesFormatString">%&lt;ActiveVariant&gt;</P>
    <P Name="Variant">on</P>
    <P Name="VariantControlMode">label</P>
    <P Name="VariantControl">Abstract</P>
    <P Name="LabelModeActiveChoice">Abstract</P>
    <Mask>
      <Display IconOpaque="opaque-with-ports" RunInitForIconRedraw="off" IconRotate="port" PortRotate="physical">if(strcmp(get_param(gcb,&apos;ActiveVariant&apos;),&apos;Abstract&apos;))
    temp_modenum = get_param([gcb &apos;/Abstract/Controlled PWM Voltage&apos;],&apos;pwm_or_av&apos;);
    if(strcmp(temp_modenum,&apos;1&apos;))
        image(&apos;sm_aileron_actuator_driver_pwm_IMAGE.png&apos;);
    else
        image(&apos;sm_aileron_actuator_driver_averaged_IMAGE.png&apos;);
    end
    clear temp_modenum
else
    image(&apos;sm_aileron_actuator_driver_circuit_IMAGE.png&apos;);
end</Display>
    </Mask>
    <System Ref="system_1923_872"/>
  </Block>
  <Block BlockType="SubSystem" Name="Network" SID="1923:1285">
    <PortCounts out="1" lconn="2" rconn="1"/>
    <P Name="Position">[415, -25, 455, 50]</P>
    <P Name="ZOrder">11621</P>
    <System Ref="system_1923_1285"/>
  </Block>
  <Block BlockType="Reference" Name="SPST Switch" SID="1923:1348">
    <PortCounts lconn="2" rconn="1"/>
    <P Name="Position">[270, 40, 325, 120]</P>
    <P Name="ZOrder">100000</P>
    <P Name="LibraryVersion">10007000.3</P>
    <P Name="SourceBlock">ee_lib/Switches &amp; Breakers/SPST Switch</P>
    <P Name="SourceType">SPST Switch</P>
    <InstanceData>
      <P Name="LogSimulationData">off</P>
      <P Name="SourceFile">ee.switches.spst_ps</P>
      <P Name="InternalSimscapePortConfiguration">{&quot;Bottom&quot;:[],&quot;Left&quot;:[{&quot;id&quot;:&quot;vT&quot;,&quot;label&quot;:&quot;vT&quot;,&quot;type&quot;:&quot;input&quot;},{&quot;id&quot;:&quot;p&quot;,&quot;label&quot;:&quot;&quot;,&quot;type&quot;:&quot;foundation.electrical.electrical&quot;}],&quot;Right&quot;:[{&quot;id&quot;:&quot;n&quot;,&quot;label&quot;:&quot;&quot;,&quot;type&quot;:&quot;foundation.electrical.electrical&quot;}],&quot;Top&quot;:[]}</P>
      <P Name="SscBlockScalableBuild">off</P>
      <P Name="ComponentPath">ee.switches.spst_ps</P>
      <P Name="ComponentVariants">[&quot;ee.switches.spst_ps&quot;,&quot;ee.switches.spst_elec&quot;]</P>
      <P Name="ComponentVariantNames">[&quot;physmod:ee:library:comments:switches:spst_sscx:pSControlPort&quot;,&quot;physmod:ee:library:comments:switches:spst_sscx:electricalControlPort&quot;]</P>
      <P Name="ClassName">Simscape variant</P>
      <P Name="SchemaVersion">1</P>
      <P Name="R_closed">1e-25</P>
      <P Name="R_closed_unit">mOhm</P>
      <P Name="R_closed_conf">compiletime</P>
      <P Name="G_open">1e-25</P>
      <P Name="G_open_unit">nS</P>
      <P Name="G_open_conf">compiletime</P>
      <P Name="Threshold">0.1</P>
      <P Name="Threshold_unit">V</P>
      <P Name="Threshold_conf">compiletime</P>
      <P Name="Width">0</P>
      <P Name="Width_unit">V</P>
      <P Name="Width_conf">compiletime</P>
      <P Name="model_dynamics">0</P>
      <P Name="model_dynamics_unit">1</P>
      <P Name="model_dynamics_conf">compiletime</P>
      <P Name="t_on">1e-3</P>
      <P Name="t_on_unit">s</P>
      <P Name="t_on_conf">compiletime</P>
      <P Name="t_off">1e-3</P>
      <P Name="t_off_unit">s</P>
      <P Name="t_off_conf">compiletime</P>
      <P Name="initial_vT">0</P>
      <P Name="initial_vT_unit">V</P>
      <P Name="initial_vT_conf">compiletime</P>
    </InstanceData>
  </Block>
  <Block BlockType="SubSystem" Name="Sensing" SID="1923:1316">
    <P Name="Tag">CustomStyle</P>
    <PortCounts lconn="1"/>
    <P Name="Position">[-13, -40, 3, -25]</P>
    <P Name="ZOrder">11636</P>
    <P Name="BlockRotation">270</P>
    <P Name="BlockMirror">on</P>
    <P Name="BackgroundColor">[1.000000, 0.964706, 0.576471]</P>
    <P Name="NameLocation">left</P>
    <P Name="ShowName">off</P>
    <P Name="Commented">on</P>
    <Mask>
      <Display>disp(&apos;S&apos;);</Display>
    </Mask>
    <System Ref="system_1923_1316"/>
  </Block>
  <Block BlockType="Reference" Name="Simulink-PS&#xA;Converter" SID="1923:1349">
    <PortCounts in="1" rconn="1"/>
    <P Name="Position">[370, 87, 385, 103]</P>
    <P Name="ZOrder">100000</P>
    <P Name="BlockMirror">on</P>
    <P Name="NameLocation">top</P>
    <P Name="LibraryVersion">7.0</P>
    <P Name="SourceBlock">nesl_utility/Simulink-PS
Converter</P>
    <P Name="SourceType">Simulink-PS
Converter</P>
    <InstanceData>
      <P Name="RTWMemSecFuncInitTerm">Inherit from model</P>
      <P Name="RTWMemSecFuncExecute">Inherit from model</P>
      <P Name="RTWMemSecDataConstants">Inherit from model</P>
      <P Name="RTWMemSecDataInternal">Inherit from model</P>
      <P Name="RTWMemSecDataParameters">Inherit from model</P>
      <P Name="ContentPreviewEnabled">on</P>
      <P Name="PhysicalDomain">network_engine_domain</P>
      <P Name="SubClassName">ps_input</P>
      <P Name="LeftPortType">input</P>
      <P Name="RightPortType">output</P>
      <P Name="PseudoPeriodic">off</P>
      <P Name="Frequencies">[]</P>
      <P Name="NoiseDistribution">none</P>
      <P Name="NoiseParameters">[]</P>
      <P Name="Unit">1</P>
      <P Name="AffineConversion">off</P>
      <P Name="FilteringAndDerivatives">provide</P>
      <P Name="SimscapeFilterOrder">1</P>
      <P Name="InputFilterTimeConstant">0.001</P>
      <P Name="UdotUserProvided">0</P>
    </InstanceData>
  </Block>
  <Block BlockType="SubSystem" Name="Translational&#xA;Simscape Intf" SID="1923:1295">
    <PortCounts lconn="2" rconn="2"/>
    <P Name="Position">[-90, -96, -55, -54]</P>
    <P Name="ZOrder">11612</P>
    <System Ref="system_1923_1295"/>
  </Block>
  <Block BlockType="PMIOPort" Name="f" SID="1923:1296">
    <P Name="Position">[-150, -92, -120, -78]</P>
    <P Name="ZOrder">11618</P>
    <P Name="NameLocation">top</P>
    <P Name="Side">Left</P>
  </Block>
  <Block BlockType="PMIOPort" Name="v" SID="1923:1297">
    <P Name="Position">[-25, -92, 5, -78]</P>
    <P Name="ZOrder">11619</P>
    <P Name="BlockMirror">on</P>
    <P Name="NameLocation">top</P>
    <P Name="Port">2</P>
    <P Name="Side">Right</P>
  </Block>
  <Block BlockType="PMIOPort" Name="+" SID="1923:1298">
    <P Name="Position">[370, 23, 400, 37]</P>
    <P Name="ZOrder">11623</P>
    <P Name="Port">3</P>
    <P Name="Side">Left</P>
  </Block>
  <Block BlockType="PMIOPort" Name="-" SID="1923:1299">
    <P Name="Position">[470, 23, 500, 37]</P>
    <P Name="ZOrder">11624</P>
    <P Name="BlockMirror">on</P>
    <P Name="Port">4</P>
    <P Name="Side">Right</P>
  </Block>
  <Block BlockType="Outport" Name="i" SID="1923:1312">
    <P Name="Position">[470, -12, 500, 2]</P>
    <P Name="ZOrder">11635</P>
    <P Name="VectorParamsAs1DForOutWhenUnconnected">off</P>
  </Block>
  <Line>
    <P Name="ZOrder">1</P>
    <P Name="Src">1923:1285#out:1</P>
    <P Name="Dst">1923:1312#in:1</P>
  </Line>
  <Line LineType="Connection">
    <P Name="ZOrder">2</P>
    <P Name="Src">1923:872#rconn:2</P>
    <P Name="Points">[15, 0]</P>
    <P Name="Dst">1923:1213#lconn:1</P>
  </Line>
  <Line LineType="Connection">
    <P Name="ZOrder">4</P>
    <P Name="Src">1923:872#lconn:2</P>
    <P Name="Dst">1923:1039#rconn:2</P>
  </Line>
  <Line LineType="Connection">
    <P Name="ZOrder">5</P>
    <P Name="Src">1923:872#lconn:1</P>
    <P Name="Dst">1923:1039#rconn:1</P>
  </Line>
  <Line LineType="Connection">
    <P Name="ZOrder">6</P>
    <P Name="Src">1923:1039#lconn:2</P>
    <P Name="Points">[-9, 0; 0, -105]</P>
    <P Name="Dst">1923:1215#rconn:1</P>
  </Line>
  <Line LineType="Connection">
    <P Name="ZOrder">7</P>
    <P Name="Src">1923:1039#lconn:1</P>
    <P Name="Points">[-89, 0; 0, -257; 464, 0]</P>
    <P Name="Dst">1923:1204#lconn:1</P>
  </Line>
  <Line>
    <P Name="ZOrder">8</P>
    <P Name="Src">1923:871#out:1</P>
    <P Name="Dst">1923:1039#in:1</P>
  </Line>
  <Line LineType="Connection">
    <P Name="ZOrder">9</P>
    <P Name="Src">1923:1299#rconn:1</P>
    <P Name="Dst">1923:1285#rconn:1</P>
  </Line>
  <Line LineType="Connection">
    <P Name="ZOrder">10</P>
    <P Name="Src">1923:1298#rconn:1</P>
    <P Name="Dst">1923:1285#lconn:2</P>
  </Line>
  <Line LineType="Connection">
    <P Name="ZOrder">11</P>
    <P Name="Src">1923:1295#rconn:2</P>
    <P Name="Points">[35, 0]</P>
    <Branch ConnectType="DEST_SRC">
      <P Name="Dst">1923:1316#lconn:1</P>
    </Branch>
    <Branch ConnectType="DEST_SRC">
      <P Name="Dst">1923:1282#rconn:1</P>
    </Branch>
  </Line>
  <Line LineType="Connection">
    <P Name="ZOrder">15</P>
    <P Name="Src">1923:1310#rconn:1</P>
    <P Name="Points">[14, 0; 0, 25]</P>
    <Branch ConnectType="DEST_DEST">
      <P Name="Src">1923:1283#lconn:1</P>
      <P Name="Points">[-36, 0]</P>
    </Branch>
    <Branch ConnectType="DEST_SRC">
      <P Name="Points">[0, 10]</P>
      <P Name="Dst">1923:1212#rconn:2</P>
    </Branch>
  </Line>
  <Line LineType="Connection">
    <P Name="ZOrder">22</P>
    <P Name="Src">1923:1214#lconn:1</P>
    <P Name="Points">[24, 0]</P>
    <Branch ConnectType="DEST_SRC">
      <P Name="Points">[51, 0]</P>
      <Branch ConnectType="DEST_DEST">
        <P Name="Src">1923:1310#lconn:1</P>
        <P Name="Points">[-5, 0; 0, 35]</P>
      </Branch>
      <Branch ConnectType="DEST_SRC">
        <P Name="Dst">1923:1212#lconn:2</P>
      </Branch>
    </Branch>
    <Branch ConnectType="DEST_SRC">
      <P Name="Points">[0, 75]</P>
      <P Name="Dst">1923:1215#lconn:1</P>
    </Branch>
  </Line>
  <Line LineType="Connection">
    <P Name="ZOrder">20</P>
    <P Name="Src">1923:1214#rconn:1</P>
    <P Name="Dst">1923:1282#lconn:1</P>
  </Line>
  <Line LineType="Connection">
    <P Name="ZOrder">21</P>
    <P Name="Src">1923:1284#lconn:1</P>
    <P Name="Dst">1923:1295#lconn:2</P>
  </Line>
  <Line LineType="Connection">
    <P Name="ZOrder">22</P>
    <P Name="Src">1923:1212#rconn:1</P>
    <P Name="Points">[18, 0; 0, 20]</P>
    <P Name="Dst">1923:1285#lconn:1</P>
  </Line>
  <Line LineType="Connection">
    <P Name="ZOrder">23</P>
    <P Name="Src">1923:1204#lconn:2</P>
    <P Name="Dst">1923:1212#lconn:1</P>
  </Line>
  <Line LineType="Connection">
    <P Name="ZOrder">24</P>
    <P Name="Src">1923:1295#rconn:1</P>
    <P Name="Dst">1923:1297#rconn:1</P>
  </Line>
  <Line LineType="Connection">
    <P Name="ZOrder">25</P>
    <P Name="Src">1923:1295#lconn:1</P>
    <P Name="Dst">1923:1296#rconn:1</P>
  </Line>
  <Line LineType="Connection">
    <P Name="ZOrder">51</P>
    <P Name="Src">1923:1349#rconn:1</P>
    <P Name="Points">[-7, 0; 0, 36; -102, 0; 0, -71]</P>
    <P Name="Dst">1923:1348#lconn:1</P>
  </Line>
  <Line LineType="Connection">
    <P Name="ZOrder">57</P>
    <P Name="Src">1923:1348#rconn:1</P>
    <P Name="Points">[-16, 0; 19, 0; 0, -55]</P>
    <P Name="Dst">1923:1204#rconn:1</P>
  </Line>
  <Line>
    <P Name="ZOrder">53</P>
    <P Name="Src">1923:1346#out:1</P>
    <P Name="Dst">1923:1349#in:1</P>
  </Line>
  <Line>
    <P Name="ZOrder">54</P>
    <P Name="Src">1923:1347#out:1</P>
    <P Name="Dst">1923:1346#in:1</P>
  </Line>
  <Line>
    <P Name="ZOrder">55</P>
    <P Name="Src">1923:1344#out:1</P>
    <P Name="Points">[-11, 0; 0, -15]</P>
    <P Name="Dst">1923:1347#in:2</P>
  </Line>
  <Line>
    <P Name="ZOrder">56</P>
    <P Name="Src">1923:1345#out:1</P>
    <P Name="Points">[-15, 0; 0, 15]</P>
    <P Name="Dst">1923:1347#in:1</P>
  </Line>
  <Line LineType="Connection">
    <P Name="ZOrder">58</P>
    <P Name="Src">1923:872#rconn:1</P>
    <P Name="Points">[6, 0; 0, 30]</P>
    <P Name="Dst">1923:1348#lconn:2</P>
  </Line>
</System>
