<?xml version="1.0" encoding="utf-8"?>
<System>
  <P Name="Location">[21, 14, 874, 552]</P>
  <Block BlockType="SubSystem" Name="Hex_Flange_Screw_M6_1_RIGID" SID="426">
    <PortCounts lconn="1"/>
    <P Name="Position">[445, 200, 485, 240]</P>
    <P Name="ZOrder">8</P>
    <Mask>
      <Display/>
    </Mask>
    <System Ref="system_426"/>
  </Block>
  <Block BlockType="SubSystem" Name="Hex_Flange_Screw_M6_2_RIGID" SID="427">
    <PortCounts lconn="1"/>
    <P Name="Position">[445, 135, 485, 175]</P>
    <P Name="ZOrder">9</P>
    <Mask>
      <Display/>
    </Mask>
    <System Ref="system_427"/>
  </Block>
  <Block BlockType="SubSystem" Name="Hex_Flange_Screw_M6_3_RIGID" SID="428">
    <PortCounts lconn="1"/>
    <P Name="Position">[445, 70, 485, 110]</P>
    <P Name="ZOrder">10</P>
    <Mask>
      <Display/>
    </Mask>
    <System Ref="system_428"/>
  </Block>
  <Block BlockType="SubSystem" Name="Hex_Flange_Screw_M6_4_RIGID" SID="429">
    <PortCounts lconn="1"/>
    <P Name="Position">[170, 200, 210, 240]</P>
    <P Name="ZOrder">11</P>
    <Mask>
      <Display/>
    </Mask>
    <System Ref="system_429"/>
  </Block>
  <Block BlockType="SubSystem" Name="Hex_Flange_Screw_M6_5_RIGID" SID="430">
    <PortCounts lconn="1"/>
    <P Name="Position">[170, 135, 210, 175]</P>
    <P Name="ZOrder">12</P>
    <Mask>
      <Display/>
    </Mask>
    <System Ref="system_430"/>
  </Block>
  <Block BlockType="SubSystem" Name="Hex_Flange_Screw_M6_6_RIGID" SID="431">
    <PortCounts lconn="1"/>
    <P Name="Position">[170, 70, 210, 110]</P>
    <P Name="ZOrder">13</P>
    <Mask>
      <Display/>
    </Mask>
    <System Ref="system_431"/>
  </Block>
  <Block BlockType="PMIOPort" Name="B" SID="1241">
    <P Name="Position">[293, 300, 307, 330]</P>
    <P Name="ZOrder">14</P>
    <P Name="BlockRotation">270</P>
    <P Name="NameLocation">right</P>
    <P Name="Side">Left</P>
  </Block>
  <Line LineType="Connection">
    <P Name="ZOrder">50</P>
    <P Name="Src">1241#rconn:1</P>
    <P Name="Points">[0, -14]</P>
    <Branch ConnectType="DEST_SRC">
      <P Name="Points">[-248, 0; 0, -51]</P>
      <Branch ConnectType="DEST_SRC">
        <P Name="Points">[0, -65]</P>
        <Branch ConnectType="DEST_SRC">
          <P Name="Points">[0, -65]</P>
          <P Name="Dst">431#lconn:1</P>
        </Branch>
        <Branch ConnectType="DEST_SRC">
          <P Name="Dst">430#lconn:1</P>
        </Branch>
      </Branch>
      <Branch ConnectType="DEST_SRC">
        <P Name="Dst">429#lconn:1</P>
      </Branch>
    </Branch>
    <Branch ConnectType="DEST_SRC">
      <P Name="Points">[27, 0; 0, -51]</P>
      <Branch ConnectType="DEST_SRC">
        <P Name="Points">[0, -65]</P>
        <Branch ConnectType="DEST_SRC">
          <P Name="Points">[0, -65]</P>
          <P Name="Dst">428#lconn:1</P>
        </Branch>
        <Branch ConnectType="DEST_SRC">
          <P Name="Dst">427#lconn:1</P>
        </Branch>
      </Branch>
      <Branch ConnectType="DEST_SRC">
        <P Name="Dst">426#lconn:1</P>
      </Branch>
    </Branch>
  </Line>
</System>
