<?xml version="1.0" encoding="utf-8"?>
<System>
  <P Name="Location">[526, 94, 1340, 613]</P>
  <Block BlockType="Demux" Name="Demux" SID="2349:1006">
    <PortCounts in="1" out="2"/>
    <P Name="Position">[205, 40, 210, 100]</P>
    <P Name="ZOrder">63</P>
    <P Name="ShowName">off</P>
    <P Name="Outputs">[2;1]</P>
    <PortProperties>
      <Port Type="out" Index="1">
        <P Name="Name">Vds Mpu Mpl</P>
      </Port>
      <Port Type="out" Index="2">
        <P Name="Name">Pwr Mpu</P>
      </Port>
    </PortProperties>
  </Block>
  <Block BlockType="From" Name="From1" SID="2349:1007">
    <P Name="Position">[20, 22, 90, 38]</P>
    <P Name="ZOrder">46</P>
    <P Name="ShowName">off</P>
    <P Name="GotoTag">Vds_M1</P>
    <P Name="TagVisibility">global</P>
  </Block>
  <Block BlockType="From" Name="From2" SID="2349:1008">
    <P Name="Position">[20, 42, 90, 58]</P>
    <P Name="ZOrder">47</P>
    <P Name="ShowName">off</P>
    <P Name="GotoTag">Vds_M2</P>
    <P Name="TagVisibility">global</P>
  </Block>
  <Block BlockType="From" Name="From3" SID="2349:1009">
    <P Name="Position">[20, 62, 90, 78]</P>
    <P Name="ZOrder">48</P>
    <P Name="ShowName">off</P>
    <P Name="GotoTag">Vds_M3</P>
    <P Name="TagVisibility">global</P>
  </Block>
  <Block BlockType="From" Name="From4" SID="2349:1010">
    <P Name="Position">[20, 82, 90, 98]</P>
    <P Name="ZOrder">49</P>
    <P Name="ShowName">off</P>
    <P Name="GotoTag">Vds_M4</P>
    <P Name="TagVisibility">global</P>
  </Block>
  <Block BlockType="From" Name="From5" SID="2349:1011">
    <P Name="Position">[20, 102, 90, 118]</P>
    <P Name="ZOrder">56</P>
    <P Name="ShowName">off</P>
    <P Name="GotoTag">Power_M3</P>
    <P Name="TagVisibility">global</P>
  </Block>
  <Block BlockType="Scope" Name="MOSFETs" SID="2349:1012">
    <PortCounts in="2"/>
    <P Name="Position">[295, 39, 330, 101]</P>
    <P Name="ZOrder">64</P>
    <P Name="ScopeSpecificationString">Simulink.scopes.TimeScopeBlockCfg(&apos;CurrentConfiguration&apos;, extmgr.ConfigurationSet(extmgr.Configuration(&apos;Core&apos;,&apos;General UI&apos;,true,&apos;FigureColor&apos;,[0.501960784313725 0.501960784313725 0.501960784313725]),extmgr.Configuration(&apos;Core&apos;,&apos;Source UI&apos;,true),extmgr.Configuration(&apos;Sources&apos;,&apos;WiredSimulink&apos;,true,&apos;DataLoggingVariableName&apos;,&apos;ScopeData1&apos;,&apos;DataLoggingSaveFormat&apos;,&apos;StructureWithTime&apos;,&apos;DataLoggingDecimation&apos;,&apos;1&apos;),extmgr.Configuration(&apos;Visuals&apos;,&apos;Time Domain&apos;,true,&apos;SerializedDisplays&apos;,{struct(&apos;MinYLimReal&apos;,&apos;-3.79559&apos;,&apos;MaxYLimReal&apos;,&apos;27.79559&apos;,&apos;YLabelReal&apos;,&apos;&apos;,&apos;MinYLimMag&apos;,&apos;0.00000&apos;,&apos;MaxYLimMag&apos;,&apos;27.79559&apos;,&apos;LegendVisibility&apos;,&apos;off&apos;,&apos;XGrid&apos;,true,&apos;YGrid&apos;,true,&apos;PlotMagPhase&apos;,false,&apos;AxesColor&apos;,[0 0 0],&apos;AxesTickColor&apos;,[1 1 1],&apos;ColorOrder&apos;,[1 1 0.0666666666666667;0.0745098039215686 0.623529411764706 1;1 0.411764705882353 0.16078431372549;0.392156862745098 0.831372549019608 0.0745098039215686;0.717647058823529 0.274509803921569 1;0.0588235294117647 1 1;1 0.0745098039215686 0.650980392156863],&apos;Title&apos;,&apos;%&lt;SignalLabel&gt;&apos;,&apos;LinePropertiesCache&apos;,{{struct(&apos;Color&apos;,[1 1 0],&apos;LineStyle&apos;,&apos;-&apos;,&apos;LineWidth&apos;,2,&apos;Marker&apos;,&apos;none&apos;,&apos;Visible&apos;,&apos;on&apos;),struct(&apos;Color&apos;,[1 0 1],&apos;LineStyle&apos;,&apos;-&apos;,&apos;LineWidth&apos;,2,&apos;Marker&apos;,&apos;none&apos;,&apos;Visible&apos;,&apos;on&apos;),struct(&apos;Color&apos;,[0 1 1],&apos;LineStyle&apos;,&apos;-&apos;,&apos;LineWidth&apos;,0.5,&apos;Marker&apos;,&apos;none&apos;,&apos;Visible&apos;,&apos;on&apos;),struct(&apos;Color&apos;,[1 0 0],&apos;LineStyle&apos;,&apos;-&apos;,&apos;LineWidth&apos;,0.5,&apos;Marker&apos;,&apos;none&apos;,&apos;Visible&apos;,&apos;on&apos;),struct(&apos;Color&apos;,[0 1 0],&apos;LineStyle&apos;,&apos;-&apos;,&apos;LineWidth&apos;,0.5,&apos;Marker&apos;,&apos;none&apos;,&apos;Visible&apos;,&apos;on&apos;),struct(&apos;Color&apos;,[0 0 1],&apos;LineStyle&apos;,&apos;-&apos;,&apos;LineWidth&apos;,0.5,&apos;Marker&apos;,&apos;none&apos;,&apos;Visible&apos;,&apos;on&apos;)}},&apos;UserDefinedChannelNames&apos;,{{}},&apos;NumLines&apos;,2,&apos;LineNames&apos;,{{&apos;Vds Mpu Mpl:1&apos;,&apos;Vds Mpu Mpl:2&apos;}},&apos;ShowContent&apos;,true,&apos;Placement&apos;,1),struct(&apos;MinYLimReal&apos;,&apos;-1&apos;,&apos;MaxYLimReal&apos;,&apos;3&apos;,&apos;YLabelReal&apos;,&apos;&apos;,&apos;MinYLimMag&apos;,&apos;0&apos;,&apos;MaxYLimMag&apos;,&apos;10&apos;,&apos;LegendVisibility&apos;,&apos;Off&apos;,&apos;XGrid&apos;,true,&apos;YGrid&apos;,true,&apos;PlotMagPhase&apos;,false,&apos;AxesColor&apos;,[0 0 0],&apos;AxesTickColor&apos;,[1 1 1],&apos;ColorOrder&apos;,[1 1 0.0666666666666667;0.0745098039215686 0.623529411764706 1;1 0.411764705882353 0.16078431372549;0.392156862745098 0.831372549019608 0.0745098039215686;0.717647058823529 0.274509803921569 1;0.0588235294117647 1 1;1 0.0745098039215686 0.650980392156863],&apos;Title&apos;,&apos;%&lt;SignalLabel&gt;&apos;,&apos;LinePropertiesCache&apos;,{{struct(&apos;Color&apos;,[1 1 0],&apos;LineStyle&apos;,&apos;-&apos;,&apos;LineWidth&apos;,2,&apos;Marker&apos;,&apos;none&apos;,&apos;Visible&apos;,&apos;on&apos;),struct(&apos;Color&apos;,[1 0 1],&apos;LineStyle&apos;,&apos;-&apos;,&apos;LineWidth&apos;,2,&apos;Marker&apos;,&apos;none&apos;,&apos;Visible&apos;,&apos;on&apos;),struct(&apos;Color&apos;,[0 1 1],&apos;LineStyle&apos;,&apos;-&apos;,&apos;LineWidth&apos;,0.5,&apos;Marker&apos;,&apos;none&apos;,&apos;Visible&apos;,&apos;on&apos;),struct(&apos;Color&apos;,[1 0 0],&apos;LineStyle&apos;,&apos;-&apos;,&apos;LineWidth&apos;,0.5,&apos;Marker&apos;,&apos;none&apos;,&apos;Visible&apos;,&apos;on&apos;),struct(&apos;Color&apos;,[0 1 0],&apos;LineStyle&apos;,&apos;-&apos;,&apos;LineWidth&apos;,0.5,&apos;Marker&apos;,&apos;none&apos;,&apos;Visible&apos;,&apos;on&apos;),struct(&apos;Color&apos;,[0 0 1],&apos;LineStyle&apos;,&apos;-&apos;,&apos;LineWidth&apos;,0.5,&apos;Marker&apos;,&apos;none&apos;,&apos;Visible&apos;,&apos;on&apos;)}},&apos;UserDefinedChannelNames&apos;,{{}},&apos;NumLines&apos;,1,&apos;LineNames&apos;,{{&apos;Pwr Mpu&apos;}},&apos;ShowContent&apos;,true,&apos;Placement&apos;,2)},&apos;DisplayPropertyDefaults&apos;,struct(&apos;YLabelReal&apos;,&apos;&apos;,&apos;AxesColor&apos;,[0 0 0],&apos;AxesTickColor&apos;,[1 1 1],&apos;ColorOrder&apos;,[1 1 0.0666666666666667;0.0745098039215686 0.623529411764706 1;1 0.411764705882353 0.16078431372549;0.392156862745098 0.831372549019608 0.0745098039215686;0.717647058823529 0.274509803921569 1;0.0588235294117647 1 1;1 0.0745098039215686 0.650980392156863],&apos;Title&apos;,&apos;%&lt;SignalLabel&gt;&apos;,&apos;LinePropertiesCache&apos;,{{struct(&apos;Color&apos;,[1 1 0],&apos;LineStyle&apos;,&apos;-&apos;,&apos;LineWidth&apos;,2,&apos;Marker&apos;,&apos;none&apos;,&apos;Visible&apos;,&apos;on&apos;),struct(&apos;Color&apos;,[1 0 1],&apos;LineStyle&apos;,&apos;-&apos;,&apos;LineWidth&apos;,2,&apos;Marker&apos;,&apos;none&apos;,&apos;Visible&apos;,&apos;on&apos;),struct(&apos;Color&apos;,[0 1 1],&apos;LineStyle&apos;,&apos;-&apos;,&apos;LineWidth&apos;,0.5,&apos;Marker&apos;,&apos;none&apos;,&apos;Visible&apos;,&apos;on&apos;),struct(&apos;Color&apos;,[1 0 0],&apos;LineStyle&apos;,&apos;-&apos;,&apos;LineWidth&apos;,0.5,&apos;Marker&apos;,&apos;none&apos;,&apos;Visible&apos;,&apos;on&apos;),struct(&apos;Color&apos;,[0 1 0],&apos;LineStyle&apos;,&apos;-&apos;,&apos;LineWidth&apos;,0.5,&apos;Marker&apos;,&apos;none&apos;,&apos;Visible&apos;,&apos;on&apos;),struct(&apos;Color&apos;,[0 0 1],&apos;LineStyle&apos;,&apos;-&apos;,&apos;LineWidth&apos;,0.5,&apos;Marker&apos;,&apos;none&apos;,&apos;Visible&apos;,&apos;on&apos;)}},&apos;UserDefinedChannelNames&apos;,{{}},&apos;NumLines&apos;,0,&apos;LineNames&apos;,{{[]}},&apos;ShowContent&apos;,true,&apos;Placement&apos;,1),&apos;DisplayLayoutDimensions&apos;,[2 1],&apos;TimeRangeSamples&apos;,&apos;2e-05&apos;,&apos;TimeRangeFrames&apos;,&apos;2e-05&apos;),extmgr.Configuration(&apos;Tools&apos;,&apos;Plot Navigation&apos;,true,&apos;OnceAtStop&apos;,false,&apos;PreviousAutoscale&apos;,&apos;XY&apos;),extmgr.Configuration(&apos;Tools&apos;,&apos;Measurements&apos;,true,&apos;Version&apos;,&apos;2016a&apos;)),&apos;Version&apos;,&apos;2016a&apos;,&apos;Location&apos;,[497.666666666667 182.333333333333 878.333333333333 505.666666666667])</P>
    <P Name="NumInputPorts">2</P>
    <P Name="Floating">off</P>
  </Block>
  <Block BlockType="Mux" Name="Mux" SID="2349:1013">
    <PortCounts in="5" out="1"/>
    <P Name="Position">[105, 20, 110, 120]</P>
    <P Name="ZOrder">50</P>
    <P Name="ShowName">off</P>
    <P Name="Inputs">5</P>
    <P Name="DisplayOption">bar</P>
  </Block>
  <Block BlockType="Selector" Name="Selector" SID="2349:1014">
    <PortCounts in="1" out="1"/>
    <P Name="Position">[140, 50, 185, 90]</P>
    <P Name="ZOrder">62</P>
    <P Name="InputPortWidth">5</P>
    <P Name="IndexOptions">Index vector (dialog)</P>
    <P Name="Indices">[3 1 5]</P>
    <P Name="OutputSizes">1</P>
  </Block>
  <Line>
    <P Name="ZOrder">1</P>
    <P Name="Src">2349:1011#out:1</P>
    <P Name="Dst">2349:1013#in:5</P>
  </Line>
  <Line>
    <P Name="ZOrder">2</P>
    <P Name="Src">2349:1007#out:1</P>
    <P Name="Dst">2349:1013#in:1</P>
  </Line>
  <Line>
    <P Name="ZOrder">3</P>
    <P Name="Src">2349:1008#out:1</P>
    <P Name="Dst">2349:1013#in:2</P>
  </Line>
  <Line>
    <P Name="ZOrder">4</P>
    <P Name="Src">2349:1010#out:1</P>
    <P Name="Dst">2349:1013#in:4</P>
  </Line>
  <Line>
    <P Name="ZOrder">5</P>
    <P Name="Src">2349:1009#out:1</P>
    <P Name="Dst">2349:1013#in:3</P>
  </Line>
  <Line>
    <P Name="ZOrder">6</P>
    <P Name="Src">2349:1013#out:1</P>
    <P Name="Dst">2349:1014#in:1</P>
  </Line>
  <Line>
    <P Name="ZOrder">7</P>
    <P Name="Src">2349:1014#out:1</P>
    <P Name="Dst">2349:1006#in:1</P>
  </Line>
  <Line>
    <P Name="Name">Pwr Mpu</P>
    <P Name="ZOrder">8</P>
    <P Name="Labels">[1, 1]</P>
    <P Name="Src">2349:1006#out:2</P>
    <P Name="Dst">2349:1012#in:2</P>
  </Line>
  <Line>
    <P Name="Name">Vds Mpu Mpl</P>
    <P Name="ZOrder">9</P>
    <P Name="Labels">[1, 1]</P>
    <P Name="Src">2349:1006#out:1</P>
    <P Name="Dst">2349:1012#in:1</P>
  </Line>
</System>
