<?xml version="1.0" encoding="utf-8"?>
<System>
  <P Name="Location">[-1, -7, 1537, 825]</P>
  <P Name="ZoomFactor">189</P>
  <Block BlockType="Inport" Name="qMeas" SID="1173">
    <P Name="Position">[-35, 203, -5, 217]</P>
    <P Name="ZOrder">117</P>
    <PortProperties>
      <Port Type="out" Index="1">
        <P Name="PropagatedSignals">Angle</P>
      </Port>
    </PortProperties>
  </Block>
  <Block BlockType="Inport" Name="qCmd " SID="1143">
    <P Name="Position">[-35, 248, -5, 262]</P>
    <P Name="ZOrder">108</P>
    <P Name="Port">2</P>
  </Block>
  <Block BlockType="SubSystem" Name="Electric" SID="1361">
    <PortCounts in="2" out="4" rconn="6"/>
    <P Name="Position">[550, -18, 710, 168]</P>
    <P Name="ZOrder">120</P>
    <P Name="VariantControl">Electric</P>
    <P Name="ContentPreviewEnabled">on</P>
    <Mask>
      <Display IconOpaque="opaque-with-ports" RunInitForIconRedraw="off" IconRotate="port" PortRotate="physical">image(&apos;sm_aileron_actuator_EscXpwX_IMAGE.png&apos;);</Display>
    </Mask>
    <PortProperties>
      <Port Type="out" Index="1">
        <P Name="PropagatedSignals">f1</P>
      </Port>
      <Port Type="out" Index="2">
        <P Name="PropagatedSignals">S</P>
      </Port>
      <Port Type="out" Index="3">
        <P Name="PropagatedSignals">S</P>
      </Port>
      <Port Type="out" Index="4">
        <P Name="PropagatedSignals">S</P>
      </Port>
    </PortProperties>
    <System Ref="system_1361"/>
  </Block>
  <Block BlockType="SubSystem" Name="Hydraulic" SID="1181">
    <PortCounts in="2" out="1" rconn="6"/>
    <P Name="Position">[350, -22, 510, 162]</P>
    <P Name="ZOrder">118</P>
    <P Name="VariantControl">Hydraulic</P>
    <P Name="ContentPreviewEnabled">on</P>
    <Mask>
      <Display IconOpaque="opaque-with-ports" RunInitForIconRedraw="off" IconRotate="port" PortRotate="physical">image(&apos;sm_aileron_actuator_HscXpwX_IMAGE.png&apos;);</Display>
    </Mask>
    <System Ref="system_1181"/>
  </Block>
  <Block BlockType="SubSystem" Name="Ideal" SID="1151">
    <PortCounts in="2" out="1" rconn="6"/>
    <P Name="Position">[145, -22, 305, 162]</P>
    <P Name="ZOrder">116</P>
    <P Name="VariantControl">Ideal</P>
    <P Name="ContentPreviewEnabled">on</P>
    <Mask>
      <Display IconOpaque="opaque-with-ports" RunInitForIconRedraw="off" IconRotate="port" PortRotate="physical">image(&apos;sm_aileron_actuator_IscXpwX_IMAGE.png&apos;);</Display>
    </Mask>
    <System Ref="system_1151"/>
  </Block>
  <Block BlockType="SubSystem" Name="Motion" SID="1076">
    <PortCounts in="2" out="1" rconn="6"/>
    <P Name="Position">[-55, -22, 105, 162]</P>
    <P Name="ZOrder">107</P>
    <P Name="VariantControl">Motion</P>
    <P Name="ContentPreviewEnabled">on</P>
    <Mask>
      <Display IconOpaque="opaque-with-ports" RunInitForIconRedraw="off" IconRotate="port" PortRotate="physical">image(&apos;sm_aileron_actuator_MscXpwX_IMAGE.png&apos;);</Display>
    </Mask>
    <System Ref="system_1076"/>
  </Block>
  <Block BlockType="PMIOPort" Name=" C1" SID="1145">
    <P Name="Position">[470, 213, 500, 227]</P>
    <P Name="ZOrder">110</P>
    <P Name="BlockMirror">on</P>
    <P Name="Side">Right</P>
  </Block>
  <Block BlockType="PMIOPort" Name=" P1" SID="1146">
    <P Name="Position">[470, 248, 500, 262]</P>
    <P Name="ZOrder">111</P>
    <P Name="BlockMirror">on</P>
    <P Name="Port">2</P>
    <P Name="Side">Right</P>
  </Block>
  <Block BlockType="PMIOPort" Name=" C2" SID="1147">
    <P Name="Position">[530, 213, 560, 227]</P>
    <P Name="ZOrder">112</P>
    <P Name="BlockMirror">on</P>
    <P Name="Port">3</P>
    <P Name="Side">Right</P>
  </Block>
  <Block BlockType="PMIOPort" Name=" P2" SID="1148">
    <P Name="Position">[530, 248, 560, 262]</P>
    <P Name="ZOrder">113</P>
    <P Name="BlockMirror">on</P>
    <P Name="Port">4</P>
    <P Name="Side">Right</P>
  </Block>
  <Block BlockType="PMIOPort" Name=" C3" SID="1149">
    <P Name="Position">[585, 213, 615, 227]</P>
    <P Name="ZOrder">114</P>
    <P Name="BlockMirror">on</P>
    <P Name="Port">5</P>
    <P Name="Side">Right</P>
  </Block>
  <Block BlockType="PMIOPort" Name=" P3" SID="1150">
    <P Name="Position">[585, 248, 615, 262]</P>
    <P Name="ZOrder">115</P>
    <P Name="BlockMirror">on</P>
    <P Name="Port">6</P>
    <P Name="Side">Right</P>
  </Block>
  <Block BlockType="Outport" Name=" fz" SID="1144">
    <P Name="Position">[415, 213, 445, 227]</P>
    <P Name="ZOrder">109</P>
    <P Name="VectorParamsAs1DForOutWhenUnconnected">off</P>
  </Block>
  <Block BlockType="Outport" Name="S3" SID="2171">
    <P Name="Position">[415, 248, 445, 262]</P>
    <P Name="ZOrder">178</P>
    <P Name="Port">2</P>
  </Block>
  <Block BlockType="Outport" Name="S2" SID="2200">
    <P Name="Position">[640, 213, 670, 227]</P>
    <P Name="ZOrder">179</P>
    <P Name="Port">3</P>
  </Block>
  <Block BlockType="Outport" Name="S1" SID="2201">
    <P Name="Position">[640, 248, 670, 262]</P>
    <P Name="ZOrder">180</P>
    <P Name="Port">4</P>
  </Block>
</System>
