<?xml version="1.0" encoding="utf-8"?>
<System>
  <P Name="Location">[-7, -7, 1543, 841]</P>
  <Block BlockType="SubSystem" Name="Hex_Screw_M5_1_RIGID" SID="643">
    <PortCounts lconn="1"/>
    <P Name="Position">[325, 350, 365, 390]</P>
    <P Name="ZOrder">1</P>
    <Mask>
      <Display/>
    </Mask>
    <System Ref="system_643"/>
  </Block>
  <Block BlockType="SubSystem" Name="Hex_Screw_M5_2_RIGID" SID="644">
    <PortCounts lconn="1"/>
    <P Name="Position">[325, 290, 365, 330]</P>
    <P Name="ZOrder">2</P>
    <Mask>
      <Display/>
    </Mask>
    <System Ref="system_644"/>
  </Block>
  <Block BlockType="SubSystem" Name="Hex_Screw_M5_3_RIGID" SID="645">
    <PortCounts lconn="1"/>
    <P Name="Position">[325, 225, 365, 265]</P>
    <P Name="ZOrder">3</P>
    <Mask>
      <Display/>
    </Mask>
    <System Ref="system_645"/>
  </Block>
  <Block BlockType="SubSystem" Name="Hex_Screw_M5_4_RIGID" SID="646">
    <PortCounts lconn="1"/>
    <P Name="Position">[495, 350, 535, 390]</P>
    <P Name="ZOrder">4</P>
    <Mask>
      <Display/>
    </Mask>
    <System Ref="system_646"/>
  </Block>
  <Block BlockType="SubSystem" Name="Hex_Screw_M5_5_RIGID" SID="647">
    <PortCounts lconn="1"/>
    <P Name="Position">[495, 285, 535, 325]</P>
    <P Name="ZOrder">5</P>
    <Mask>
      <Display/>
    </Mask>
    <System Ref="system_647"/>
  </Block>
  <Block BlockType="SubSystem" Name="Hex_Screw_M5_6_RIGID" SID="648">
    <PortCounts lconn="1"/>
    <P Name="Position">[495, 220, 535, 260]</P>
    <P Name="ZOrder">6</P>
    <Mask>
      <Display/>
    </Mask>
    <System Ref="system_648"/>
  </Block>
  <Block BlockType="SubSystem" Name="Hex_Screw_M5_7_RIGID" SID="649">
    <PortCounts lconn="1"/>
    <P Name="Position">[665, 350, 705, 390]</P>
    <P Name="ZOrder">7</P>
    <Mask>
      <Display/>
    </Mask>
    <System Ref="system_649"/>
  </Block>
  <Block BlockType="SubSystem" Name="Hex_Screw_M5_8_RIGID" SID="650">
    <PortCounts lconn="1"/>
    <P Name="Position">[665, 285, 705, 325]</P>
    <P Name="ZOrder">8</P>
    <Mask>
      <Display/>
    </Mask>
    <System Ref="system_650"/>
  </Block>
  <Block BlockType="SubSystem" Name="Hex_Screw_M5_9_RIGID" SID="651">
    <PortCounts lconn="1"/>
    <P Name="Position">[665, 220, 705, 260]</P>
    <P Name="ZOrder">9</P>
    <Mask>
      <Display/>
    </Mask>
    <System Ref="system_651"/>
  </Block>
  <Block BlockType="PMIOPort" Name="G" SID="1315">
    <P Name="Position">[150, 333, 180, 347]</P>
    <P Name="ZOrder">10</P>
    <P Name="Side">Right</P>
  </Block>
  <Line LineType="Connection">
    <P Name="ZOrder">1</P>
    <P Name="Points">[257, 310; 53, 0]</P>
    <P Name="Dst">644#lconn:1</P>
    <Branch ConnectType="SRC_DEST">
      <P Name="Points">[257, 340; 0, -30]</P>
      <Branch ConnectType="SRC_DEST">
        <P Name="Points">[257, 370; 0, -30]</P>
        <Branch ConnectType="SRC_SRC">
          <P Name="Points">[0, 48; 175, 0]</P>
          <Branch ConnectType="DEST_SRC">
            <P Name="Points">[0, -48]</P>
            <Branch ConnectType="DEST_SRC">
              <P Name="Points">[0, -65]</P>
              <Branch ConnectType="DEST_SRC">
                <P Name="Points">[0, -65]</P>
                <P Name="Dst">648#lconn:1</P>
              </Branch>
              <Branch ConnectType="DEST_SRC">
                <P Name="Dst">647#lconn:1</P>
              </Branch>
            </Branch>
            <Branch ConnectType="DEST_SRC">
              <P Name="Dst">646#lconn:1</P>
            </Branch>
          </Branch>
          <Branch ConnectType="DEST_SRC">
            <P Name="Points">[163, 0; 0, -48]</P>
            <Branch ConnectType="DEST_SRC">
              <P Name="Points">[0, -65]</P>
              <Branch ConnectType="DEST_SRC">
                <P Name="Points">[0, -65]</P>
                <P Name="Dst">651#lconn:1</P>
              </Branch>
              <Branch ConnectType="DEST_SRC">
                <P Name="Dst">650#lconn:1</P>
              </Branch>
            </Branch>
            <Branch ConnectType="DEST_SRC">
              <P Name="Dst">649#lconn:1</P>
            </Branch>
          </Branch>
        </Branch>
        <Branch ConnectType="SRC_DEST">
          <P Name="Src">643#lconn:1</P>
          <P Name="Points">[-53, 0]</P>
        </Branch>
      </Branch>
      <Branch ConnectType="SRC_SRC">
        <P Name="Dst">1315#rconn:1</P>
      </Branch>
    </Branch>
    <Branch ConnectType="SRC_SRC">
      <P Name="Points">[0, -65]</P>
      <P Name="Dst">645#lconn:1</P>
    </Branch>
  </Line>
</System>
