<?xml version="1.0" encoding="utf-8"?>
<System>
  <P Name="Location">[-1, -7, 1537, 825]</P>
  <P Name="ZoomFactor">98</P>
  <Block BlockType="SubSystem" Name="Hex_Nut_M10_1_RIGID" SID="753">
    <PortCounts lconn="1"/>
    <P Name="Position">[370, 195, 410, 235]</P>
    <P Name="ZOrder">1</P>
    <Mask>
      <Display/>
    </Mask>
    <System Ref="system_753"/>
  </Block>
  <Block BlockType="SubSystem" Name="Hex_Screw_M10_1_RIGID" SID="754">
    <PortCounts lconn="1"/>
    <P Name="Position">[370, 135, 410, 175]</P>
    <P Name="ZOrder">2</P>
    <Mask>
      <Display/>
    </Mask>
    <System Ref="system_754"/>
  </Block>
  <Block BlockType="SubSystem" Name="Mount_1_RIGID" SID="759">
    <PortCounts lconn="3"/>
    <P Name="Position">[315, 35, 355, 75]</P>
    <P Name="ZOrder">7</P>
    <Mask>
      <Display/>
    </Mask>
    <System Ref="system_759"/>
  </Block>
  <Block BlockType="SubSystem" Name="Screws MountL" SID="1954">
    <PortCounts lconn="1"/>
    <P Name="Position">[145, 167, 190, 213]</P>
    <P Name="ZOrder">13</P>
    <P Name="BlockMirror">on</P>
    <P Name="ContentPreviewEnabled">on</P>
    <System Ref="system_1954"/>
  </Block>
  <Block BlockType="Reference" Name="Transform" SID="761">
    <PortCounts lconn="1" rconn="1"/>
    <P Name="Position">[130, 30, 170, 70]</P>
    <P Name="ZOrder">9</P>
    <P Name="LibraryVersion">7.71</P>
    <P Name="SourceBlock">sm_lib/Frames and
Transforms/Rigid
Transform</P>
    <P Name="SourceType">Rigid
Transform</P>
    <InstanceData>
      <P Name="LogSimulationData">off</P>
      <P Name="TranslationMethod">Cartesian</P>
      <P Name="TranslationStandardOffset">0</P>
      <P Name="TranslationStandardOffsetUnits">m</P>
      <P Name="TranslationStandardOffset_conf">compiletime</P>
      <P Name="TranslationStandardAxis">+Z</P>
      <P Name="TranslationCartesianOffset">smiData.RigidTransform(211).translation</P>
      <P Name="TranslationCartesianOffsetUnits">m</P>
      <P Name="TranslationCartesianOffset_conf">compiletime</P>
      <P Name="TranslationROffset">0</P>
      <P Name="TranslationROffsetUnits">m</P>
      <P Name="TranslationROffset_conf">compiletime</P>
      <P Name="TranslationZOffset">0</P>
      <P Name="TranslationZOffsetUnits">m</P>
      <P Name="TranslationZOffset_conf">compiletime</P>
      <P Name="TranslationThetaOffset">0</P>
      <P Name="TranslationThetaOffsetUnits">deg</P>
      <P Name="TranslationThetaOffset_conf">compiletime</P>
      <P Name="RotationMethod">ArbitraryAxis</P>
      <P Name="RotationAngleUnits">rad</P>
      <P Name="RotationStandardAxis">+Z</P>
      <P Name="RotationAngle">smiData.RigidTransform(211).angle</P>
      <P Name="RotationAngle_conf">compiletime</P>
      <P Name="RotationArbitraryAxis">smiData.RigidTransform(211).axis</P>
      <P Name="RotationArbitraryAxis_conf">compiletime</P>
      <P Name="FollAlignAxisA">+X</P>
      <P Name="BaseAlignAxisA">+Y</P>
      <P Name="FollAlignAxisB">+Y</P>
      <P Name="BaseAlignAxisB">+Z</P>
      <P Name="RotationSequenceAxes">FollowerAxes</P>
      <P Name="RotationSequence">XYX</P>
      <P Name="RotationSequenceAngles">[0 0 0]</P>
      <P Name="RotationSequenceAnglesUnits">deg</P>
      <P Name="RotationSequenceAngles_conf">compiletime</P>
      <P Name="RotationMatrix">[1 0 0; 0 1 0; 0 0 1]</P>
      <P Name="RotationMatrix_conf">compiletime</P>
      <P Name="Quaternion">[1 0 0 0]</P>
      <P Name="Quaternion_conf">compiletime</P>
    </InstanceData>
  </Block>
  <Block BlockType="PMIOPort" Name="F" SID="762">
    <P Name="Position">[230, 80, 250, 100]</P>
    <P Name="ZOrder">10</P>
    <P Name="Side">Right</P>
  </Block>
  <Block BlockType="PMIOPort" Name="F1" SID="1057">
    <P Name="Position">[40, 40, 60, 60]</P>
    <P Name="ZOrder">11</P>
    <P Name="Port">2</P>
    <P Name="Side">Left</P>
  </Block>
  <Line LineType="Connection">
    <P Name="ZOrder">8</P>
    <P Name="Src">759#lconn:2</P>
    <P Name="Points">[-30, 0; 0, 35]</P>
    <P Name="Dst">762#rconn:1</P>
  </Line>
  <Line LineType="Connection">
    <P Name="ZOrder">9</P>
    <P Name="Src">759#lconn:1</P>
    <P Name="Points">[-55, 0; 0, 10]</P>
    <P Name="Dst">761#rconn:1</P>
  </Line>
  <Line LineType="Connection">
    <P Name="ZOrder">16</P>
    <P Name="Src">1057#rconn:1</P>
    <P Name="Dst">761#lconn:1</P>
  </Line>
  <Line LineType="Connection">
    <P Name="ZOrder">6</P>
    <P Name="Src">753#lconn:1</P>
    <P Name="Points">[-41, 0; 0, -25]</P>
    <Branch ConnectType="DEST_SRC">
      <P Name="Points">[0, -35]</P>
      <P Name="Dst">754#lconn:1</P>
    </Branch>
    <Branch ConnectType="DEST_SRC">
      <P Name="Points">[-55, 0]</P>
      <Branch ConnectType="DEST_SRC">
        <P Name="Points">[0, -35; 31, 0; 0, -85]</P>
        <P Name="Dst">759#lconn:3</P>
      </Branch>
      <Branch ConnectType="DEST_SRC">
        <P Name="Dst">1954#lconn:1</P>
      </Branch>
    </Branch>
  </Line>
</System>
