<?xml version="1.0" encoding="utf-8"?>
<System>
  <P Name="Location">[-7, 0, 1287, 704]</P>
  <Block BlockType="Reference" Name="Controlled Voltage&#xA;Source" SID="1924:1065">
    <PortCounts lconn="1" rconn="2"/>
    <P Name="Position">[100, 25, 140, 65]</P>
    <P Name="ZOrder">-1</P>
    <P Name="BlockMirror">on</P>
    <P Name="LibraryVersion">10006000.1</P>
    <P Name="SourceBlock">fl_lib/Electrical/Electrical Sources/Controlled Voltage
Source</P>
    <P Name="SourceType">Controlled Voltage
Source</P>
    <InstanceData>
      <P Name="LogSimulationData">off</P>
      <P Name="SourceFile">foundation.electrical.sources.controlled_voltage</P>
      <P Name="InternalSimscapePortConfiguration">{&quot;Bottom&quot;:[],&quot;Left&quot;:[{&quot;id&quot;:&quot;p&quot;,&quot;label&quot;:&quot;&quot;,&quot;type&quot;:&quot;foundation.electrical.electrical&quot;}],&quot;Right&quot;:[{&quot;id&quot;:&quot;vT&quot;,&quot;label&quot;:&quot;&quot;,&quot;type&quot;:&quot;input&quot;},{&quot;id&quot;:&quot;n&quot;,&quot;label&quot;:&quot;&quot;,&quot;type&quot;:&quot;foundation.electrical.electrical&quot;}],&quot;Top&quot;:[]}</P>
      <P Name="SscBlockScalableBuild">off</P>
      <P Name="ComponentPath">foundation.electrical.sources.controlled_voltage</P>
      <P Name="ComponentVariants">foundation.electrical.sources.controlled_voltage</P>
      <P Name="ComponentVariantNames">controlled_voltage</P>
      <P Name="ClassName">controlled_voltage_source</P>
      <P Name="SchemaVersion">1</P>
    </InstanceData>
  </Block>
  <Block BlockType="Reference" Name="Electrical Reference" SID="1924:1066">
    <PortCounts lconn="1"/>
    <P Name="Position">[35, 85, 55, 105]</P>
    <P Name="ZOrder">-2</P>
    <P Name="BlockRotation">270</P>
    <P Name="BlockMirror">on</P>
    <P Name="NameLocation">right</P>
    <P Name="ShowName">off</P>
    <P Name="LibraryVersion">10006000.1</P>
    <P Name="SourceBlock">fl_lib/Electrical/Electrical Elements/Electrical Reference</P>
    <P Name="SourceType">Electrical Reference</P>
    <InstanceData>
      <P Name="LogSimulationData">off</P>
      <P Name="SourceFile">foundation.electrical.elements.reference</P>
      <P Name="InternalSimscapePortConfiguration">{&quot;Bottom&quot;:[],&quot;Left&quot;:[{&quot;id&quot;:&quot;V&quot;,&quot;label&quot;:&quot;&quot;,&quot;type&quot;:&quot;foundation.electrical.electrical&quot;}],&quot;Right&quot;:[],&quot;Top&quot;:[]}</P>
      <P Name="SscBlockScalableBuild">off</P>
      <P Name="ComponentPath">foundation.electrical.elements.reference</P>
      <P Name="ComponentVariants">foundation.electrical.elements.reference</P>
      <P Name="ComponentVariantNames">reference</P>
      <P Name="ClassName">reference_electrical</P>
      <P Name="SchemaVersion">1</P>
    </InstanceData>
  </Block>
  <Block BlockType="PMIOPort" Name="PS" SID="1924:1067">
    <P Name="Position">[45, 28, 75, 42]</P>
    <P Name="ZOrder">-3</P>
    <P Name="Side">Right</P>
  </Block>
  <Block BlockType="PMIOPort" Name="V" SID="1924:1068">
    <P Name="Position">[165, 38, 195, 52]</P>
    <P Name="ZOrder">-4</P>
    <P Name="BlockMirror">on</P>
    <P Name="Port">2</P>
    <P Name="Side">Left</P>
  </Block>
  <Line LineType="Connection">
    <P Name="ZOrder">1</P>
    <P Name="Src">1924:1068#rconn:1</P>
    <P Name="Dst">1924:1065#lconn:1</P>
  </Line>
  <Line LineType="Connection">
    <P Name="ZOrder">2</P>
    <P Name="Src">1924:1067#rconn:1</P>
    <P Name="Dst">1924:1065#rconn:1</P>
  </Line>
  <Line LineType="Connection">
    <P Name="ZOrder">3</P>
    <P Name="Src">1924:1066#lconn:1</P>
    <P Name="Points">[0, -15]</P>
    <P Name="Dst">1924:1065#rconn:2</P>
  </Line>
</System>
