<?xml version="1.0" encoding="utf-8"?>
<System>
  <P Name="Location">[-1, -7, 1537, 825]</P>
  <Block BlockType="Inport" Name="f1" SID="2054">
    <P Name="Position">[20, 28, 50, 42]</P>
    <P Name="ZOrder">11641</P>
    <PortProperties>
      <Port Type="out" Index="1">
        <P Name="PropagatedSignals">f1</P>
      </Port>
    </PortProperties>
  </Block>
  <Block BlockType="Inport" Name="f2" SID="2055">
    <P Name="Position">[20, 63, 50, 77]</P>
    <P Name="ZOrder">11642</P>
    <P Name="Port">2</P>
    <PortProperties>
      <Port Type="out" Index="1">
        <P Name="PropagatedSignals">f2</P>
      </Port>
    </PortProperties>
  </Block>
  <Block BlockType="Inport" Name="f3" SID="2056">
    <P Name="Position">[20, 98, 50, 112]</P>
    <P Name="ZOrder">11643</P>
    <P Name="Port">3</P>
    <PortProperties>
      <Port Type="out" Index="1">
        <P Name="PropagatedSignals">f3</P>
      </Port>
    </PortProperties>
  </Block>
  <Block BlockType="Mux" Name="Mux" SID="2057">
    <PortCounts in="3" out="1"/>
    <P Name="Position">[80, 15, 85, 125]</P>
    <P Name="ZOrder">11639</P>
    <P Name="ShowName">off</P>
    <P Name="Inputs">3</P>
    <P Name="DisplayOption">bar</P>
  </Block>
  <Block BlockType="Terminator" Name="Terminator" SID="2058">
    <P Name="Position">[115, 60, 135, 80]</P>
    <P Name="ZOrder">11640</P>
  </Block>
  <Block BlockType="Outport" Name="fz" SID="2065">
    <P Name="Position">[115, -12, 145, 2]</P>
    <P Name="ZOrder">11644</P>
    <P Name="VectorParamsAs1DForOutWhenUnconnected">off</P>
  </Block>
  <Line>
    <P Name="ZOrder">1</P>
    <P Name="Src">2055#out:1</P>
    <P Name="Dst">2057#in:2</P>
  </Line>
  <Line>
    <P Name="ZOrder">2</P>
    <P Name="Src">2057#out:1</P>
    <P Name="Dst">2058#in:1</P>
  </Line>
  <Line>
    <P Name="ZOrder">3</P>
    <P Name="Src">2056#out:1</P>
    <P Name="Dst">2057#in:3</P>
  </Line>
  <Line>
    <P Name="ZOrder">4</P>
    <P Name="Src">2054#out:1</P>
    <P Name="Points">[5, 0]</P>
    <Branch>
      <P Name="ZOrder">6</P>
      <P Name="Points">[0, -40]</P>
      <P Name="Dst">2065#in:1</P>
    </Branch>
    <Branch>
      <P Name="ZOrder">5</P>
      <P Name="Dst">2057#in:1</P>
    </Branch>
  </Line>
</System>
