<?xml version="1.0" encoding="utf-8"?>
<System>
  <P Name="Location">[-1, -7, 1537, 825]</P>
  <Block BlockType="SubSystem" Name="Abstract" SID="2349:873">
    <PortCounts lconn="2" rconn="2"/>
    <P Name="Position">[80, 22, 180, 98]</P>
    <P Name="ZOrder">11613</P>
    <P Name="VariantControl">Abstract</P>
    <Mask>
      <Display IconOpaque="opaque-with-ports" RunInitForIconRedraw="off" IconRotate="port" PortRotate="physical">image(&apos;sm_aileron_actuator_driver_averaged_IMAGE.png&apos;);</Display>
    </Mask>
    <System Ref="system_2349_873"/>
  </Block>
  <Block BlockType="SubSystem" Name="Circuit" SID="2349:901">
    <PortCounts lconn="2" rconn="2"/>
    <P Name="Position">[80, 129, 180, 211]</P>
    <P Name="ZOrder">11630</P>
    <P Name="VariantControl">Circuit</P>
    <Mask>
      <Display IconOpaque="opaque-with-ports" RunInitForIconRedraw="off" IconRotate="port" PortRotate="physical">image(&apos;sm_aileron_actuator_driver_circuit_IMAGE.png&apos;);</Display>
    </Mask>
    <System Ref="system_2349_901"/>
  </Block>
  <Block BlockType="PMIOPort" Name=" V+" SID="2349:1035">
    <P Name="Position">[210, 33, 240, 47]</P>
    <P Name="ZOrder">11614</P>
    <P Name="BlockMirror">on</P>
    <P Name="Side">Right</P>
  </Block>
  <Block BlockType="PMIOPort" Name=" V-" SID="2349:1036">
    <P Name="Position">[210, 73, 240, 87]</P>
    <P Name="ZOrder">11615</P>
    <P Name="BlockMirror">on</P>
    <P Name="Port">2</P>
    <P Name="Side">Right</P>
  </Block>
  <Block BlockType="PMIOPort" Name=" Vr" SID="2349:1037">
    <P Name="Position">[20, 33, 50, 47]</P>
    <P Name="ZOrder">11616</P>
    <P Name="Port">3</P>
    <P Name="Side">Left</P>
  </Block>
  <Block BlockType="PMIOPort" Name=" REV" SID="2349:1038">
    <P Name="Position">[20, 73, 50, 87]</P>
    <P Name="ZOrder">11617</P>
    <P Name="Port">4</P>
    <P Name="Side">Left</P>
  </Block>
</System>
