<?xml version="1.0" encoding="utf-8"?>
<System>
  <P Name="Location">[21, 14, 874, 552]</P>
  <P Name="ZoomFactor">60</P>
  <Block BlockType="SubSystem" Name="Hex_Bolt_M10_1_RIGID" SID="264">
    <PortCounts lconn="1"/>
    <P Name="Position">[185, 85, 225, 125]</P>
    <P Name="ZOrder">4</P>
    <Mask>
      <Display/>
    </Mask>
    <System Ref="system_264"/>
  </Block>
  <Block BlockType="SubSystem" Name="Washer_3_RIGID" SID="289">
    <PortCounts lconn="1"/>
    <P Name="Position">[185, 20, 225, 60]</P>
    <P Name="ZOrder">29</P>
    <Mask>
      <Display/>
    </Mask>
    <System Ref="system_289"/>
  </Block>
  <Block BlockType="PMIOPort" Name="G" SID="1272">
    <P Name="Position">[20, 68, 50, 82]</P>
    <P Name="ZOrder">30</P>
    <P Name="Side">Left</P>
  </Block>
  <Line LineType="Connection">
    <P Name="ZOrder">122</P>
    <P Name="Points">[147, 73; 0, -33; 23, 0]</P>
    <P Name="Dst">289#lconn:1</P>
    <Branch ConnectType="SRC_DEST">
      <P Name="Src">1272#rconn:1</P>
      <P Name="Points">[41, 0; 0, -2; 41, 0]</P>
    </Branch>
    <Branch ConnectType="SRC_SRC">
      <P Name="Points">[0, 32]</P>
      <P Name="Dst">264#lconn:1</P>
    </Branch>
  </Line>
</System>
