<?xml version="1.0" encoding="utf-8"?>
<System>
  <P Name="Location">[-1, -7, 1537, 825]</P>
  <P Name="SIDHighWatermark">121</P>
  <Block BlockType="Inport" Name="del_fz" SID="2517::113">
    <P Name="Position">[20, 101, 40, 119]</P>
    <P Name="ZOrder">93</P>
  </Block>
  <Block BlockType="Inport" Name="clock" SID="2517::121">
    <P Name="Position">[20, 136, 40, 154]</P>
    <P Name="ZOrder">100</P>
    <P Name="Port">2</P>
  </Block>
  <Block BlockType="Inport" Name="del_qMeas" SID="2517::114">
    <P Name="Position">[20, 171, 40, 189]</P>
    <P Name="ZOrder">94</P>
    <P Name="Port">3</P>
  </Block>
  <Block BlockType="Inport" Name="del_qCmd" SID="2517::111">
    <P Name="Position">[20, 206, 40, 224]</P>
    <P Name="ZOrder">91</P>
    <P Name="Port">4</P>
  </Block>
  <Block BlockType="Inport" Name="del_I" SID="2517::109">
    <P Name="Position">[20, 246, 40, 264]</P>
    <P Name="ZOrder">89</P>
    <P Name="Port">5</P>
  </Block>
  <Block BlockType="Inport" Name="del_Disp" SID="2517::120">
    <P Name="Position">[20, 281, 40, 299]</P>
    <P Name="ZOrder">99</P>
    <P Name="Port">6</P>
  </Block>
  <Block BlockType="Demux" Name=" Demux " SID="2517::118">
    <PortCounts in="1" out="1"/>
    <P Name="Position">[270, 230, 320, 270]</P>
    <P Name="ZOrder">97</P>
    <P Name="Outputs">1</P>
  </Block>
  <Block BlockType="S-Function" Name=" SFunction " SID="2517::117">
    <P Name="Tag">Stateflow S-Function 5</P>
    <PortCounts in="6" out="2"/>
    <P Name="Position">[180, 107, 230, 248]</P>
    <P Name="ZOrder">96</P>
    <P Name="FunctionName">sf_sfun</P>
    <P Name="Parameters">thr</P>
    <P Name="PortCounts">[6 2]</P>
    <P Name="SFunctionDeploymentMode">off</P>
    <P Name="EnableBusSupport">on</P>
    <P Name="SFcnIsStateOwnerBlock">off</P>
    <PortProperties>
      <Port Type="out" Index="2">
        <P Name="Name">S</P>
      </Port>
    </PortProperties>
  </Block>
  <Block BlockType="Terminator" Name=" Terminator " SID="2517::119">
    <P Name="Position">[460, 241, 480, 259]</P>
    <P Name="ZOrder">98</P>
  </Block>
  <Block BlockType="Outport" Name="S" SID="2517::115">
    <P Name="Position">[460, 101, 480, 119]</P>
    <P Name="ZOrder">95</P>
  </Block>
  <Line>
    <P Name="ZOrder">1</P>
    <P Name="Src">2517::113#out:1</P>
    <P Name="Dst">2517::117#in:1</P>
  </Line>
  <Line>
    <P Name="ZOrder">2</P>
    <P Name="Src">2517::121#out:1</P>
    <P Name="Dst">2517::117#in:2</P>
  </Line>
  <Line>
    <P Name="ZOrder">3</P>
    <P Name="Src">2517::114#out:1</P>
    <P Name="Dst">2517::117#in:3</P>
  </Line>
  <Line>
    <P Name="ZOrder">4</P>
    <P Name="Src">2517::111#out:1</P>
    <P Name="Dst">2517::117#in:4</P>
  </Line>
  <Line>
    <P Name="ZOrder">5</P>
    <P Name="Src">2517::109#out:1</P>
    <P Name="Dst">2517::117#in:5</P>
  </Line>
  <Line>
    <P Name="ZOrder">6</P>
    <P Name="Src">2517::120#out:1</P>
    <P Name="Dst">2517::117#in:6</P>
  </Line>
  <Line>
    <P Name="Name">S</P>
    <P Name="ZOrder">7</P>
    <P Name="Labels">[0, 0]</P>
    <P Name="Src">2517::117#out:2</P>
    <P Name="Dst">2517::115#in:1</P>
  </Line>
  <Line>
    <P Name="ZOrder">8</P>
    <P Name="Src">2517::118#out:1</P>
    <P Name="Dst">2517::119#in:1</P>
  </Line>
  <Line>
    <P Name="ZOrder">9</P>
    <P Name="Src">2517::117#out:1</P>
    <P Name="Dst">2517::118#in:1</P>
  </Line>
</System>
