<?xml version="1.0" encoding="utf-8"?>
<System>
  <P Name="Location">[-1, -7, 1537, 825]</P>
  <Block BlockType="Reference" Name="MechanismConfiguration" SID="8">
    <PortCounts rconn="1"/>
    <P Name="Position">[20, 110, 60, 150]</P>
    <P Name="ZOrder">29</P>
    <P Name="ShowName">off</P>
    <P Name="LibraryVersion">7.71</P>
    <P Name="SourceBlock">sm_lib/Utilities/Mechanism
Configuration</P>
    <P Name="SourceType">Mechanism
Configuration</P>
    <InstanceData>
      <P Name="LogSimulationData">off</P>
      <P Name="UniformGravity">Constant</P>
      <P Name="GravityVector">[0 0 -9.80665]</P>
      <P Name="GravityVectorUnits">m/s^2</P>
      <P Name="GravityVector_conf">compiletime</P>
      <P Name="LinearizationDelta">0.001</P>
      <P Name="JointModeTransitionNonlinearIterations">2</P>
    </InstanceData>
  </Block>
  <Block BlockType="Reference" Name="Solver&#xA;Configuration" SID="1054">
    <PortCounts rconn="1"/>
    <P Name="Position">[20, 180, 60, 220]</P>
    <P Name="ZOrder">32</P>
    <P Name="ShowName">off</P>
    <P Name="LibraryVersion">7.0</P>
    <P Name="SourceBlock">nesl_utility/Solver
Configuration</P>
    <P Name="SourceType">Solver
Configuration</P>
    <InstanceData>
      <P Name="RTWMemSecFuncInitTerm">Inherit from model</P>
      <P Name="RTWMemSecFuncExecute">Inherit from model</P>
      <P Name="RTWMemSecDataConstants">Inherit from model</P>
      <P Name="RTWMemSecDataInternal">Inherit from model</P>
      <P Name="RTWMemSecDataParameters">Inherit from model</P>
      <P Name="ContentPreviewEnabled">off</P>
      <P Name="PhysicalDomain">network_engine_domain</P>
      <P Name="SubClassName">solver</P>
      <P Name="LeftPortType">input</P>
      <P Name="RightPortType">generic</P>
      <P Name="Tones">[]</P>
      <P Name="Harmonics">[]</P>
      <P Name="SimulateNoise">off</P>
      <P Name="Profile">off</P>
      <P Name="UseLocalSampling">off</P>
      <P Name="EnableSwitchedLinearOptims">on</P>
      <P Name="FrequencyDomain">off</P>
      <P Name="UseCCode">off</P>
      <P Name="RelTol">0.001</P>
      <P Name="AbsTol">1e-06</P>
      <P Name="MinStep">1e-09</P>
      <P Name="ToWorkspace">off</P>
      <P Name="RevertToSquareIcSolve">off</P>
      <P Name="NumHomotopyIterations">100</P>
      <P Name="PhasorMode">off</P>
      <P Name="PhasorModeNumHarmonics">1</P>
      <P Name="ConsistencySolver">NEWTON_FTOL</P>
      <P Name="IndexReductionMethod">DerivativeReplacement</P>
      <P Name="DoDC">off</P>
      <P Name="ResidualTolerance">1e-9</P>
      <P Name="ConsistencyTolSource">GLOBAL</P>
      <P Name="ConsistencyAbsTol">0.001</P>
      <P Name="ConsistencyRelTol">0.001</P>
      <P Name="ConsistencyTolFactor">0.001</P>
      <P Name="UseLocalSolver">off</P>
      <P Name="LocalSolverChoice">NE_BACKWARD_EULER_ADVANCER</P>
      <P Name="ResolveIndetEquations">on</P>
      <P Name="FunctionEvalNumThread">1</P>
      <P Name="LocalSolverSampleTime">0.001</P>
      <P Name="DoFixedCost">off</P>
      <P Name="MaxNonlinIter">3</P>
      <P Name="MaxModeIter">2</P>
      <P Name="ComputeImpulses">off</P>
      <P Name="ImpulseIterations">2</P>
      <P Name="LinearAlgebra">Sparse</P>
      <P Name="LinearAlgebraNumThread">0</P>
      <P Name="EquationFormulation">NE_TIME_EF</P>
      <P Name="DelaysMemoryBudget">2048</P>
      <P Name="AutomaticFiltering">on</P>
      <P Name="FilteringTimeConstant">0.01</P>
      <P Name="PartitionStorageMethod">AS_NEEDED</P>
      <P Name="PartitionMemoryBudget">1024</P>
      <P Name="PartitionMethod">FAST</P>
    </InstanceData>
  </Block>
  <Block BlockType="PMIOPort" Name="C" SID="1062">
    <P Name="Position">[30, 23, 60, 37]</P>
    <P Name="ZOrder">33</P>
    <P Name="Side">Left</P>
  </Block>
  <Line LineType="Connection">
    <P Name="ZOrder">6</P>
    <P Name="Points">[85, 130; 0, 70; -10, 0]</P>
    <P Name="Dst">1054#rconn:1</P>
    <Branch ConnectType="SRC_SRC">
      <P Name="Points">[0, -100]</P>
      <P Name="Dst">1062#rconn:1</P>
    </Branch>
    <Branch ConnectType="SRC_DEST">
      <P Name="Src">8#rconn:1</P>
      <P Name="Points">[10, 0]</P>
    </Branch>
  </Line>
</System>
