<?xml version="1.0" encoding="utf-8"?>
<System>
  <P Name="Location">[-1, -7, 1537, 825]</P>
  <P Name="ZoomFactor">105</P>
  <Block BlockType="Inport" Name="qMeas" SID="2487">
    <P Name="Position">[20, 23, 50, 37]</P>
    <P Name="ZOrder">70642</P>
    <PortProperties>
      <Port Type="out" Index="1">
        <P Name="PropagatedSignals">qMeas</P>
      </Port>
    </PortProperties>
  </Block>
  <Block BlockType="Inport" Name="In2" SID="2488">
    <P Name="Position">[25, 53, 55, 67]</P>
    <P Name="ZOrder">70643</P>
    <P Name="Port">2</P>
  </Block>
  <Block BlockType="Delay" Name="Delay4" SID="2183">
    <PortCounts in="1" out="1"/>
    <P Name="Position">[645, 138, 680, 172]</P>
    <P Name="ZOrder">70641</P>
    <P Name="BlockMirror">on</P>
    <P Name="Commented">on</P>
    <P Name="InputPortMap">u0</P>
    <P Name="DelayLength">1</P>
  </Block>
  <Block BlockType="Reference" Name="Discrete Derivative1" SID="2515">
    <PortCounts in="1" out="1"/>
    <P Name="Position">[150, 77, 210, 113]</P>
    <P Name="ZOrder">70646</P>
    <P Name="BlockMirror">on</P>
    <P Name="LibraryVersion">4.1</P>
    <P Name="SourceBlock">simulink/Discrete/Discrete Derivative</P>
    <P Name="SourceType">Discrete Derivative</P>
    <InstanceData>
      <P Name="RTWMemSecFuncInitTerm">Inherit from model</P>
      <P Name="RTWMemSecFuncExecute">Inherit from model</P>
      <P Name="RTWMemSecDataConstants">Inherit from model</P>
      <P Name="RTWMemSecDataInternal">Inherit from model</P>
      <P Name="RTWMemSecDataParameters">Inherit from model</P>
      <P Name="ContentPreviewEnabled">on</P>
      <P Name="gainval">1.0</P>
      <P Name="ICPrevScaledInput">0.0</P>
      <P Name="InputProcessing">Elements as channels (sample based)</P>
      <P Name="OutMin">[]</P>
      <P Name="OutMax">[]</P>
      <P Name="OutDataTypeStr">Inherit: Inherit via internal rule</P>
      <P Name="OutputDataTypeScalingMode">Inherit via internal rule</P>
      <P Name="OutDataType">fixdt(1, 16)</P>
      <P Name="OutScaling">2^-10</P>
      <P Name="LockScale">off</P>
      <P Name="RndMeth">Floor</P>
      <P Name="DoSatur">off</P>
    </InstanceData>
  </Block>
  <Block BlockType="Sum" Name="Subtract4" SID="2182">
    <PortCounts in="2" out="1"/>
    <P Name="Position">[590, 122, 625, 158]</P>
    <P Name="ZOrder">70640</P>
    <P Name="BlockMirror">on</P>
    <P Name="Commented">on</P>
    <P Name="IconShape">rectangular</P>
    <P Name="Inputs">+-</P>
    <PortProperties>
      <Port Type="out" Index="1">
        <P Name="Name">del_qMeas</P>
      </Port>
    </PortProperties>
  </Block>
  <Block BlockType="Sum" Name="Sum" SID="1382">
    <PortCounts in="2" out="1"/>
    <P Name="Position">[325, 50, 345, 70]</P>
    <P Name="ZOrder">59282</P>
    <P Name="ShowName">off</P>
    <P Name="Inputs">-+|</P>
  </Block>
  <Block BlockType="Outport" Name="Out1" SID="2489">
    <P Name="Position">[500, 53, 530, 67]</P>
    <P Name="ZOrder">70644</P>
  </Block>
  <Block BlockType="Outport" Name="del_qMeas" SID="2490">
    <P Name="Position">[50, 88, 80, 102]</P>
    <P Name="ZOrder">70645</P>
    <P Name="BlockMirror">on</P>
    <P Name="Port">2</P>
  </Block>
  <Line>
    <P Name="ZOrder">703</P>
    <P Name="Src">2183#out:1</P>
    <P Name="Dst">2182#in:2</P>
  </Line>
  <Line>
    <P Name="ZOrder">2430</P>
    <P Name="Src">2487#out:1</P>
    <P Name="Points">[210, 0]</P>
    <Branch>
      <P Name="ZOrder">2445</P>
      <P Name="Points">[0, 65]</P>
      <P Name="Dst">2515#in:1</P>
    </Branch>
    <Branch>
      <P Name="ZOrder">2444</P>
      <P Name="Points">[70, 0]</P>
      <P Name="Dst">1382#in:1</P>
    </Branch>
  </Line>
  <Line>
    <P Name="ZOrder">2431</P>
    <P Name="Src">2488#out:1</P>
    <P Name="Dst">1382#in:2</P>
  </Line>
  <Line>
    <P Name="ZOrder">2432</P>
    <P Name="Src">1382#out:1</P>
    <P Name="Dst">2489#in:1</P>
  </Line>
  <Line>
    <P Name="ZOrder">2443</P>
    <P Name="Src">2515#out:1</P>
    <P Name="Dst">2490#in:1</P>
  </Line>
</System>
