<?xml version="1.0" encoding="utf-8"?>
<System>
  <P Name="Location">[-1, -8, 1921, 1041]</P>
  <Block BlockType="Inport" Name="In1" SID="2346:1301">
    <P Name="Position">[85, 178, 115, 192]</P>
    <P Name="ZOrder">41</P>
  </Block>
  <Block BlockType="Reference" Name="Electrical Reference1" SID="2346:1216">
    <PortCounts lconn="1"/>
    <P Name="Position">[245, 130, 265, 150]</P>
    <P Name="ZOrder">-1</P>
    <P Name="BlockRotation">270</P>
    <P Name="BlockMirror">on</P>
    <P Name="NameLocation">left</P>
    <P Name="ShowName">off</P>
    <P Name="LibraryVersion">10007000.1</P>
    <P Name="SourceBlock">fl_lib/Electrical/Electrical Elements/Electrical Reference</P>
    <P Name="SourceType">Electrical Reference</P>
    <InstanceData>
      <P Name="LogSimulationData">off</P>
      <P Name="SourceFile">foundation.electrical.elements.reference</P>
      <P Name="InternalSimscapePortConfiguration">{&quot;Bottom&quot;:[],&quot;Left&quot;:[{&quot;id&quot;:&quot;V&quot;,&quot;label&quot;:&quot;&quot;,&quot;type&quot;:&quot;foundation.electrical.electrical&quot;}],&quot;Right&quot;:[],&quot;Top&quot;:[]}</P>
      <P Name="SscBlockScalableBuild">off</P>
      <P Name="ComponentPath">foundation.electrical.elements.reference</P>
      <P Name="ComponentVariants">foundation.electrical.elements.reference</P>
      <P Name="ComponentVariantNames">reference</P>
      <P Name="ClassName">reference_electrical</P>
      <P Name="SchemaVersion">1</P>
    </InstanceData>
  </Block>
  <Block BlockType="Reference" Name="Incremental Shaft&#xA;Encoder" SID="2346:1219">
    <PortCounts lconn="2" rconn="4"/>
    <P Name="Position">[125, 25, 235, 130]</P>
    <P Name="ZOrder">-3</P>
    <P Name="LibraryVersion">10007000.3</P>
    <P Name="SourceBlock">ee_lib/Sensors &amp;
Transducers/Incremental Shaft
Encoder</P>
    <P Name="SourceType">Incremental Shaft
Encoder</P>
    <InstanceData>
      <P Name="LogSimulationData">off</P>
      <P Name="SourceFile">ee.sensors.inc_rot_encoder</P>
      <P Name="InternalSimscapePortConfiguration">{&quot;Bottom&quot;:[],&quot;Left&quot;:[{&quot;id&quot;:&quot;R&quot;,&quot;label&quot;:&quot;R&quot;,&quot;type&quot;:&quot;foundation.mechanical.rotational.rotational&quot;},{&quot;id&quot;:&quot;C&quot;,&quot;label&quot;:&quot;C&quot;,&quot;type&quot;:&quot;foundation.mechanical.rotational.rotational&quot;}],&quot;Right&quot;:[{&quot;id&quot;:&quot;A&quot;,&quot;label&quot;:&quot;A&quot;,&quot;type&quot;:&quot;foundation.electrical.electrical&quot;},{&quot;id&quot;:&quot;B&quot;,&quot;label&quot;:&quot;B&quot;,&quot;type&quot;:&quot;foundation.electrical.electrical&quot;},{&quot;id&quot;:&quot;Z&quot;,&quot;label&quot;:&quot;Z&quot;,&quot;type&quot;:&quot;foundation.electrical.electrical&quot;},{&quot;id&quot;:&quot;GND&quot;,&quot;label&quot;:&quot;REF&quot;,&quot;type&quot;:&quot;foundation.electrical.electrical&quot;}],&quot;Top&quot;:[]}</P>
      <P Name="SscBlockScalableBuild">off</P>
      <P Name="ComponentPath">ee.sensors.inc_rot_encoder</P>
      <P Name="ComponentVariants">ee.sensors.inc_rot_encoder</P>
      <P Name="ComponentVariantNames">[&quot;&quot;]</P>
      <P Name="ClassName">inc_rot_encoder</P>
      <P Name="SchemaVersion">1</P>
      <P Name="NPulse">2</P>
      <P Name="NPulse_unit">1</P>
      <P Name="NPulse_conf">compiletime</P>
      <P Name="Vm">5</P>
      <P Name="Vm_unit">V</P>
      <P Name="Vm_conf">compiletime</P>
      <P Name="angle0">0</P>
      <P Name="angle0_unit">deg</P>
      <P Name="angle0_conf">compiletime</P>
    </InstanceData>
  </Block>
  <Block BlockType="Mux" Name="Mux" SID="2346:1221">
    <PortCounts in="2" out="1"/>
    <P Name="Position">[505, 116, 510, 154]</P>
    <P Name="ZOrder">-5</P>
    <P Name="ShowName">off</P>
    <P Name="Inputs">2</P>
    <P Name="DisplayOption">bar</P>
  </Block>
  <Block BlockType="SubSystem" Name="PIC Decoder" SID="2346:1222">
    <PortCounts out="1" lconn="2"/>
    <P Name="Position">[295, 27, 370, 78]</P>
    <P Name="ZOrder">-6</P>
    <System Ref="system_2346_1222"/>
  </Block>
  <Block BlockType="Scope" Name="Scope" SID="2346:1271">
    <PortCounts in="1"/>
    <P Name="Position">[540, 119, 570, 151]</P>
    <P Name="ZOrder">40</P>
    <P Name="ScopeSpecificationString">Simulink.scopes.TimeScopeBlockCfg(&apos;CurrentConfiguration&apos;, extmgr.ConfigurationSet(extmgr.Configuration(&apos;Core&apos;,&apos;General UI&apos;,true),extmgr.Configuration(&apos;Core&apos;,&apos;Source UI&apos;,true),extmgr.Configuration(&apos;Sources&apos;,&apos;WiredSimulink&apos;,true,&apos;DataLoggingVariableName&apos;,&apos;ScopeData4&apos;),extmgr.Configuration(&apos;Visuals&apos;,&apos;Time Domain&apos;,true,&apos;SerializedDisplays&apos;,{struct(&apos;MinYLimReal&apos;,&apos;-292.48465&apos;,&apos;MaxYLimReal&apos;,&apos;370.43801&apos;,&apos;YLabelReal&apos;,&apos;&apos;,&apos;MinYLimMag&apos;,&apos; 0.00000&apos;,&apos;MaxYLimMag&apos;,&apos;370.43801&apos;,&apos;LegendVisibility&apos;,&apos;off&apos;,&apos;XGrid&apos;,true,&apos;YGrid&apos;,true,&apos;PlotMagPhase&apos;,false,&apos;AxesColor&apos;,[0 0 0],&apos;AxesTickColor&apos;,[0.686274509803922 0.686274509803922 0.686274509803922],&apos;ColorOrder&apos;,[1 1 0.0666666666666667;0.0745098039215686 0.623529411764706 1;1 0.411764705882353 0.16078431372549;0.392156862745098 0.831372549019608 0.0745098039215686;0.717647058823529 0.274509803921569 1;0.0588235294117647 1 1;1 0.0745098039215686 0.650980392156863],&apos;Title&apos;,&apos;%&lt;SignalLabel&gt;&apos;,&apos;LinePropertiesCache&apos;,{{}},&apos;UserDefinedChannelNames&apos;,{{}},&apos;NumLines&apos;,0,&apos;LineNames&apos;,{{[]}},&apos;ShowContent&apos;,true,&apos;Placement&apos;,1)},&apos;DisplayPropertyDefaults&apos;,struct(&apos;MinYLimReal&apos;,&apos;-292.48465&apos;,&apos;MaxYLimReal&apos;,&apos;370.43801&apos;,&apos;YLabelReal&apos;,&apos;&apos;,&apos;MinYLimMag&apos;,&apos; 0.00000&apos;,&apos;MaxYLimMag&apos;,&apos;370.43801&apos;,&apos;LegendVisibility&apos;,&apos;off&apos;,&apos;XGrid&apos;,true,&apos;YGrid&apos;,true,&apos;PlotMagPhase&apos;,false,&apos;AxesColor&apos;,[0 0 0],&apos;AxesTickColor&apos;,[0.686274509803922 0.686274509803922 0.686274509803922],&apos;ColorOrder&apos;,[0.0745098039215686 0.623529411764706 1;1 0.411764705882353 0.16078431372549;1 1 0.0666666666666667;0.717647058823529 0.274509803921569 1;0.392156862745098 0.831372549019608 0.0745098039215686;0.0588235294117647 1 1;1 0.0745098039215686 0.650980392156863])),extmgr.Configuration(&apos;Tools&apos;,&apos;Plot Navigation&apos;,true,&apos;OnceAtStop&apos;,false,&apos;PreviousZoomMode&apos;,&apos;ZoomX&apos;),extmgr.Configuration(&apos;Tools&apos;,&apos;Measurements&apos;,true,&apos;Version&apos;,&apos;2022b&apos;)),&apos;Version&apos;,&apos;2022b&apos;,&apos;Position&apos;,[873.8 268.2 560 420])</P>
    <P Name="NumInputPorts">1</P>
    <P Name="Floating">off</P>
  </Block>
  <Block BlockType="SubSystem" Name="Z" SID="2346:1273">
    <PortCounts lconn="1"/>
    <P Name="Position">[260, 82, 280, 98]</P>
    <P Name="ZOrder">-8</P>
    <System Ref="system_2346_1273"/>
  </Block>
  <Block BlockType="Gain" Name="volts2rpm" SID="2346:1279">
    <P Name="Position">[400, 100, 455, 150]</P>
    <P Name="ZOrder">-9</P>
    <P Name="Gain">4000/5</P>
  </Block>
  <Block BlockType="PMIOPort" Name="Conn1" SID="2346:1302">
    <P Name="Position">[20, 23, 50, 37]</P>
    <P Name="ZOrder">42</P>
    <P Name="Side">Left</P>
  </Block>
  <Block BlockType="PMIOPort" Name="Conn2" SID="2346:1303">
    <P Name="Position">[35, 98, 65, 112]</P>
    <P Name="ZOrder">43</P>
    <P Name="Port">2</P>
    <P Name="Side">Left</P>
  </Block>
  <Line LineType="Connection">
    <P Name="ZOrder">1</P>
    <P Name="Src">2346:1302#rconn:1</P>
    <P Name="Points">[35, 0; 0, 25]</P>
    <P Name="Dst">2346:1219#lconn:1</P>
  </Line>
  <Line>
    <P Name="ZOrder">2</P>
    <P Name="Src">2346:1221#out:1</P>
    <P Name="Dst">2346:1271#in:1</P>
  </Line>
  <Line LineType="Connection">
    <P Name="ZOrder">3</P>
    <P Name="Src">2346:1216#lconn:1</P>
    <P Name="Dst">2346:1219#rconn:4</P>
  </Line>
  <Line>
    <P Name="ZOrder">4</P>
    <P Name="Src">2346:1279#out:1</P>
    <P Name="Dst">2346:1221#in:1</P>
  </Line>
  <Line LineType="Connection">
    <P Name="ZOrder">5</P>
    <P Name="Src">2346:1219#rconn:3</P>
    <P Name="Dst">2346:1273#lconn:1</P>
  </Line>
  <Line LineType="Connection">
    <P Name="ZOrder">6</P>
    <P Name="Src">2346:1219#rconn:1</P>
    <P Name="Dst">2346:1222#lconn:1</P>
  </Line>
  <Line LineType="Connection">
    <P Name="ZOrder">7</P>
    <P Name="Src">2346:1219#rconn:2</P>
    <P Name="Dst">2346:1222#lconn:2</P>
  </Line>
  <Line LineType="Connection">
    <P Name="ZOrder">8</P>
    <P Name="Src">2346:1303#rconn:1</P>
    <P Name="Dst">2346:1219#lconn:2</P>
  </Line>
  <Line>
    <P Name="ZOrder">9</P>
    <P Name="Src">2346:1301#out:1</P>
    <P Name="Points">[360, 0; 0, -40]</P>
    <P Name="Dst">2346:1221#in:2</P>
  </Line>
  <Line>
    <P Name="ZOrder">10</P>
    <P Name="Src">2346:1222#out:1</P>
    <P Name="Points">[10, 0]</P>
    <P Name="Dst">2346:1279#in:1</P>
  </Line>
</System>
