<?xml version="1.0" encoding="UTF-8" standalone="yes" ?>
<cp:coreProperties xmlns:cp="http://schemas.openxmlformats.org/package/2006/metadata/core-properties" xmlns:dc="http://purl.org/dc/elements/1.1/" xmlns:dcmitype="http://purl.org/dc/dcmitype/" xmlns:dcterms="http://purl.org/dc/terms/" xmlns:xsi="http://www.w3.org/2001/XMLSchema-instance">
  <cp:category>model</cp:category>
  <dcterms:created xsi:type="dcterms:W3CDTF">2018-03-27T08:16:15Z</dcterms:created>
  <dc:creator>smiller</dc:creator>
  <dc:description>Aileron Actuation System

Copyright 2018-2022 The MathWorks, Inc.
</dc:description>
  <cp:lastModifiedBy>azmol</cp:lastModifiedBy>
  <dcterms:modified xsi:type="dcterms:W3CDTF">2023-07-14T19:48:19Z</dcterms:modified>
  <cp:revision>7.473</cp:revision>
  <cp:version>R2023a</cp:version>
</cp:coreProperties>
