<?xml version="1.0" encoding="utf-8"?>
<BlockDiagramDefaults>
  <BlockDefaults>
    <P Name="FontName">Arial</P>
    <P Name="FontSize">12</P>
  </BlockDefaults>
  <AnnotationDefaults>
    <P Name="FontName">Arial</P>
    <P Name="FontSize">12</P>
  </AnnotationDefaults>
  <LineDefaults>
    <P Name="FontName">Arial</P>
    <P Name="FontSize">11</P>
  </LineDefaults>
  <MaskDefaults SelfModifiable="off">
    <Display IconFrame="on" IconOpaque="opaque" RunInitForIconRedraw="analyze" IconRotate="none" PortRotate="default" IconUnits="autoscale"/>
    <MaskParameter Evaluate="on" Tunable="on" NeverSave="off" Internal="off" ReadOnly="off" Enabled="on" Visible="on" ToolTip="on"/>
    <DialogControl>
      <ControlOptions Visible="on" Enabled="on" Row="new" HorizontalStretch="on" PromptLocation="top" Orientation="horizontal" Scale="linear" TextType="Plain Text" Expand="off" ShowFilter="on" ShowParameterName="on" WordWrap="on" AlignPrompts="off"/>
    </DialogControl>
  </MaskDefaults>
</BlockDiagramDefaults>
