<?xml version="1.0" encoding="utf-8"?>
<ModelInformation Version="1.0">
  <Model>
    <P Name="ModelUUID">37eb7b01-ab0f-4a6b-acbc-87ae8dc1c88c</P>
    <P Name="PostLoadFcn">warning(&apos;off&apos;,&apos;sm:sli:setup:compile:LocalSolverNotSupported&apos;)</P>
    <P Name="SLXCompressionType">Normal</P>
    <P Name="CloseFcn">try,close(h1_sm_aileron_actuator),end
clear h1_sm_aileron_actuator
try,close(h2_sm_aileron_actuator),end
clear h2_sm_aileron_actuator
try,close(h3_sm_aileron_actuator),end
clear h3_sm_aileron_actuator
try,close(h4_sm_aileron_actuator),end
clear h4_sm_aileron_actuator


clear simlog_sm_aileron_actuator
clear logsout_sm_aileron_actuator</P>
    <P Name="InitFcn">thr = 5e-10;
thr_I = 1e-7;
Limit = 1;
thr_fz = 1e-3;
thr_disp = 1e-4;</P>
    <P Name="StartFcn">tic
</P>
    <P Name="StopFcn">Elapsed_Sim_Time = toc;</P>
    <P Name="LastSavedArchitecture">win64</P>
    <UserParameters>
      <P Name="PhysicalModelingChecksum">37074001</P>
      <P Name="PhysicalModelingParameterChecksum">4120102311</P>
      <P Name="PhysicalModelingProducts">Power_System_Blocks|SimDriveline|SimMechanics|Simscape</P>
    </UserParameters>
    <ConfigManagerSettings>
      <P Name="ModifiedByFormat">%&lt;Auto&gt;</P>
      <P Name="ModifiedDateFormat">%&lt;Auto&gt;</P>
      <P Name="ModelVersionFormat">%&lt;AutoIncrement:7.473&gt;</P>
    </ConfigManagerSettings>
    <EditorSettings>
      <P Name="ScheduleConnectors">off</P>
      <P Name="MultithreadedSim">on</P>
    </EditorSettings>
    <SimulationSettings>
      <P Name="SimulationMode">accelerator</P>
      <P Name="SimTabSimulationMode">accelerator</P>
      <P Name="EnablePacing">on</P>
      <P Name="PacingRate">1000</P>
      <Object PropName="DataLoggingOverride" ObjectID="1" ClassName="Simulink.SimulationData.ModelLoggingInfo">
        <P Name="model_" Class="char">$bdroot</P>
        <P Name="overrideMode_" Class="uint32">0U</P>
        <Array PropName="logAsSpecifiedByModels_" Type="Cell" Dimension="1*1">
          <Cell Class="char">$bdroot</Cell>
        </Array>
        <Array PropName="logAsSpecifiedByModelsSSIDs_" Type="Cell" Dimension="1*1">
          <Cell Class="double">[]</Cell>
        </Array>
      </Object>
      <Object PropName="InstrumentedSignals" ObjectID="2" ClassName="Simulink.HMI.InstrumentedSignals">
        <Array PropName="Persistence" Type="Struct" Dimension="3*1">
          <MATStruct>
            <Field Name="UUID" Class="char">47fca39e-d0ba-4ae5-abb1-4620549a243a</Field>
            <Field Name="BlockPath_" Class="char">Actuator</Field>
            <Field Name="SID_" Class="char">1142</Field>
            <Field Name="SubPath_" Class="char"/>
            <Field Name="OutputPortIndex_" Class="double">1.0</Field>
            <Field Name="LogicalPortIndex_" Class="double">0.0</Field>
            <Field Name="SignalName_" Class="char"/>
            <Field Name="SubSysPath_" Class="char"/>
            <Field Name="Decimation_" Class="double">1.0</Field>
            <Field Name="MaxPoints_" Class="double">0.0</Field>
            <Field Name="TargetBufferedStreaming_" Class="double">0.0</Field>
            <Field Name="IsFrameBased_" Class="double">0.0</Field>
            <Field Name="HideInSDI_" Class="double">0.0</Field>
            <Field Name="DomainType_" Class="char"/>
            <Array PropName="DomainParams_" Type="Struct" Dimension="1*1">
              <MATStruct/>
            </Array>
            <Field Name="VisualType_" Class="char"/>
          </MATStruct>
          <MATStruct>
            <Field Name="UUID" Class="char">4ab8f332-3d82-4d7d-a46f-93878ddecb80</Field>
            <Field Name="BlockPath_" Class="char">From</Field>
            <Field Name="SID_" Class="char">1256</Field>
            <Field Name="SubPath_" Class="char"/>
            <Field Name="OutputPortIndex_" Class="double">1.0</Field>
            <Field Name="LogicalPortIndex_" Class="double">0.0</Field>
            <Field Name="SignalName_" Class="char"/>
            <Field Name="SubSysPath_" Class="char"/>
            <Field Name="Decimation_" Class="double">1.0</Field>
            <Field Name="MaxPoints_" Class="double">0.0</Field>
            <Field Name="TargetBufferedStreaming_" Class="double">0.0</Field>
            <Field Name="IsFrameBased_" Class="double">0.0</Field>
            <Field Name="HideInSDI_" Class="double">0.0</Field>
            <Field Name="DomainType_" Class="char"/>
            <Array PropName="DomainParams_" Type="Struct" Dimension="1*1">
              <MATStruct/>
            </Array>
            <Field Name="VisualType_" Class="char"/>
          </MATStruct>
          <MATStruct>
            <Field Name="UUID" Class="char">24220be7-9299-497f-b2d0-b7474fc05637</Field>
            <Field Name="BlockPath_" Class="char">Mechanical</Field>
            <Field Name="SID_" Class="char">1069</Field>
            <Field Name="SubPath_" Class="char"/>
            <Field Name="OutputPortIndex_" Class="double">1.0</Field>
            <Field Name="LogicalPortIndex_" Class="double">0.0</Field>
            <Field Name="SignalName_" Class="char"/>
            <Field Name="SubSysPath_" Class="char"/>
            <Field Name="Decimation_" Class="double">1.0</Field>
            <Field Name="MaxPoints_" Class="double">0.0</Field>
            <Field Name="TargetBufferedStreaming_" Class="double">0.0</Field>
            <Field Name="IsFrameBased_" Class="double">0.0</Field>
            <Field Name="HideInSDI_" Class="double">0.0</Field>
            <Field Name="DomainType_" Class="char"/>
            <Array PropName="DomainParams_" Type="Struct" Dimension="1*1">
              <MATStruct/>
            </Array>
            <Field Name="VisualType_" Class="char"/>
          </MATStruct>
        </Array>
      </Object>
    </SimulationSettings>
    <EngineSettings>
      <P Name="ConfigurableSubsystemUsage">warning</P>
    </EngineSettings>
    <ConcurrentExecutionSettings>
      <Object PropName="DataTransfer" ObjectID="3" ClassName="Simulink.GlobalDataTransfer">
        <P Name="DefaultTransitionBetweenSyncTasks" Class="char">Ensure data integrity only</P>
        <P Name="DefaultTransitionBetweenAsyncTasks" Class="char">Ensure data integrity only</P>
        <P Name="DefaultTransitionBetweenContTasks" Class="char">Ensure data integrity only</P>
        <P Name="DefaultExtrapolationMethodBetweenContTasks" Class="char">None</P>
      </Object>
      <Object PropName="ModelMappings" ObjectID="4" ClassName="Simulink.CoderDictionary.ModelMappingSLC">
        <P Name="DummyName" Class="char"/>
        <P Name="Inports" Class="double">[]</P>
        <P Name="Outports" Class="double">[]</P>
        <P Name="ModelScopedParameters" Class="double">[]</P>
        <P Name="Parameters" Class="double">[]</P>
        <P Name="Signals" Class="double">[]</P>
        <P Name="DataStores" Class="double">[]</P>
        <Array PropName="States" Type="Simulink.CoderDictionary.StateMapping" Dimension="1*19">
          <Object ObjectID="5">
            <P Name="StateIdentifier" Class="int32">0</P>
            <P Name="Identifier" Class="int32">0</P>
            <Object Reference="true" PropName="ParentMapping" ObjectID="4"/>
            <Object PropName="MappedTo" ObjectID="6" ClassName="Simulink.DataReferenceClass">
              <P Name="MappedTo" Class="char">StorageClass</P>
              <P Name="StorageClass" Class="double">[]</P>
              <P Name="ServicePort" Class="double">[]</P>
              <P Name="CSCAttributes" Class="char"/>
              <P Name="MemorySection" Class="double">[]</P>
              <P Name="Identifier" Class="char"/>
            </Object>
            <P Name="BlockSID" Class="char">2183</P>
            <P Name="StereotypeProperties" Class="char"/>
          </Object>
          <Object ObjectID="7">
            <P Name="StateIdentifier" Class="int32">0</P>
            <P Name="Identifier" Class="int32">0</P>
            <Object Reference="true" PropName="ParentMapping" ObjectID="4"/>
            <Object PropName="MappedTo" ObjectID="8" ClassName="Simulink.DataReferenceClass">
              <P Name="MappedTo" Class="char">StorageClass</P>
              <P Name="StorageClass" Class="double">[]</P>
              <P Name="ServicePort" Class="double">[]</P>
              <P Name="CSCAttributes" Class="char"/>
              <P Name="MemorySection" Class="double">[]</P>
              <P Name="Identifier" Class="char"/>
            </Object>
            <P Name="BlockSID" Class="char">2189</P>
            <P Name="StereotypeProperties" Class="char"/>
          </Object>
          <Object ObjectID="9">
            <P Name="StateIdentifier" Class="int32">0</P>
            <P Name="Identifier" Class="int32">0</P>
            <Object Reference="true" PropName="ParentMapping" ObjectID="4"/>
            <Object PropName="MappedTo" ObjectID="10" ClassName="Simulink.DataReferenceClass">
              <P Name="MappedTo" Class="char">StorageClass</P>
              <P Name="StorageClass" Class="double">[]</P>
              <P Name="ServicePort" Class="double">[]</P>
              <P Name="CSCAttributes" Class="char"/>
              <P Name="MemorySection" Class="double">[]</P>
              <P Name="Identifier" Class="char"/>
            </Object>
            <P Name="BlockSID" Class="char">2178</P>
            <P Name="StereotypeProperties" Class="char"/>
          </Object>
          <Object ObjectID="11">
            <P Name="StateIdentifier" Class="int32">0</P>
            <P Name="Identifier" Class="int32">0</P>
            <Object Reference="true" PropName="ParentMapping" ObjectID="4"/>
            <Object PropName="MappedTo" ObjectID="12" ClassName="Simulink.DataReferenceClass">
              <P Name="MappedTo" Class="char">StorageClass</P>
              <P Name="StorageClass" Class="double">[]</P>
              <P Name="ServicePort" Class="double">[]</P>
              <P Name="CSCAttributes" Class="char"/>
              <P Name="MemorySection" Class="double">[]</P>
              <P Name="Identifier" Class="char"/>
            </Object>
            <P Name="BlockSID" Class="char">2349:1491</P>
            <P Name="StereotypeProperties" Class="char"/>
          </Object>
          <Object ObjectID="13">
            <P Name="StateIdentifier" Class="int32">0</P>
            <P Name="Identifier" Class="int32">0</P>
            <Object Reference="true" PropName="ParentMapping" ObjectID="4"/>
            <Object PropName="MappedTo" ObjectID="14" ClassName="Simulink.DataReferenceClass">
              <P Name="MappedTo" Class="char">StorageClass</P>
              <P Name="StorageClass" Class="double">[]</P>
              <P Name="ServicePort" Class="double">[]</P>
              <P Name="CSCAttributes" Class="char"/>
              <P Name="MemorySection" Class="double">[]</P>
              <P Name="Identifier" Class="char"/>
            </Object>
            <P Name="BlockSID" Class="char">2349:1580</P>
            <P Name="StereotypeProperties" Class="char"/>
          </Object>
          <Object ObjectID="15">
            <P Name="StateIdentifier" Class="int32">0</P>
            <P Name="Identifier" Class="int32">0</P>
            <Object Reference="true" PropName="ParentMapping" ObjectID="4"/>
            <Object PropName="MappedTo" ObjectID="16" ClassName="Simulink.DataReferenceClass">
              <P Name="MappedTo" Class="char">StorageClass</P>
              <P Name="StorageClass" Class="double">[]</P>
              <P Name="ServicePort" Class="double">[]</P>
              <P Name="CSCAttributes" Class="char"/>
              <P Name="MemorySection" Class="double">[]</P>
              <P Name="Identifier" Class="char"/>
            </Object>
            <P Name="BlockSID" Class="char">2528</P>
            <P Name="StereotypeProperties" Class="char"/>
          </Object>
          <Object ObjectID="17">
            <P Name="StateIdentifier" Class="int32">0</P>
            <P Name="Identifier" Class="int32">0</P>
            <Object Reference="true" PropName="ParentMapping" ObjectID="4"/>
            <Object PropName="MappedTo" ObjectID="18" ClassName="Simulink.DataReferenceClass">
              <P Name="MappedTo" Class="char">StorageClass</P>
              <P Name="StorageClass" Class="double">[]</P>
              <P Name="ServicePort" Class="double">[]</P>
              <P Name="CSCAttributes" Class="char"/>
              <P Name="MemorySection" Class="double">[]</P>
              <P Name="Identifier" Class="char"/>
            </Object>
            <P Name="BlockSID" Class="char">2529</P>
            <P Name="StereotypeProperties" Class="char"/>
          </Object>
          <Object ObjectID="19">
            <P Name="StateIdentifier" Class="int32">0</P>
            <P Name="Identifier" Class="int32">0</P>
            <Object Reference="true" PropName="ParentMapping" ObjectID="4"/>
            <Object PropName="MappedTo" ObjectID="20" ClassName="Simulink.DataReferenceClass">
              <P Name="MappedTo" Class="char">StorageClass</P>
              <P Name="StorageClass" Class="double">[]</P>
              <P Name="ServicePort" Class="double">[]</P>
              <P Name="CSCAttributes" Class="char"/>
              <P Name="MemorySection" Class="double">[]</P>
              <P Name="Identifier" Class="char"/>
            </Object>
            <P Name="BlockSID" Class="char">2531</P>
            <P Name="StereotypeProperties" Class="char"/>
          </Object>
          <Object ObjectID="21">
            <P Name="StateIdentifier" Class="int32">0</P>
            <P Name="Identifier" Class="int32">0</P>
            <Object Reference="true" PropName="ParentMapping" ObjectID="4"/>
            <Object PropName="MappedTo" ObjectID="22" ClassName="Simulink.DataReferenceClass">
              <P Name="MappedTo" Class="char">StorageClass</P>
              <P Name="StorageClass" Class="double">[]</P>
              <P Name="ServicePort" Class="double">[]</P>
              <P Name="CSCAttributes" Class="char"/>
              <P Name="MemorySection" Class="double">[]</P>
              <P Name="Identifier" Class="char"/>
            </Object>
            <P Name="BlockSID" Class="char">2546</P>
            <P Name="StereotypeProperties" Class="char"/>
          </Object>
          <Object ObjectID="23">
            <P Name="StateIdentifier" Class="int32">0</P>
            <P Name="Identifier" Class="int32">0</P>
            <Object Reference="true" PropName="ParentMapping" ObjectID="4"/>
            <Object PropName="MappedTo" ObjectID="24" ClassName="Simulink.DataReferenceClass">
              <P Name="MappedTo" Class="char">StorageClass</P>
              <P Name="StorageClass" Class="double">[]</P>
              <P Name="ServicePort" Class="double">[]</P>
              <P Name="CSCAttributes" Class="char"/>
              <P Name="MemorySection" Class="double">[]</P>
              <P Name="Identifier" Class="char"/>
            </Object>
            <P Name="BlockSID" Class="char">2565</P>
            <P Name="StereotypeProperties" Class="char"/>
          </Object>
          <Object ObjectID="25">
            <P Name="StateIdentifier" Class="int32">0</P>
            <P Name="Identifier" Class="int32">0</P>
            <Object Reference="true" PropName="ParentMapping" ObjectID="4"/>
            <Object PropName="MappedTo" ObjectID="26" ClassName="Simulink.DataReferenceClass">
              <P Name="MappedTo" Class="char">StorageClass</P>
              <P Name="StorageClass" Class="double">[]</P>
              <P Name="ServicePort" Class="double">[]</P>
              <P Name="CSCAttributes" Class="char"/>
              <P Name="MemorySection" Class="double">[]</P>
              <P Name="Identifier" Class="char"/>
            </Object>
            <P Name="BlockSID" Class="char">2566</P>
            <P Name="StereotypeProperties" Class="char"/>
          </Object>
          <Object ObjectID="27">
            <P Name="StateIdentifier" Class="int32">0</P>
            <P Name="Identifier" Class="int32">0</P>
            <Object Reference="true" PropName="ParentMapping" ObjectID="4"/>
            <Object PropName="MappedTo" ObjectID="28" ClassName="Simulink.DataReferenceClass">
              <P Name="MappedTo" Class="char">StorageClass</P>
              <P Name="StorageClass" Class="double">[]</P>
              <P Name="ServicePort" Class="double">[]</P>
              <P Name="CSCAttributes" Class="char"/>
              <P Name="MemorySection" Class="double">[]</P>
              <P Name="Identifier" Class="char"/>
            </Object>
            <P Name="BlockSID" Class="char">2567</P>
            <P Name="StereotypeProperties" Class="char"/>
          </Object>
          <Object ObjectID="29">
            <P Name="StateIdentifier" Class="int32">0</P>
            <P Name="Identifier" Class="int32">0</P>
            <Object Reference="true" PropName="ParentMapping" ObjectID="4"/>
            <Object PropName="MappedTo" ObjectID="30" ClassName="Simulink.DataReferenceClass">
              <P Name="MappedTo" Class="char">StorageClass</P>
              <P Name="StorageClass" Class="double">[]</P>
              <P Name="ServicePort" Class="double">[]</P>
              <P Name="CSCAttributes" Class="char"/>
              <P Name="MemorySection" Class="double">[]</P>
              <P Name="Identifier" Class="char"/>
            </Object>
            <P Name="BlockSID" Class="char">2568</P>
            <P Name="StereotypeProperties" Class="char"/>
          </Object>
          <Object ObjectID="31">
            <P Name="StateIdentifier" Class="int32">0</P>
            <P Name="Identifier" Class="int32">0</P>
            <Object Reference="true" PropName="ParentMapping" ObjectID="4"/>
            <Object PropName="MappedTo" ObjectID="32" ClassName="Simulink.DataReferenceClass">
              <P Name="MappedTo" Class="char">StorageClass</P>
              <P Name="StorageClass" Class="double">[]</P>
              <P Name="ServicePort" Class="double">[]</P>
              <P Name="CSCAttributes" Class="char"/>
              <P Name="MemorySection" Class="double">[]</P>
              <P Name="Identifier" Class="char"/>
            </Object>
            <P Name="BlockSID" Class="char">2569</P>
            <P Name="StereotypeProperties" Class="char"/>
          </Object>
          <Object ObjectID="33">
            <P Name="StateIdentifier" Class="int32">0</P>
            <P Name="Identifier" Class="int32">0</P>
            <Object Reference="true" PropName="ParentMapping" ObjectID="4"/>
            <Object PropName="MappedTo" ObjectID="34" ClassName="Simulink.DataReferenceClass">
              <P Name="MappedTo" Class="char">StorageClass</P>
              <P Name="StorageClass" Class="double">[]</P>
              <P Name="ServicePort" Class="double">[]</P>
              <P Name="CSCAttributes" Class="char"/>
              <P Name="MemorySection" Class="double">[]</P>
              <P Name="Identifier" Class="char"/>
            </Object>
            <P Name="BlockSID" Class="char">2570</P>
            <P Name="StereotypeProperties" Class="char"/>
          </Object>
          <Object ObjectID="35">
            <P Name="StateIdentifier" Class="int32">0</P>
            <P Name="Identifier" Class="int32">0</P>
            <Object Reference="true" PropName="ParentMapping" ObjectID="4"/>
            <Object PropName="MappedTo" ObjectID="36" ClassName="Simulink.DataReferenceClass">
              <P Name="MappedTo" Class="char">StorageClass</P>
              <P Name="StorageClass" Class="double">[]</P>
              <P Name="ServicePort" Class="double">[]</P>
              <P Name="CSCAttributes" Class="char"/>
              <P Name="MemorySection" Class="double">[]</P>
              <P Name="Identifier" Class="char"/>
            </Object>
            <P Name="BlockSID" Class="char">2571</P>
            <P Name="StereotypeProperties" Class="char"/>
          </Object>
          <Object ObjectID="37">
            <P Name="StateIdentifier" Class="int32">0</P>
            <P Name="Identifier" Class="int32">0</P>
            <Object Reference="true" PropName="ParentMapping" ObjectID="4"/>
            <Object PropName="MappedTo" ObjectID="38" ClassName="Simulink.DataReferenceClass">
              <P Name="MappedTo" Class="char">StorageClass</P>
              <P Name="StorageClass" Class="double">[]</P>
              <P Name="ServicePort" Class="double">[]</P>
              <P Name="CSCAttributes" Class="char"/>
              <P Name="MemorySection" Class="double">[]</P>
              <P Name="Identifier" Class="char"/>
            </Object>
            <P Name="BlockSID" Class="char">2572</P>
            <P Name="StereotypeProperties" Class="char"/>
          </Object>
          <Object ObjectID="39">
            <P Name="StateIdentifier" Class="int32">0</P>
            <P Name="Identifier" Class="int32">0</P>
            <Object Reference="true" PropName="ParentMapping" ObjectID="4"/>
            <Object PropName="MappedTo" ObjectID="40" ClassName="Simulink.DataReferenceClass">
              <P Name="MappedTo" Class="char">StorageClass</P>
              <P Name="StorageClass" Class="double">[]</P>
              <P Name="ServicePort" Class="double">[]</P>
              <P Name="CSCAttributes" Class="char"/>
              <P Name="MemorySection" Class="double">[]</P>
              <P Name="Identifier" Class="char"/>
            </Object>
            <P Name="BlockSID" Class="char">1924:1349</P>
            <P Name="StereotypeProperties" Class="char"/>
          </Object>
          <Object ObjectID="41">
            <P Name="StateIdentifier" Class="int32">0</P>
            <P Name="Identifier" Class="int32">0</P>
            <Object Reference="true" PropName="ParentMapping" ObjectID="4"/>
            <Object PropName="MappedTo" ObjectID="42" ClassName="Simulink.DataReferenceClass">
              <P Name="MappedTo" Class="char">StorageClass</P>
              <P Name="StorageClass" Class="double">[]</P>
              <P Name="ServicePort" Class="double">[]</P>
              <P Name="CSCAttributes" Class="char"/>
              <P Name="MemorySection" Class="double">[]</P>
              <P Name="Identifier" Class="char"/>
            </Object>
            <P Name="BlockSID" Class="char">1923:1346</P>
            <P Name="StereotypeProperties" Class="char"/>
          </Object>
        </Array>
        <Object PropName="DefaultsMapping" ObjectID="43" ClassName="Simulink.CoderDictionary.DefaultsMapping">
          <Object Reference="true" PropName="ParentMapping" ObjectID="4"/>
          <Object PropName="Inports" ObjectID="44" ClassName="Simulink.DataReferenceClass">
            <P Name="MappedTo" Class="char">StorageClass</P>
            <P Name="StorageClass" Class="double">[]</P>
            <P Name="ServicePort" Class="double">[]</P>
            <P Name="CSCAttributes" Class="char"/>
            <P Name="MemorySection" Class="double">[]</P>
            <P Name="Identifier" Class="char"/>
          </Object>
          <Object PropName="Outports" ObjectID="45" ClassName="Simulink.DataReferenceClass">
            <P Name="MappedTo" Class="char">StorageClass</P>
            <P Name="StorageClass" Class="double">[]</P>
            <P Name="ServicePort" Class="double">[]</P>
            <P Name="CSCAttributes" Class="char"/>
            <P Name="MemorySection" Class="double">[]</P>
            <P Name="Identifier" Class="char"/>
          </Object>
          <Object PropName="GlobalParameters" ObjectID="46" ClassName="Simulink.DataReferenceClass">
            <P Name="MappedTo" Class="char">StorageClass</P>
            <P Name="StorageClass" Class="double">[]</P>
            <P Name="ServicePort" Class="double">[]</P>
            <P Name="CSCAttributes" Class="char"/>
            <P Name="MemorySection" Class="double">[]</P>
            <P Name="Identifier" Class="char"/>
          </Object>
          <Object PropName="SharedParameters" ObjectID="47" ClassName="Simulink.DataReferenceClass">
            <P Name="MappedTo" Class="char">StorageClass</P>
            <P Name="StorageClass" Class="double">[]</P>
            <P Name="ServicePort" Class="double">[]</P>
            <P Name="CSCAttributes" Class="char"/>
            <P Name="MemorySection" Class="double">[]</P>
            <P Name="Identifier" Class="char"/>
          </Object>
          <Object PropName="PerInstanceParameters" ObjectID="48" ClassName="Simulink.DataReferenceClass">
            <P Name="MappedTo" Class="char">StorageClass</P>
            <P Name="StorageClass" Class="double">[]</P>
            <P Name="ServicePort" Class="double">[]</P>
            <P Name="CSCAttributes" Class="char"/>
            <P Name="MemorySection" Class="double">[]</P>
            <P Name="Identifier" Class="char"/>
          </Object>
          <Object PropName="SharedLocalDataStores" ObjectID="49" ClassName="Simulink.DataReferenceClass">
            <P Name="MappedTo" Class="char">StorageClass</P>
            <P Name="StorageClass" Class="double">[]</P>
            <P Name="ServicePort" Class="double">[]</P>
            <P Name="CSCAttributes" Class="char"/>
            <P Name="MemorySection" Class="double">[]</P>
            <P Name="Identifier" Class="char"/>
          </Object>
          <Object PropName="GlobalDataStores" ObjectID="50" ClassName="Simulink.DataReferenceClass">
            <P Name="MappedTo" Class="char">StorageClass</P>
            <P Name="StorageClass" Class="double">[]</P>
            <P Name="ServicePort" Class="double">[]</P>
            <P Name="CSCAttributes" Class="char"/>
            <P Name="MemorySection" Class="double">[]</P>
            <P Name="Identifier" Class="char"/>
          </Object>
          <Object PropName="InternalData" ObjectID="51" ClassName="Simulink.DataReferenceClass">
            <P Name="MappedTo" Class="char">StorageClass</P>
            <P Name="StorageClass" Class="double">[]</P>
            <P Name="ServicePort" Class="double">[]</P>
            <P Name="CSCAttributes" Class="char"/>
            <P Name="MemorySection" Class="double">[]</P>
            <P Name="Identifier" Class="char"/>
          </Object>
          <Object PropName="Constants" ObjectID="52" ClassName="Simulink.DataReferenceClass">
            <P Name="MappedTo" Class="char">StorageClass</P>
            <P Name="StorageClass" Class="double">[]</P>
            <P Name="ServicePort" Class="double">[]</P>
            <P Name="CSCAttributes" Class="char"/>
            <P Name="MemorySection" Class="double">[]</P>
            <P Name="Identifier" Class="char"/>
          </Object>
          <Object PropName="InitTermFunctions" ObjectID="53" ClassName="Simulink.FunctionReferenceClass">
            <P Name="FunctionClass" Class="double">[]</P>
            <P Name="MemorySection" Class="double">[]</P>
          </Object>
          <Object PropName="ExecutionFunctions" ObjectID="54" ClassName="Simulink.FunctionReferenceClass">
            <P Name="FunctionClass" Class="double">[]</P>
            <P Name="MemorySection" Class="double">[]</P>
          </Object>
          <Object PropName="SharedUtilityFunctions" ObjectID="55" ClassName="Simulink.FunctionReferenceClass">
            <P Name="FunctionClass" Class="double">[]</P>
            <P Name="MemorySection" Class="double">[]</P>
          </Object>
        </Object>
        <P Name="Name" Class="char">sm_aileron_actuator_SLC</P>
        <P Name="Active" Class="logical">1</P>
      </Object>
    </ConcurrentExecutionSettings>
    <ModelWorkspace>
      <P Name="WSDataSource">MATLAB File</P>
      <P Name="WSSourceFileName">aileronAssembly_DataFile.m</P>
    </ModelWorkspace>
    <System Ref="system_root"/>
  </Model>
</ModelInformation>
