<?xml version="1.0" encoding="UTF-8"?>
<sltp_editor version="1.1" packageUris="http://schema.mathworks.com/mf0/DiagramEditor/R2019a_20181107 http://schema.mathworks.com/mf0/SltpSyntax/R2023a_202207220222">
  <diagram.editor.model.Diagram type="diagram.editor.model.Diagram" uuid="6303d7dd-87ce-4dc7-8d1a-30e4907611b9">
    <entities type="diagram.editor.model.Entity" uuid="636eadbb-abb4-418f-b3ac-e13c57f3063f">
      <position>0,0</position>
      <size>0,0,100,100</size>
      <syntaxElement type="sltp.mm.syntax.Node" uuid="229c49a5-e606-4a35-8cf5-05a905f951f9"/>
      <title>Cont</title>
      <type>base</type>
      <subDiagram type="diagram.editor.model.Diagram" uuid="cd63df3c-851e-430b-b144-54d71e3ebee8">
        <position>0,0</position>
        <size>0,0,0,0</size>
        <syntaxElement type="sltp.mm.syntax.Graph" uuid="b361a2cf-c870-43a1-bd7e-6f45efc34412"/>
        <title>Cont</title>
        <type>graph.Graph</type>
      </subDiagram>
    </entities>
    <position>0,0</position>
    <size>0,0,0,0</size>
    <syntaxElement type="sltp.mm.syntax.Graph" uuid="8c71081f-036c-4e2b-83ad-5a0cd08fa3b5"/>
    <title>Default</title>
    <type>graph.Graph</type>
  </diagram.editor.model.Diagram>
  <sltp.mm.syntax.Context type="sltp.mm.syntax.Context" uuid="617b5c64-0484-4e89-8c4a-cb1a4a1dd4c7">
    <globalData type="sltp.mm.syntax.GlobalData" uuid="c68f7051-57d0-4bda-93d2-613244972c50">
      <dataName>port1Out1</dataName>
      <type>RootOutport</type>
    </globalData>
    <globalData type="sltp.mm.syntax.GlobalData" uuid="9005546d-0c51-4b6f-869c-a96ad0fff4e2">
      <dataName>portOut1</dataName>
      <type>RootOutport</type>
    </globalData>
    <rootGraph type="sltp.mm.syntax.Graph" uuid="8c71081f-036c-4e2b-83ad-5a0cd08fa3b5">
      <children type="sltp.mm.syntax.Node" uuid="229c49a5-e606-4a35-8cf5-05a905f951f9">
        <priority>40</priority>
        <rates type="sltp.mm.syntax.RateData">
          <color>#000000</color>
          <hasBlocks>true</hasBlocks>
          <rate>0</rate>
          <title>Cont</title>
        </rates>
        <rates type="sltp.mm.syntax.RateData">
          <color>#e60000</color>
          <hasBlocks>true</hasBlocks>
          <rate>0.01</rate>
          <title>D1</title>
        </rates>
        <title>Cont</title>
        <type>base</type>
        <diagramElement type="diagram.editor.model.Entity" uuid="636eadbb-abb4-418f-b3ac-e13c57f3063f"/>
        <subgraph type="sltp.mm.syntax.Graph" uuid="b361a2cf-c870-43a1-bd7e-6f45efc34412">
          <priorityDirection>HighNumberFirst</priorityDirection>
          <title>Cont</title>
          <diagramElement type="diagram.editor.model.Diagram" uuid="cd63df3c-851e-430b-b144-54d71e3ebee8"/>
        </subgraph>
      </children>
      <priorityDirection>HighNumberFirst</priorityDirection>
      <title>Default</title>
      <diagramElement type="diagram.editor.model.Diagram" uuid="6303d7dd-87ce-4dc7-8d1a-30e4907611b9"/>
    </rootGraph>
  </sltp.mm.syntax.Context>
</sltp_editor>