<?xml version="1.0" encoding="UTF-8"?>
<sltp_graph version="1.1" packageUris="http://schema.mathworks.com/mf0/sltp_mm/R2023a_202209151115">
  <sltp.mm.core.Context type="sltp.mm.core.Context" uuid="19435021-18f8-49bd-993c-fc8174615d87">
    <globalData type="sltp.mm.core.GlobalData" uuid="4a8e90a2-6923-4a2e-b110-41293f6f214f">
      <dataName>port1Out1</dataName>
      <type>RootOutport</type>
    </globalData>
    <globalData type="sltp.mm.core.GlobalData" uuid="17de3b07-2a9a-43de-a924-d2afca8c0a72">
      <dataName>portOut1</dataName>
      <type>RootOutport</type>
    </globalData>
    <defaultEventBehavior type="sltp.mm.core.EventBehavior" uuid="1f82c79b-7b60-4c3d-97ff-51a539c8daf2"/>
    <editorState type="sltp.mm.core.EditorState" uuid="b0fe4442-f291-4742-8c86-75149f766852">
      <isSynchronized>true</isSynchronized>
      <panelState type="sltp.mm.core.EditorPanelState" uuid="1edce3b8-905a-4748-90b9-504489b2579e"/>
    </editorState>
    <rootTask type="sltp.mm.core.Task" uuid="dd417af6-2ca1-42c0-b7ce-41f789081266">
      <context type="sltp.mm.core.Context" uuid="19435021-18f8-49bd-993c-fc8174615d87"/>
      <explicit>false</explicit>
      <name>Default</name>
      <priority>-2147483648</priority>
      <subgraph type="sltp.mm.core.Graph" uuid="fe990e0b-78d5-4393-aa61-d82b90a2b3d5">
        <tasks type="sltp.mm.core.Task" uuid="71734821-cfc2-4b58-be7d-e9cbbb2e5143">
          <baseTask>true</baseTask>
          <context type="sltp.mm.core.Context" uuid="19435021-18f8-49bd-993c-fc8174615d87"/>
          <explicit>false</explicit>
          <id>1</id>
          <isTimed>true</isTimed>
          <name>Cont</name>
          <priority>40</priority>
          <rates type="sltp.mm.core.Rate" uuid="5325f30e-2573-4b57-a6f4-77f9ce41fee2">
            <annotation>Cont</annotation>
            <color>255</color>
            <hasBlocks>true</hasBlocks>
            <rateIndex>0</rateIndex>
            <rateSpec type="sltp.mm.core.RateSpec">
              <period>0.0</period>
            </rateSpec>
            <sti>0</sti>
          </rates>
          <rates type="sltp.mm.core.Rate" uuid="26254cd2-6a1c-49d7-b99e-7cf5d7daa4a2">
            <annotation>D1</annotation>
            <color>-436207361</color>
            <hasBlocks>true</hasBlocks>
            <rateIndex>1</rateIndex>
            <rateSpec type="sltp.mm.core.RateSpec">
              <period>.01</period>
            </rateSpec>
            <sti>1</sti>
          </rates>
        </tasks>
      </subgraph>
    </rootTask>
  </sltp.mm.core.Context>
</sltp_graph>